path,label,group_id,source,license,fst
fitzpatrick17k_hf/images/img_0.jpg,keratose_actinique,HAM_HAM_0002954,HAM10000,CC-BY-NC-4.0,
fitzpatrick17k_hf/images/img_1.jpg,keratose_actinique,HAM_HAM_0005389,HAM10000,CC-BY-NC-4.0,
fitzpatrick17k_hf/images/img_2.jpg,keratose_actinique,HAM_HAM_0003380,HAM10000,CC-BY-NC-4.0,
fitzpatrick17k_hf/images/img_3.jpg,keratose_actinique,HAM_HAM_0005505,HAM10000,CC-BY-NC-4.0,
fitzpatrick17k_hf/images/img_4.jpg,keratose_actinique,HAM_HAM_0004568,HAM10000,CC-BY-NC-4.0,
fitzpatrick17k_hf/images/img_5.jpg,keratose_actinique,HAM_HAM_0006301,HAM10000,CC-BY-NC-4.0,
fitzpatrick17k_hf/images/img_6.jpg,keratose_actinique,HAM_HAM_0006220,HAM10000,CC-BY-NC-4.0,
fitzpatrick17k_hf/images/img_7.jpg,keratose_actinique,HAM_HAM_0001505,HAM10000,CC-BY-NC-4.0,
fitzpatrick17k_hf/images/img_8.jpg,keratose_actinique,HAM_HAM_0001894,HAM10000,CC-BY-NC-4.0,
fitzpatrick17k_hf/images/img_9.jpg,keratose_actinique,HAM_HAM_0005650,HAM10000,CC-BY-NC-4.0,
fitzpatrick17k_hf/images/img_10.jpg,keratose_actinique,HAM_HAM_0002551,HAM10000,CC-BY-NC-4.0,
fitzpatrick17k_hf/images/img_11.jpg,keratose_actinique,HAM_HAM_0002745,HAM10000,CC-BY-NC-4.0,
fitzpatrick17k_hf/images/img_12.jpg,keratose_actinique,HAM_HAM_0004722,HAM10000,CC-BY-NC-4.0,
fitzpatrick17k_hf/images/img_13.jpg,keratose_actinique,HAM_HAM_0000005,HAM10000,CC-BY-NC-4.0,
fitzpatrick17k_hf/images/img_14.jpg,keratose_actinique,HAM_HAM_0006252,HAM10000,CC-BY-NC-4.0,
fitzpatrick17k_hf/images/img_15.jpg,keratose_actinique,HAM_HAM_0005705,HAM10000,CC-BY-NC-4.0,
fitzpatrick17k_hf/images/img_16.jpg,keratose_actinique,HAM_HAM_0005448,HAM10000,CC-BY-NC-4.0,
fitzpatrick17k_hf/images/img_17.jpg,keratose_actinique,HAM_HAM_0004609,HAM10000,CC-BY-NC-4.0,
fitzpatrick17k_hf/images/img_18.jpg,keratose_actinique,HAM_HAM_0006524,HAM10000,CC-BY-NC-4.0,
fitzpatrick17k_hf/images/img_19.jpg,keratose_actinique,HAM_HAM_0006301,HAM10000,CC-BY-NC-4.0,
fitzpatrick17k_hf/images/img_20.jpg,keratose_actinique,HAM_HAM_0007088,HAM10000,CC-BY-NC-4.0,
fitzpatrick17k_hf/images/img_21.jpg,keratose_actinique,HAM_HAM_0004376,HAM10000,CC-BY-NC-4.0,
fitzpatrick17k_hf/images/img_22.jpg,keratose_actinique,HAM_HAM_0001495,HAM10000,CC-BY-NC-4.0,
fitzpatrick17k_hf/images/img_23.jpg,keratose_actinique,HAM_HAM_0001004,HAM10000,CC-BY-NC-4.0,
fitzpatrick17k_hf/images/img_24.jpg,keratose_actinique,HAM_HAM_0006592,HAM10000,CC-BY-NC-4.0,
fitzpatrick17k_hf/images/img_25.jpg,keratose_actinique,HAM_HAM_0005264,HAM10000,CC-BY-NC-4.0,
fitzpatrick17k_hf/images/img_26.jpg,keratose_actinique,HAM_HAM_0004034,HAM10000,CC-BY-NC-4.0,
fitzpatrick17k_hf/images/img_27.jpg,keratose_actinique,HAM_HAM_0003105,HAM10000,CC-BY-NC-4.0,
fitzpatrick17k_hf/images/img_28.jpg,keratose_actinique,HAM_HAM_0006222,HAM10000,CC-BY-NC-4.0,
fitzpatrick17k_hf/images/img_29.jpg,keratose_actinique,HAM_HAM_0002705,HAM10000,CC-BY-NC-4.0,
fitzpatrick17k_hf/images/img_30.jpg,keratose_actinique,HAM_HAM_0000718,HAM10000,CC-BY-NC-4.0,
fitzpatrick17k_hf/images/img_31.jpg,keratose_actinique,HAM_HAM_0005282,HAM10000,CC-BY-NC-4.0,
fitzpatrick17k_hf/images/img_32.jpg,keratose_actinique,HAM_HAM_0006213,HAM10000,CC-BY-NC-4.0,
fitzpatrick17k_hf/images/img_33.jpg,keratose_actinique,HAM_HAM_0005924,HAM10000,CC-BY-NC-4.0,
fitzpatrick17k_hf/images/img_34.jpg,keratose_actinique,HAM_HAM_0005231,HAM10000,CC-BY-NC-4.0,
fitzpatrick17k_hf/images/img_35.jpg,keratose_actinique,HAM_HAM_0007623,HAM10000,CC-BY-NC-4.0,
fitzpatrick17k_hf/images/img_36.jpg,keratose_actinique,HAM_HAM_0003195,HAM10000,CC-BY-NC-4.0,
fitzpatrick17k_hf/images/img_37.jpg,keratose_actinique,HAM_HAM_0001258,HAM10000,CC-BY-NC-4.0,
fitzpatrick17k_hf/images/img_38.jpg,keratose_actinique,HAM_HAM_0005701,HAM10000,CC-BY-NC-4.0,
fitzpatrick17k_hf/images/img_39.jpg,keratose_actinique,HAM_HAM_0004398,HAM10000,CC-BY-NC-4.0,
fitzpatrick17k_hf/images/img_40.jpg,keratose_actinique,HAM_HAM_0004472,HAM10000,CC-BY-NC-4.0,
fitzpatrick17k_hf/images/img_41.jpg,keratose_actinique,HAM_HAM_0002158,HAM10000,CC-BY-NC-4.0,
fitzpatrick17k_hf/images/img_42.jpg,keratose_actinique,HAM_HAM_0001416,HAM10000,CC-BY-NC-4.0,
fitzpatrick17k_hf/images/img_43.jpg,keratose_actinique,HAM_HAM_0001967,HAM10000,CC-BY-NC-4.0,
fitzpatrick17k_hf/images/img_44.jpg,keratose_actinique,HAM_HAM_0000967,HAM10000,CC-BY-NC-4.0,
fitzpatrick17k_hf/images/img_45.jpg,keratose_actinique,HAM_HAM_0000005,HAM10000,CC-BY-NC-4.0,
fitzpatrick17k_hf/images/img_46.jpg,keratose_actinique,HAM_HAM_0007047,HAM10000,CC-BY-NC-4.0,
fitzpatrick17k_hf/images/img_47.jpg,keratose_actinique,HAM_HAM_0001460,HAM10000,CC-BY-NC-4.0,
fitzpatrick17k_hf/images/img_48.jpg,keratose_actinique,HAM_HAM_0002472,HAM10000,CC-BY-NC-4.0,
fitzpatrick17k_hf/images/img_49.jpg,keratose_actinique,HAM_HAM_0005117,HAM10000,CC-BY-NC-4.0,
fitzpatrick17k_hf/images/img_50.jpg,keratose_actinique,HAM_HAM_0006587,HAM10000,CC-BY-NC-4.0,
fitzpatrick17k_hf/images/img_51.jpg,keratose_actinique,HAM_HAM_0001004,HAM10000,CC-BY-NC-4.0,
fitzpatrick17k_hf/images/img_52.jpg,keratose_actinique,HAM_HAM_0005024,HAM10000,CC-BY-NC-4.0,
fitzpatrick17k_hf/images/img_53.jpg,keratose_actinique,HAM_HAM_0002261,HAM10000,CC-BY-NC-4.0,
fitzpatrick17k_hf/images/img_54.jpg,keratose_actinique,HAM_HAM_0005255,HAM10000,CC-BY-NC-4.0,
fitzpatrick17k_hf/images/img_55.jpg,keratose_actinique,HAM_HAM_0002232,HAM10000,CC-BY-NC-4.0,
fitzpatrick17k_hf/images/img_56.jpg,keratose_actinique,HAM_HAM_0004012,HAM10000,CC-BY-NC-4.0,
fitzpatrick17k_hf/images/img_57.jpg,keratose_actinique,HAM_HAM_0002672,HAM10000,CC-BY-NC-4.0,
fitzpatrick17k_hf/images/img_58.jpg,keratose_actinique,HAM_HAM_0002461,HAM10000,CC-BY-NC-4.0,
fitzpatrick17k_hf/images/img_59.jpg,keratose_actinique,HAM_HAM_0007047,HAM10000,CC-BY-NC-4.0,
fitzpatrick17k_hf/images/img_60.jpg,keratose_actinique,HAM_HAM_0005480,HAM10000,CC-BY-NC-4.0,
fitzpatrick17k_hf/images/img_61.jpg,keratose_actinique,HAM_HAM_0002882,HAM10000,CC-BY-NC-4.0,
fitzpatrick17k_hf/images/img_62.jpg,keratose_actinique,HAM_HAM_0006252,HAM10000,CC-BY-NC-4.0,
fitzpatrick17k_hf/images/img_63.jpg,keratose_actinique,HAM_HAM_0000552,HAM10000,CC-BY-NC-4.0,
fitzpatrick17k_hf/images/img_64.jpg,keratose_actinique,HAM_HAM_0000954,HAM10000,CC-BY-NC-4.0,
fitzpatrick17k_hf/images/img_65.jpg,keratose_actinique,HAM_HAM_0004992,HAM10000,CC-BY-NC-4.0,
fitzpatrick17k_hf/images/img_66.jpg,keratose_actinique,HAM_HAM_0005480,HAM10000,CC-BY-NC-4.0,
fitzpatrick17k_hf/images/img_67.jpg,keratose_actinique,HAM_HAM_0000549,HAM10000,CC-BY-NC-4.0,
fitzpatrick17k_hf/images/img_68.jpg,keratose_actinique,HAM_HAM_0000356,HAM10000,CC-BY-NC-4.0,
fitzpatrick17k_hf/images/img_69.jpg,keratose_actinique,HAM_HAM_0007349,HAM10000,CC-BY-NC-4.0,
fitzpatrick17k_hf/images/img_70.jpg,keratose_actinique,HAM_HAM_0003910,HAM10000,CC-BY-NC-4.0,
fitzpatrick17k_hf/images/img_71.jpg,keratose_actinique,HAM_HAM_0003895,HAM10000,CC-BY-NC-4.0,
fitzpatrick17k_hf/images/img_72.jpg,keratose_actinique,HAM_HAM_0000490,HAM10000,CC-BY-NC-4.0,
fitzpatrick17k_hf/images/img_73.jpg,keratose_actinique,HAM_HAM_0003262,HAM10000,CC-BY-NC-4.0,
fitzpatrick17k_hf/images/img_74.jpg,keratose_actinique,HAM_HAM_0003195,HAM10000,CC-BY-NC-4.0,
fitzpatrick17k_hf/images/img_75.jpg,keratose_actinique,HAM_HAM_0005301,HAM10000,CC-BY-NC-4.0,
fitzpatrick17k_hf/images/img_76.jpg,keratose_actinique,HAM_HAM_0003105,HAM10000,CC-BY-NC-4.0,
fitzpatrick17k_hf/images/img_77.jpg,keratose_actinique,HAM_HAM_0004846,HAM10000,CC-BY-NC-4.0,
fitzpatrick17k_hf/images/img_78.jpg,keratose_actinique,HAM_HAM_0007303,HAM10000,CC-BY-NC-4.0,
fitzpatrick17k_hf/images/img_79.jpg,keratose_actinique,HAM_HAM_0000456,HAM10000,CC-BY-NC-4.0,
fitzpatrick17k_hf/images/img_80.jpg,keratose_actinique,HAM_HAM_0001023,HAM10000,CC-BY-NC-4.0,
fitzpatrick17k_hf/images/img_81.jpg,keratose_actinique,HAM_HAM_0006481,HAM10000,CC-BY-NC-4.0,
fitzpatrick17k_hf/images/img_82.jpg,keratose_actinique,HAM_HAM_0005505,HAM10000,CC-BY-NC-4.0,
fitzpatrick17k_hf/images/img_83.jpg,keratose_actinique,HAM_HAM_0001048,HAM10000,CC-BY-NC-4.0,
fitzpatrick17k_hf/images/img_84.jpg,keratose_actinique,HAM_HAM_0002307,HAM10000,CC-BY-NC-4.0,
fitzpatrick17k_hf/images/img_85.jpg,keratose_actinique,HAM_HAM_0006875,HAM10000,CC-BY-NC-4.0,
fitzpatrick17k_hf/images/img_86.jpg,keratose_actinique,HAM_HAM_0005354,HAM10000,CC-BY-NC-4.0,
fitzpatrick17k_hf/images/img_87.jpg,keratose_actinique,HAM_HAM_0000545,HAM10000,CC-BY-NC-4.0,
fitzpatrick17k_hf/images/img_88.jpg,keratose_actinique,HAM_HAM_0005228,HAM10000,CC-BY-NC-4.0,
fitzpatrick17k_hf/images/img_89.jpg,keratose_actinique,HAM_HAM_0001565,HAM10000,CC-BY-NC-4.0,
fitzpatrick17k_hf/images/img_90.jpg,keratose_actinique,HAM_HAM_0000688,HAM10000,CC-BY-NC-4.0,
fitzpatrick17k_hf/images/img_91.jpg,keratose_actinique,HAM_HAM_0006560,HAM10000,CC-BY-NC-4.0,
fitzpatrick17k_hf/images/img_92.jpg,keratose_actinique,HAM_HAM_0001474,HAM10000,CC-BY-NC-4.0,
fitzpatrick17k_hf/images/img_93.jpg,keratose_actinique,HAM_HAM_0007308,HAM10000,CC-BY-NC-4.0,
fitzpatrick17k_hf/images/img_94.jpg,keratose_actinique,HAM_HAM_0004363,HAM10000,CC-BY-NC-4.0,
fitzpatrick17k_hf/images/img_95.jpg,keratose_actinique,HAM_HAM_0006180,HAM10000,CC-BY-NC-4.0,
fitzpatrick17k_hf/images/img_96.jpg,keratose_actinique,HAM_HAM_0003501,HAM10000,CC-BY-NC-4.0,
fitzpatrick17k_hf/images/img_97.jpg,keratose_actinique,HAM_HAM_0000909,HAM10000,CC-BY-NC-4.0,
fitzpatrick17k_hf/images/img_98.jpg,keratose_actinique,HAM_HAM_0001903,HAM10000,CC-BY-NC-4.0,
fitzpatrick17k_hf/images/img_99.jpg,keratose_actinique,HAM_HAM_0003146,HAM10000,CC-BY-NC-4.0,
fitzpatrick17k_hf/images/img_100.jpg,keratose_actinique,HAM_HAM_0001786,HAM10000,CC-BY-NC-4.0,
fitzpatrick17k_hf/images/img_101.jpg,keratose_actinique,HAM_HAM_0006893,HAM10000,CC-BY-NC-4.0,
fitzpatrick17k_hf/images/img_102.jpg,keratose_actinique,HAM_HAM_0003939,HAM10000,CC-BY-NC-4.0,
fitzpatrick17k_hf/images/img_103.jpg,keratose_actinique,HAM_HAM_0002705,HAM10000,CC-BY-NC-4.0,
fitzpatrick17k_hf/images/img_104.jpg,keratose_actinique,HAM_HAM_0007349,HAM10000,CC-BY-NC-4.0,
fitzpatrick17k_hf/images/img_105.jpg,keratose_actinique,HAM_HAM_0005310,HAM10000,CC-BY-NC-4.0,
fitzpatrick17k_hf/images/img_106.jpg,keratose_actinique,HAM_HAM_0003949,HAM10000,CC-BY-NC-4.0,
fitzpatrick17k_hf/images/img_107.jpg,keratose_actinique,HAM_HAM_0001520,HAM10000,CC-BY-NC-4.0,
fitzpatrick17k_hf/images/img_108.jpg,keratose_actinique,HAM_HAM_0000490,HAM10000,CC-BY-NC-4.0,
fitzpatrick17k_hf/images/img_109.jpg,keratose_actinique,HAM_HAM_0004462,HAM10000,CC-BY-NC-4.0,
fitzpatrick17k_hf/images/img_110.jpg,keratose_actinique,HAM_HAM_0003380,HAM10000,CC-BY-NC-4.0,
fitzpatrick17k_hf/images/img_111.jpg,keratose_actinique,HAM_HAM_0007601,HAM10000,CC-BY-NC-4.0,
fitzpatrick17k_hf/images/img_112.jpg,keratose_actinique,HAM_HAM_0004033,HAM10000,CC-BY-NC-4.0,
fitzpatrick17k_hf/images/img_113.jpg,keratose_actinique,HAM_HAM_0006482,HAM10000,CC-BY-NC-4.0,
fitzpatrick17k_hf/images/img_114.jpg,keratose_actinique,HAM_HAM_0004568,HAM10000,CC-BY-NC-4.0,
fitzpatrick17k_hf/images/img_115.jpg,keratose_actinique,HAM_HAM_0007601,HAM10000,CC-BY-NC-4.0,
fitzpatrick17k_hf/images/img_116.jpg,keratose_actinique,HAM_HAM_0004297,HAM10000,CC-BY-NC-4.0,
fitzpatrick17k_hf/images/img_117.jpg,keratose_actinique,HAM_HAM_0007622,HAM10000,CC-BY-NC-4.0,
fitzpatrick17k_hf/images/img_118.jpg,keratose_actinique,HAM_HAM_0005958,HAM10000,CC-BY-NC-4.0,
fitzpatrick17k_hf/images/img_119.jpg,keratose_actinique,HAM_HAM_0005648,HAM10000,CC-BY-NC-4.0,
fitzpatrick17k_hf/images/img_120.jpg,keratose_actinique,HAM_HAM_0006180,HAM10000,CC-BY-NC-4.0,
fitzpatrick17k_hf/images/img_121.jpg,keratose_actinique,HAM_HAM_0002648,HAM10000,CC-BY-NC-4.0,
fitzpatrick17k_hf/images/img_122.jpg,keratose_actinique,HAM_HAM_0001386,HAM10000,CC-BY-NC-4.0,
fitzpatrick17k_hf/images/img_123.jpg,keratose_actinique,HAM_HAM_0003586,HAM10000,CC-BY-NC-4.0,
fitzpatrick17k_hf/images/img_124.jpg,keratose_actinique,HAM_HAM_0001383,HAM10000,CC-BY-NC-4.0,
fitzpatrick17k_hf/images/img_125.jpg,keratose_actinique,HAM_HAM_0005438,HAM10000,CC-BY-NC-4.0,
fitzpatrick17k_hf/images/img_126.jpg,keratose_actinique,HAM_HAM_0007354,HAM10000,CC-BY-NC-4.0,
fitzpatrick17k_hf/images/img_127.jpg,keratose_actinique,HAM_HAM_0006481,HAM10000,CC-BY-NC-4.0,
fitzpatrick17k_hf/images/img_128.jpg,keratose_actinique,HAM_HAM_0003934,HAM10000,CC-BY-NC-4.0,
fitzpatrick17k_hf/images/img_129.jpg,keratose_actinique,HAM_HAM_0001526,HAM10000,CC-BY-NC-4.0,
fitzpatrick17k_hf/images/img_130.jpg,keratose_actinique,HAM_HAM_0006560,HAM10000,CC-BY-NC-4.0,
fitzpatrick17k_hf/images/img_131.jpg,keratose_actinique,HAM_HAM_0004034,HAM10000,CC-BY-NC-4.0,
fitzpatrick17k_hf/images/img_132.jpg,keratose_actinique,HAM_HAM_0006024,HAM10000,CC-BY-NC-4.0,
fitzpatrick17k_hf/images/img_133.jpg,keratose_actinique,HAM_HAM_0003455,HAM10000,CC-BY-NC-4.0,
fitzpatrick17k_hf/images/img_134.jpg,keratose_actinique,HAM_HAM_0004899,HAM10000,CC-BY-NC-4.0,
fitzpatrick17k_hf/images/img_135.jpg,keratose_actinique,HAM_HAM_0000193,HAM10000,CC-BY-NC-4.0,
fitzpatrick17k_hf/images/img_136.jpg,keratose_actinique,HAM_HAM_0003455,HAM10000,CC-BY-NC-4.0,
fitzpatrick17k_hf/images/img_137.jpg,keratose_actinique,HAM_HAM_0006560,HAM10000,CC-BY-NC-4.0,
fitzpatrick17k_hf/images/img_138.jpg,keratose_actinique,HAM_HAM_0006434,HAM10000,CC-BY-NC-4.0,
fitzpatrick17k_hf/images/img_139.jpg,keratose_actinique,HAM_HAM_0005413,HAM10000,CC-BY-NC-4.0,
fitzpatrick17k_hf/images/img_140.jpg,keratose_actinique,HAM_HAM_0002343,HAM10000,CC-BY-NC-4.0,
fitzpatrick17k_hf/images/img_141.jpg,keratose_actinique,HAM_HAM_0002734,HAM10000,CC-BY-NC-4.0,
fitzpatrick17k_hf/images/img_142.jpg,keratose_actinique,HAM_HAM_0001625,HAM10000,CC-BY-NC-4.0,
fitzpatrick17k_hf/images/img_143.jpg,keratose_actinique,HAM_HAM_0003688,HAM10000,CC-BY-NC-4.0,
fitzpatrick17k_hf/images/img_144.jpg,keratose_actinique,HAM_HAM_0003123,HAM10000,CC-BY-NC-4.0,
fitzpatrick17k_hf/images/img_145.jpg,keratose_actinique,HAM_HAM_0001219,HAM10000,CC-BY-NC-4.0,
fitzpatrick17k_hf/images/img_146.jpg,keratose_actinique,HAM_HAM_0005668,HAM10000,CC-BY-NC-4.0,
fitzpatrick17k_hf/images/img_147.jpg,keratose_actinique,HAM_HAM_0006482,HAM10000,CC-BY-NC-4.0,
fitzpatrick17k_hf/images/img_148.jpg,keratose_actinique,HAM_HAM_0004522,HAM10000,CC-BY-NC-4.0,
fitzpatrick17k_hf/images/img_149.jpg,keratose_actinique,HAM_HAM_0005579,HAM10000,CC-BY-NC-4.0,
fitzpatrick17k_hf/images/img_150.jpg,keratose_actinique,HAM_HAM_0004976,HAM10000,CC-BY-NC-4.0,
fitzpatrick17k_hf/images/img_151.jpg,keratose_actinique,HAM_HAM_0006220,HAM10000,CC-BY-NC-4.0,
fitzpatrick17k_hf/images/img_152.jpg,keratose_actinique,HAM_HAM_0002646,HAM10000,CC-BY-NC-4.0,
fitzpatrick17k_hf/images/img_153.jpg,keratose_actinique,HAM_HAM_0001565,HAM10000,CC-BY-NC-4.0,
fitzpatrick17k_hf/images/img_154.jpg,keratose_actinique,HAM_HAM_0001176,HAM10000,CC-BY-NC-4.0,
fitzpatrick17k_hf/images/img_155.jpg,keratose_actinique,HAM_HAM_0002070,HAM10000,CC-BY-NC-4.0,
fitzpatrick17k_hf/images/img_156.jpg,keratose_actinique,HAM_HAM_0005282,HAM10000,CC-BY-NC-4.0,
fitzpatrick17k_hf/images/img_157.jpg,keratose_actinique,HAM_HAM_0000832,HAM10000,CC-BY-NC-4.0,
fitzpatrick17k_hf/images/img_158.jpg,keratose_actinique,HAM_HAM_0004568,HAM10000,CC-BY-NC-4.0,
fitzpatrick17k_hf/images/img_159.jpg,keratose_actinique,HAM_HAM_0003123,HAM10000,CC-BY-NC-4.0,
fitzpatrick17k_hf/images/img_160.jpg,keratose_actinique,HAM_HAM_0000931,HAM10000,CC-BY-NC-4.0,
fitzpatrick17k_hf/images/img_161.jpg,keratose_actinique,HAM_HAM_0005356,HAM10000,CC-BY-NC-4.0,
fitzpatrick17k_hf/images/img_162.jpg,keratose_actinique,HAM_HAM_0001593,HAM10000,CC-BY-NC-4.0,
fitzpatrick17k_hf/images/img_163.jpg,keratose_actinique,HAM_HAM_0006180,HAM10000,CC-BY-NC-4.0,
fitzpatrick17k_hf/images/img_164.jpg,keratose_actinique,HAM_HAM_0003401,HAM10000,CC-BY-NC-4.0,
fitzpatrick17k_hf/images/img_165.jpg,keratose_actinique,HAM_HAM_0004384,HAM10000,CC-BY-NC-4.0,
fitzpatrick17k_hf/images/img_166.jpg,keratose_actinique,HAM_HAM_0006898,HAM10000,CC-BY-NC-4.0,
fitzpatrick17k_hf/images/img_167.jpg,keratose_actinique,HAM_HAM_0005231,HAM10000,CC-BY-NC-4.0,
fitzpatrick17k_hf/images/img_168.jpg,keratose_actinique,HAM_HAM_0002771,HAM10000,CC-BY-NC-4.0,
fitzpatrick17k_hf/images/img_169.jpg,keratose_actinique,HAM_HAM_0000498,HAM10000,CC-BY-NC-4.0,
fitzpatrick17k_hf/images/img_170.jpg,keratose_actinique,HAM_HAM_0000918,HAM10000,CC-BY-NC-4.0,
fitzpatrick17k_hf/images/img_171.jpg,keratose_actinique,HAM_HAM_0004592,HAM10000,CC-BY-NC-4.0,
fitzpatrick17k_hf/images/img_172.jpg,keratose_actinique,HAM_HAM_0004060,HAM10000,CC-BY-NC-4.0,
fitzpatrick17k_hf/images/img_173.jpg,keratose_actinique,HAM_HAM_0005459,HAM10000,CC-BY-NC-4.0,
fitzpatrick17k_hf/images/img_174.jpg,keratose_actinique,HAM_HAM_0000769,HAM10000,CC-BY-NC-4.0,
fitzpatrick17k_hf/images/img_175.jpg,keratose_actinique,HAM_HAM_0005579,HAM10000,CC-BY-NC-4.0,
fitzpatrick17k_hf/images/img_176.jpg,keratose_actinique,HAM_HAM_0004780,HAM10000,CC-BY-NC-4.0,
fitzpatrick17k_hf/images/img_177.jpg,keratose_actinique,HAM_HAM_0000549,HAM10000,CC-BY-NC-4.0,
fitzpatrick17k_hf/images/img_178.jpg,keratose_actinique,HAM_HAM_0005413,HAM10000,CC-BY-NC-4.0,
fitzpatrick17k_hf/images/img_179.jpg,keratose_actinique,HAM_HAM_0005264,HAM10000,CC-BY-NC-4.0,
fitzpatrick17k_hf/images/img_180.jpg,keratose_actinique,HAM_HAM_0002644,HAM10000,CC-BY-NC-4.0,
fitzpatrick17k_hf/images/img_181.jpg,keratose_actinique,HAM_HAM_0000545,HAM10000,CC-BY-NC-4.0,
fitzpatrick17k_hf/images/img_182.jpg,keratose_actinique,HAM_HAM_0007349,HAM10000,CC-BY-NC-4.0,
fitzpatrick17k_hf/images/img_183.jpg,keratose_actinique,HAM_HAM_0006887,HAM10000,CC-BY-NC-4.0,
fitzpatrick17k_hf/images/img_184.jpg,keratose_actinique,HAM_HAM_0005389,HAM10000,CC-BY-NC-4.0,
fitzpatrick17k_hf/images/img_185.jpg,keratose_actinique,HAM_HAM_0004636,HAM10000,CC-BY-NC-4.0,
fitzpatrick17k_hf/images/img_186.jpg,keratose_actinique,HAM_HAM_0005718,HAM10000,CC-BY-NC-4.0,
fitzpatrick17k_hf/images/img_187.jpg,keratose_actinique,HAM_HAM_0003146,HAM10000,CC-BY-NC-4.0,
fitzpatrick17k_hf/images/img_188.jpg,keratose_actinique,HAM_HAM_0006879,HAM10000,CC-BY-NC-4.0,
fitzpatrick17k_hf/images/img_189.jpg,keratose_actinique,HAM_HAM_0003501,HAM10000,CC-BY-NC-4.0,
fitzpatrick17k_hf/images/img_190.jpg,keratose_actinique,HAM_HAM_0003401,HAM10000,CC-BY-NC-4.0,
fitzpatrick17k_hf/images/img_191.jpg,keratose_actinique,HAM_HAM_0005459,HAM10000,CC-BY-NC-4.0,
fitzpatrick17k_hf/images/img_192.jpg,keratose_actinique,HAM_HAM_0003971,HAM10000,CC-BY-NC-4.0,
fitzpatrick17k_hf/images/img_193.jpg,keratose_actinique,HAM_HAM_0000005,HAM10000,CC-BY-NC-4.0,
fitzpatrick17k_hf/images/img_194.jpg,keratose_actinique,HAM_HAM_0000673,HAM10000,CC-BY-NC-4.0,
fitzpatrick17k_hf/images/img_195.jpg,keratose_actinique,HAM_HAM_0006036,HAM10000,CC-BY-NC-4.0,
fitzpatrick17k_hf/images/img_196.jpg,keratose_actinique,HAM_HAM_0000859,HAM10000,CC-BY-NC-4.0,
fitzpatrick17k_hf/images/img_197.jpg,keratose_actinique,HAM_HAM_0002646,HAM10000,CC-BY-NC-4.0,
fitzpatrick17k_hf/images/img_198.jpg,keratose_actinique,HAM_HAM_0003157,HAM10000,CC-BY-NC-4.0,
fitzpatrick17k_hf/images/img_199.jpg,keratose_actinique,HAM_HAM_0002699,HAM10000,CC-BY-NC-4.0,
fitzpatrick17k_hf/images/img_200.jpg,keratose_actinique,HAM_HAM_0006024,HAM10000,CC-BY-NC-4.0,
fitzpatrick17k_hf/images/img_201.jpg,keratose_actinique,HAM_HAM_0004809,HAM10000,CC-BY-NC-4.0,
fitzpatrick17k_hf/images/img_202.jpg,keratose_actinique,HAM_HAM_0000769,HAM10000,CC-BY-NC-4.0,
fitzpatrick17k_hf/images/img_203.jpg,keratose_actinique,HAM_HAM_0001967,HAM10000,CC-BY-NC-4.0,
fitzpatrick17k_hf/images/img_204.jpg,keratose_actinique,HAM_HAM_0005551,HAM10000,CC-BY-NC-4.0,
fitzpatrick17k_hf/images/img_205.jpg,keratose_actinique,HAM_HAM_0006002,HAM10000,CC-BY-NC-4.0,
fitzpatrick17k_hf/images/img_206.jpg,keratose_actinique,HAM_HAM_0005889,HAM10000,CC-BY-NC-4.0,
fitzpatrick17k_hf/images/img_207.jpg,keratose_actinique,HAM_HAM_0004722,HAM10000,CC-BY-NC-4.0,
fitzpatrick17k_hf/images/img_208.jpg,keratose_actinique,HAM_HAM_0007008,HAM10000,CC-BY-NC-4.0,
fitzpatrick17k_hf/images/img_209.jpg,keratose_actinique,HAM_HAM_0007085,HAM10000,CC-BY-NC-4.0,
fitzpatrick17k_hf/images/img_210.jpg,keratose_actinique,HAM_HAM_0001152,HAM10000,CC-BY-NC-4.0,
fitzpatrick17k_hf/images/img_211.jpg,keratose_actinique,HAM_HAM_0006434,HAM10000,CC-BY-NC-4.0,
fitzpatrick17k_hf/images/img_212.jpg,keratose_actinique,HAM_HAM_0005978,HAM10000,CC-BY-NC-4.0,
fitzpatrick17k_hf/images/img_213.jpg,keratose_actinique,HAM_HAM_0005255,HAM10000,CC-BY-NC-4.0,
fitzpatrick17k_hf/images/img_214.jpg,keratose_actinique,HAM_HAM_0003051,HAM10000,CC-BY-NC-4.0,
fitzpatrick17k_hf/images/img_215.jpg,keratose_actinique,HAM_HAM_0003161,HAM10000,CC-BY-NC-4.0,
fitzpatrick17k_hf/images/img_216.jpg,keratose_actinique,HAM_HAM_0006898,HAM10000,CC-BY-NC-4.0,
fitzpatrick17k_hf/images/img_217.jpg,keratose_actinique,HAM_HAM_0004780,HAM10000,CC-BY-NC-4.0,
fitzpatrick17k_hf/images/img_218.jpg,keratose_actinique,HAM_HAM_0003633,HAM10000,CC-BY-NC-4.0,
fitzpatrick17k_hf/images/img_219.jpg,keratose_actinique,HAM_HAM_0001621,HAM10000,CC-BY-NC-4.0,
fitzpatrick17k_hf/images/img_220.jpg,keratose_actinique,HAM_HAM_0004558,HAM10000,CC-BY-NC-4.0,
fitzpatrick17k_hf/images/img_221.jpg,keratose_actinique,HAM_HAM_0007199,HAM10000,CC-BY-NC-4.0,
fitzpatrick17k_hf/images/img_222.jpg,keratose_actinique,HAM_HAM_0007037,HAM10000,CC-BY-NC-4.0,
fitzpatrick17k_hf/images/img_223.jpg,keratose_actinique,HAM_HAM_0005650,HAM10000,CC-BY-NC-4.0,
fitzpatrick17k_hf/images/img_224.jpg,keratose_actinique,HAM_HAM_0002061,HAM10000,CC-BY-NC-4.0,
fitzpatrick17k_hf/images/img_225.jpg,keratose_actinique,HAM_HAM_0004655,HAM10000,CC-BY-NC-4.0,
fitzpatrick17k_hf/images/img_226.jpg,keratose_actinique,HAM_HAM_0000688,HAM10000,CC-BY-NC-4.0,
fitzpatrick17k_hf/images/img_227.jpg,keratose_actinique,HAM_HAM_0002441,HAM10000,CC-BY-NC-4.0,
fitzpatrick17k_hf/images/img_228.jpg,keratose_actinique,HAM_HAM_0002094,HAM10000,CC-BY-NC-4.0,
fitzpatrick17k_hf/images/img_229.jpg,keratose_actinique,HAM_HAM_0006875,HAM10000,CC-BY-NC-4.0,
fitzpatrick17k_hf/images/img_230.jpg,keratose_actinique,HAM_HAM_0000005,HAM10000,CC-BY-NC-4.0,
fitzpatrick17k_hf/images/img_231.jpg,keratose_actinique,HAM_HAM_0007555,HAM10000,CC-BY-NC-4.0,
fitzpatrick17k_hf/images/img_232.jpg,keratose_actinique,HAM_HAM_0000356,HAM10000,CC-BY-NC-4.0,
fitzpatrick17k_hf/images/img_233.jpg,keratose_actinique,HAM_HAM_0001890,HAM10000,CC-BY-NC-4.0,
fitzpatrick17k_hf/images/img_234.jpg,keratose_actinique,HAM_HAM_0003989,HAM10000,CC-BY-NC-4.0,
fitzpatrick17k_hf/images/img_235.jpg,keratose_actinique,HAM_HAM_0004592,HAM10000,CC-BY-NC-4.0,
fitzpatrick17k_hf/images/img_236.jpg,keratose_actinique,HAM_HAM_0004609,HAM10000,CC-BY-NC-4.0,
fitzpatrick17k_hf/images/img_237.jpg,keratose_actinique,HAM_HAM_0002185,HAM10000,CC-BY-NC-4.0,
fitzpatrick17k_hf/images/img_238.jpg,keratose_actinique,HAM_HAM_0004012,HAM10000,CC-BY-NC-4.0,
fitzpatrick17k_hf/images/img_239.jpg,keratose_actinique,HAM_HAM_0006604,HAM10000,CC-BY-NC-4.0,
fitzpatrick17k_hf/images/img_240.jpg,keratose_actinique,HAM_HAM_0004060,HAM10000,CC-BY-NC-4.0,
fitzpatrick17k_hf/images/img_241.jpg,keratose_actinique,HAM_HAM_0004384,HAM10000,CC-BY-NC-4.0,
fitzpatrick17k_hf/images/img_242.jpg,keratose_actinique,HAM_HAM_0001173,HAM10000,CC-BY-NC-4.0,
fitzpatrick17k_hf/images/img_243.jpg,keratose_actinique,HAM_HAM_0003107,HAM10000,CC-BY-NC-4.0,
fitzpatrick17k_hf/images/img_244.jpg,keratose_actinique,HAM_HAM_0000193,HAM10000,CC-BY-NC-4.0,
fitzpatrick17k_hf/images/img_245.jpg,keratose_actinique,HAM_HAM_0005924,HAM10000,CC-BY-NC-4.0,
fitzpatrick17k_hf/images/img_246.jpg,keratose_actinique,HAM_HAM_0004439,HAM10000,CC-BY-NC-4.0,
fitzpatrick17k_hf/images/img_247.jpg,keratose_actinique,HAM_HAM_0001453,HAM10000,CC-BY-NC-4.0,
fitzpatrick17k_hf/images/img_248.jpg,keratose_actinique,HAM_HAM_0005389,HAM10000,CC-BY-NC-4.0,
fitzpatrick17k_hf/images/img_249.jpg,keratose_actinique,HAM_HAM_0006898,HAM10000,CC-BY-NC-4.0,
fitzpatrick17k_hf/images/img_250.jpg,keratose_actinique,HAM_HAM_0006217,HAM10000,CC-BY-NC-4.0,
fitzpatrick17k_hf/images/img_251.jpg,keratose_actinique,HAM_HAM_0006135,HAM10000,CC-BY-NC-4.0,
fitzpatrick17k_hf/images/img_252.jpg,keratose_actinique,HAM_HAM_0004809,HAM10000,CC-BY-NC-4.0,
fitzpatrick17k_hf/images/img_253.jpg,keratose_actinique,HAM_HAM_0004243,HAM10000,CC-BY-NC-4.0,
fitzpatrick17k_hf/images/img_254.jpg,keratose_actinique,HAM_HAM_0005931,HAM10000,CC-BY-NC-4.0,
fitzpatrick17k_hf/images/img_255.jpg,keratose_actinique,HAM_HAM_0003422,HAM10000,CC-BY-NC-4.0,
fitzpatrick17k_hf/images/img_256.jpg,keratose_actinique,HAM_HAM_0004563,HAM10000,CC-BY-NC-4.0,
fitzpatrick17k_hf/images/img_257.jpg,keratose_actinique,HAM_HAM_0006524,HAM10000,CC-BY-NC-4.0,
fitzpatrick17k_hf/images/img_258.jpg,keratose_actinique,HAM_HAM_0000909,HAM10000,CC-BY-NC-4.0,
fitzpatrick17k_hf/images/img_259.jpg,keratose_actinique,HAM_HAM_0007008,HAM10000,CC-BY-NC-4.0,
fitzpatrick17k_hf/images/img_260.jpg,keratose_actinique,HAM_HAM_0000501,HAM10000,CC-BY-NC-4.0,
fitzpatrick17k_hf/images/img_261.jpg,keratose_actinique,HAM_HAM_0002441,HAM10000,CC-BY-NC-4.0,
fitzpatrick17k_hf/images/img_262.jpg,keratose_actinique,HAM_HAM_0004976,HAM10000,CC-BY-NC-4.0,
fitzpatrick17k_hf/images/img_263.jpg,keratose_actinique,HAM_HAM_0005705,HAM10000,CC-BY-NC-4.0,
fitzpatrick17k_hf/images/img_264.jpg,keratose_actinique,HAM_HAM_0004439,HAM10000,CC-BY-NC-4.0,
fitzpatrick17k_hf/images/img_265.jpg,keratose_actinique,HAM_HAM_0006902,HAM10000,CC-BY-NC-4.0,
fitzpatrick17k_hf/images/img_266.jpg,keratose_actinique,HAM_HAM_0001178,HAM10000,CC-BY-NC-4.0,
fitzpatrick17k_hf/images/img_267.jpg,keratose_actinique,HAM_HAM_0003157,HAM10000,CC-BY-NC-4.0,
fitzpatrick17k_hf/images/img_268.jpg,keratose_actinique,HAM_HAM_0004363,HAM10000,CC-BY-NC-4.0,
fitzpatrick17k_hf/images/img_269.jpg,keratose_actinique,HAM_HAM_0005264,HAM10000,CC-BY-NC-4.0,
fitzpatrick17k_hf/images/img_270.jpg,keratose_actinique,HAM_HAM_0004439,HAM10000,CC-BY-NC-4.0,
fitzpatrick17k_hf/images/img_271.jpg,keratose_actinique,HAM_HAM_0007131,HAM10000,CC-BY-NC-4.0,
fitzpatrick17k_hf/images/img_272.jpg,keratose_actinique,HAM_HAM_0005766,HAM10000,CC-BY-NC-4.0,
fitzpatrick17k_hf/images/img_273.jpg,keratose_actinique,HAM_HAM_0006301,HAM10000,CC-BY-NC-4.0,
fitzpatrick17k_hf/images/img_274.jpg,keratose_actinique,HAM_HAM_0004441,HAM10000,CC-BY-NC-4.0,
fitzpatrick17k_hf/images/img_275.jpg,keratose_actinique,HAM_HAM_0001922,HAM10000,CC-BY-NC-4.0,
fitzpatrick17k_hf/images/img_276.jpg,keratose_actinique,HAM_HAM_0003141,HAM10000,CC-BY-NC-4.0,
fitzpatrick17k_hf/images/img_277.jpg,keratose_actinique,HAM_HAM_0000020,HAM10000,CC-BY-NC-4.0,
fitzpatrick17k_hf/images/img_278.jpg,keratose_actinique,HAM_HAM_0001277,HAM10000,CC-BY-NC-4.0,
fitzpatrick17k_hf/images/img_279.jpg,keratose_actinique,HAM_HAM_0001499,HAM10000,CC-BY-NC-4.0,
fitzpatrick17k_hf/images/img_280.jpg,keratose_actinique,HAM_HAM_0001234,HAM10000,CC-BY-NC-4.0,
fitzpatrick17k_hf/images/img_281.jpg,keratose_actinique,HAM_HAM_0006887,HAM10000,CC-BY-NC-4.0,
fitzpatrick17k_hf/images/img_282.jpg,keratose_actinique,HAM_HAM_0003144,HAM10000,CC-BY-NC-4.0,
fitzpatrick17k_hf/images/img_283.jpg,keratose_actinique,HAM_HAM_0002307,HAM10000,CC-BY-NC-4.0,
fitzpatrick17k_hf/images/img_284.jpg,keratose_actinique,HAM_HAM_0001694,HAM10000,CC-BY-NC-4.0,
fitzpatrick17k_hf/images/img_285.jpg,keratose_actinique,HAM_HAM_0000361,HAM10000,CC-BY-NC-4.0,
fitzpatrick17k_hf/images/img_286.jpg,keratose_actinique,HAM_HAM_0005954,HAM10000,CC-BY-NC-4.0,
fitzpatrick17k_hf/images/img_287.jpg,keratose_actinique,HAM_HAM_0001302,HAM10000,CC-BY-NC-4.0,
fitzpatrick17k_hf/images/img_288.jpg,keratose_actinique,HAM_HAM_0000688,HAM10000,CC-BY-NC-4.0,
fitzpatrick17k_hf/images/img_289.jpg,keratose_actinique,HAM_HAM_0001624,HAM10000,CC-BY-NC-4.0,
fitzpatrick17k_hf/images/img_290.jpg,keratose_actinique,HAM_HAM_0005027,HAM10000,CC-BY-NC-4.0,
fitzpatrick17k_hf/images/img_291.jpg,keratose_actinique,HAM_HAM_0003086,HAM10000,CC-BY-NC-4.0,
fitzpatrick17k_hf/images/img_292.jpg,keratose_actinique,HAM_HAM_0000982,HAM10000,CC-BY-NC-4.0,
fitzpatrick17k_hf/images/img_293.jpg,keratose_actinique,HAM_HAM_0006483,HAM10000,CC-BY-NC-4.0,
fitzpatrick17k_hf/images/img_294.jpg,keratose_actinique,HAM_HAM_0005459,HAM10000,CC-BY-NC-4.0,
fitzpatrick17k_hf/images/img_295.jpg,keratose_actinique,HAM_HAM_0007038,HAM10000,CC-BY-NC-4.0,
fitzpatrick17k_hf/images/img_296.jpg,keratose_actinique,HAM_HAM_0004384,HAM10000,CC-BY-NC-4.0,
fitzpatrick17k_hf/images/img_297.jpg,keratose_actinique,HAM_HAM_0007601,HAM10000,CC-BY-NC-4.0,
fitzpatrick17k_hf/images/img_298.jpg,keratose_actinique,HAM_HAM_0001337,HAM10000,CC-BY-NC-4.0,
fitzpatrick17k_hf/images/img_299.jpg,keratose_actinique,HAM_HAM_0000462,HAM10000,CC-BY-NC-4.0,
fitzpatrick17k_hf/images/img_300.jpg,keratose_actinique,HAM_HAM_0006442,HAM10000,CC-BY-NC-4.0,
fitzpatrick17k_hf/images/img_301.jpg,keratose_actinique,HAM_HAM_0006442,HAM10000,CC-BY-NC-4.0,
fitzpatrick17k_hf/images/img_302.jpg,keratose_actinique,HAM_HAM_0002867,HAM10000,CC-BY-NC-4.0,
fitzpatrick17k_hf/images/img_303.jpg,keratose_actinique,HAM_HAM_0004282,HAM10000,CC-BY-NC-4.0,
fitzpatrick17k_hf/images/img_304.jpg,keratose_actinique,HAM_HAM_0006442,HAM10000,CC-BY-NC-4.0,
fitzpatrick17k_hf/images/img_305.jpg,keratose_actinique,HAM_HAM_0004282,HAM10000,CC-BY-NC-4.0,
fitzpatrick17k_hf/images/img_306.jpg,keratose_actinique,HAM_HAM_0002615,HAM10000,CC-BY-NC-4.0,
fitzpatrick17k_hf/images/img_307.jpg,keratose_actinique,HAM_HAM_0002615,HAM10000,CC-BY-NC-4.0,
fitzpatrick17k_hf/images/img_308.jpg,keratose_actinique,HAM_HAM_0002615,HAM10000,CC-BY-NC-4.0,
fitzpatrick17k_hf/images/img_309.jpg,keratose_actinique,HAM_HAM_0002867,HAM10000,CC-BY-NC-4.0,
fitzpatrick17k_hf/images/img_310.jpg,keratose_actinique,HAM_HAM_0002867,HAM10000,CC-BY-NC-4.0,
fitzpatrick17k_hf/images/img_311.jpg,keratose_actinique,HAM_HAM_0001576,HAM10000,CC-BY-NC-4.0,
fitzpatrick17k_hf/images/img_312.jpg,keratose_actinique,HAM_HAM_0004282,HAM10000,CC-BY-NC-4.0,
fitzpatrick17k_hf/images/img_313.jpg,keratose_actinique,HAM_HAM_0000239,HAM10000,CC-BY-NC-4.0,
fitzpatrick17k_hf/images/img_314.jpg,keratose_actinique,HAM_HAM_0000462,HAM10000,CC-BY-NC-4.0,
fitzpatrick17k_hf/images/img_315.jpg,carcinome_basal,HAM_HAM_0004662,HAM10000,CC-BY-NC-4.0,
fitzpatrick17k_hf/images/img_316.jpg,carcinome_basal,HAM_HAM_0002240,HAM10000,CC-BY-NC-4.0,
fitzpatrick17k_hf/images/img_317.jpg,carcinome_basal,HAM_HAM_0006872,HAM10000,CC-BY-NC-4.0,
fitzpatrick17k_hf/images/img_318.jpg,carcinome_basal,HAM_HAM_0005530,HAM10000,CC-BY-NC-4.0,
fitzpatrick17k_hf/images/img_319.jpg,carcinome_basal,HAM_HAM_0003680,HAM10000,CC-BY-NC-4.0,
fitzpatrick17k_hf/images/img_320.jpg,carcinome_basal,HAM_HAM_0001390,HAM10000,CC-BY-NC-4.0,
fitzpatrick17k_hf/images/img_321.jpg,carcinome_basal,HAM_HAM_0002134,HAM10000,CC-BY-NC-4.0,
fitzpatrick17k_hf/images/img_322.jpg,carcinome_basal,HAM_HAM_0002083,HAM10000,CC-BY-NC-4.0,
fitzpatrick17k_hf/images/img_323.jpg,carcinome_basal,HAM_HAM_0005392,HAM10000,CC-BY-NC-4.0,
fitzpatrick17k_hf/images/img_324.jpg,carcinome_basal,HAM_HAM_0002269,HAM10000,CC-BY-NC-4.0,
fitzpatrick17k_hf/images/img_325.jpg,carcinome_basal,HAM_HAM_0005417,HAM10000,CC-BY-NC-4.0,
fitzpatrick17k_hf/images/img_326.jpg,carcinome_basal,HAM_HAM_0005971,HAM10000,CC-BY-NC-4.0,
fitzpatrick17k_hf/images/img_327.jpg,carcinome_basal,HAM_HAM_0005180,HAM10000,CC-BY-NC-4.0,
fitzpatrick17k_hf/images/img_328.jpg,carcinome_basal,HAM_HAM_0006843,HAM10000,CC-BY-NC-4.0,
fitzpatrick17k_hf/images/img_329.jpg,carcinome_basal,HAM_HAM_0002313,HAM10000,CC-BY-NC-4.0,
fitzpatrick17k_hf/images/img_330.jpg,carcinome_basal,HAM_HAM_0001654,HAM10000,CC-BY-NC-4.0,
fitzpatrick17k_hf/images/img_331.jpg,carcinome_basal,HAM_HAM_0000189,HAM10000,CC-BY-NC-4.0,
fitzpatrick17k_hf/images/img_332.jpg,carcinome_basal,HAM_HAM_0003373,HAM10000,CC-BY-NC-4.0,
fitzpatrick17k_hf/images/img_333.jpg,carcinome_basal,HAM_HAM_0005721,HAM10000,CC-BY-NC-4.0,
fitzpatrick17k_hf/images/img_334.jpg,carcinome_basal,HAM_HAM_0005657,HAM10000,CC-BY-NC-4.0,
fitzpatrick17k_hf/images/img_335.jpg,carcinome_basal,HAM_HAM_0005804,HAM10000,CC-BY-NC-4.0,
fitzpatrick17k_hf/images/img_336.jpg,carcinome_basal,HAM_HAM_0006727,HAM10000,CC-BY-NC-4.0,
fitzpatrick17k_hf/images/img_337.jpg,carcinome_basal,HAM_HAM_0004511,HAM10000,CC-BY-NC-4.0,
fitzpatrick17k_hf/images/img_338.jpg,carcinome_basal,HAM_HAM_0004027,HAM10000,CC-BY-NC-4.0,
fitzpatrick17k_hf/images/img_339.jpg,carcinome_basal,HAM_HAM_0001666,HAM10000,CC-BY-NC-4.0,
fitzpatrick17k_hf/images/img_340.jpg,carcinome_basal,HAM_HAM_0005933,HAM10000,CC-BY-NC-4.0,
fitzpatrick17k_hf/images/img_341.jpg,carcinome_basal,HAM_HAM_0005435,HAM10000,CC-BY-NC-4.0,
fitzpatrick17k_hf/images/img_342.jpg,carcinome_basal,HAM_HAM_0003429,HAM10000,CC-BY-NC-4.0,
fitzpatrick17k_hf/images/img_343.jpg,carcinome_basal,HAM_HAM_0004495,HAM10000,CC-BY-NC-4.0,
fitzpatrick17k_hf/images/img_344.jpg,carcinome_basal,HAM_HAM_0005379,HAM10000,CC-BY-NC-4.0,
fitzpatrick17k_hf/images/img_345.jpg,carcinome_basal,HAM_HAM_0004420,HAM10000,CC-BY-NC-4.0,
fitzpatrick17k_hf/images/img_346.jpg,carcinome_basal,HAM_HAM_0001573,HAM10000,CC-BY-NC-4.0,
fitzpatrick17k_hf/images/img_347.jpg,carcinome_basal,HAM_HAM_0007535,HAM10000,CC-BY-NC-4.0,
fitzpatrick17k_hf/images/img_348.jpg,carcinome_basal,HAM_HAM_0005617,HAM10000,CC-BY-NC-4.0,
fitzpatrick17k_hf/images/img_349.jpg,carcinome_basal,HAM_HAM_0007474,HAM10000,CC-BY-NC-4.0,
fitzpatrick17k_hf/images/img_350.jpg,carcinome_basal,HAM_HAM_0005243,HAM10000,CC-BY-NC-4.0,
fitzpatrick17k_hf/images/img_351.jpg,carcinome_basal,HAM_HAM_0003716,HAM10000,CC-BY-NC-4.0,
fitzpatrick17k_hf/images/img_352.jpg,carcinome_basal,HAM_HAM_0005488,HAM10000,CC-BY-NC-4.0,
fitzpatrick17k_hf/images/img_353.jpg,carcinome_basal,HAM_HAM_0005669,HAM10000,CC-BY-NC-4.0,
fitzpatrick17k_hf/images/img_354.jpg,carcinome_basal,HAM_HAM_0005856,HAM10000,CC-BY-NC-4.0,
fitzpatrick17k_hf/images/img_355.jpg,carcinome_basal,HAM_HAM_0001415,HAM10000,CC-BY-NC-4.0,
fitzpatrick17k_hf/images/img_356.jpg,carcinome_basal,HAM_HAM_0002934,HAM10000,CC-BY-NC-4.0,
fitzpatrick17k_hf/images/img_357.jpg,carcinome_basal,HAM_HAM_0003866,HAM10000,CC-BY-NC-4.0,
fitzpatrick17k_hf/images/img_358.jpg,carcinome_basal,HAM_HAM_0007248,HAM10000,CC-BY-NC-4.0,
fitzpatrick17k_hf/images/img_359.jpg,carcinome_basal,HAM_HAM_0004831,HAM10000,CC-BY-NC-4.0,
fitzpatrick17k_hf/images/img_360.jpg,carcinome_basal,HAM_HAM_0001215,HAM10000,CC-BY-NC-4.0,
fitzpatrick17k_hf/images/img_361.jpg,carcinome_basal,HAM_HAM_0004300,HAM10000,CC-BY-NC-4.0,
fitzpatrick17k_hf/images/img_362.jpg,carcinome_basal,HAM_HAM_0004084,HAM10000,CC-BY-NC-4.0,
fitzpatrick17k_hf/images/img_363.jpg,carcinome_basal,HAM_HAM_0007313,HAM10000,CC-BY-NC-4.0,
fitzpatrick17k_hf/images/img_364.jpg,carcinome_basal,HAM_HAM_0000987,HAM10000,CC-BY-NC-4.0,
fitzpatrick17k_hf/images/img_365.jpg,carcinome_basal,HAM_HAM_0002666,HAM10000,CC-BY-NC-4.0,
fitzpatrick17k_hf/images/img_366.jpg,carcinome_basal,HAM_HAM_0002959,HAM10000,CC-BY-NC-4.0,
fitzpatrick17k_hf/images/img_367.jpg,carcinome_basal,HAM_HAM_0001907,HAM10000,CC-BY-NC-4.0,
fitzpatrick17k_hf/images/img_368.jpg,carcinome_basal,HAM_HAM_0002577,HAM10000,CC-BY-NC-4.0,
fitzpatrick17k_hf/images/img_369.jpg,carcinome_basal,HAM_HAM_0005410,HAM10000,CC-BY-NC-4.0,
fitzpatrick17k_hf/images/img_370.jpg,carcinome_basal,HAM_HAM_0006047,HAM10000,CC-BY-NC-4.0,
fitzpatrick17k_hf/images/img_371.jpg,carcinome_basal,HAM_HAM_0002269,HAM10000,CC-BY-NC-4.0,
fitzpatrick17k_hf/images/img_372.jpg,carcinome_basal,HAM_HAM_0001907,HAM10000,CC-BY-NC-4.0,
fitzpatrick17k_hf/images/img_373.jpg,carcinome_basal,HAM_HAM_0002313,HAM10000,CC-BY-NC-4.0,
fitzpatrick17k_hf/images/img_374.jpg,carcinome_basal,HAM_HAM_0001900,HAM10000,CC-BY-NC-4.0,
fitzpatrick17k_hf/images/img_375.jpg,carcinome_basal,HAM_HAM_0004161,HAM10000,CC-BY-NC-4.0,
fitzpatrick17k_hf/images/img_376.jpg,carcinome_basal,HAM_HAM_0006115,HAM10000,CC-BY-NC-4.0,
fitzpatrick17k_hf/images/img_377.jpg,carcinome_basal,HAM_HAM_0000791,HAM10000,CC-BY-NC-4.0,
fitzpatrick17k_hf/images/img_378.jpg,carcinome_basal,HAM_HAM_0000189,HAM10000,CC-BY-NC-4.0,
fitzpatrick17k_hf/images/img_379.jpg,carcinome_basal,HAM_HAM_0001528,HAM10000,CC-BY-NC-4.0,
fitzpatrick17k_hf/images/img_380.jpg,carcinome_basal,HAM_HAM_0002017,HAM10000,CC-BY-NC-4.0,
fitzpatrick17k_hf/images/img_381.jpg,carcinome_basal,HAM_HAM_0004536,HAM10000,CC-BY-NC-4.0,
fitzpatrick17k_hf/images/img_382.jpg,carcinome_basal,HAM_HAM_0002312,HAM10000,CC-BY-NC-4.0,
fitzpatrick17k_hf/images/img_383.jpg,carcinome_basal,HAM_HAM_0000065,HAM10000,CC-BY-NC-4.0,
fitzpatrick17k_hf/images/img_384.jpg,carcinome_basal,HAM_HAM_0005058,HAM10000,CC-BY-NC-4.0,
fitzpatrick17k_hf/images/img_385.jpg,carcinome_basal,HAM_HAM_0005501,HAM10000,CC-BY-NC-4.0,
fitzpatrick17k_hf/images/img_386.jpg,carcinome_basal,HAM_HAM_0001884,HAM10000,CC-BY-NC-4.0,
fitzpatrick17k_hf/images/img_387.jpg,carcinome_basal,HAM_HAM_0003981,HAM10000,CC-BY-NC-4.0,
fitzpatrick17k_hf/images/img_388.jpg,carcinome_basal,HAM_HAM_0005435,HAM10000,CC-BY-NC-4.0,
fitzpatrick17k_hf/images/img_389.jpg,carcinome_basal,HAM_HAM_0004603,HAM10000,CC-BY-NC-4.0,
fitzpatrick17k_hf/images/img_390.jpg,carcinome_basal,HAM_HAM_0004621,HAM10000,CC-BY-NC-4.0,
fitzpatrick17k_hf/images/img_391.jpg,carcinome_basal,HAM_HAM_0001331,HAM10000,CC-BY-NC-4.0,
fitzpatrick17k_hf/images/img_392.jpg,carcinome_basal,HAM_HAM_0005585,HAM10000,CC-BY-NC-4.0,
fitzpatrick17k_hf/images/img_393.jpg,carcinome_basal,HAM_HAM_0007262,HAM10000,CC-BY-NC-4.0,
fitzpatrick17k_hf/images/img_394.jpg,carcinome_basal,HAM_HAM_0001503,HAM10000,CC-BY-NC-4.0,
fitzpatrick17k_hf/images/img_395.jpg,carcinome_basal,HAM_HAM_0000504,HAM10000,CC-BY-NC-4.0,
fitzpatrick17k_hf/images/img_396.jpg,carcinome_basal,HAM_HAM_0005835,HAM10000,CC-BY-NC-4.0,
fitzpatrick17k_hf/images/img_397.jpg,carcinome_basal,HAM_HAM_0005304,HAM10000,CC-BY-NC-4.0,
fitzpatrick17k_hf/images/img_398.jpg,carcinome_basal,HAM_HAM_0000968,HAM10000,CC-BY-NC-4.0,
fitzpatrick17k_hf/images/img_399.jpg,carcinome_basal,HAM_HAM_0004084,HAM10000,CC-BY-NC-4.0,
fitzpatrick17k_hf/images/img_400.jpg,carcinome_basal,HAM_HAM_0006572,HAM10000,CC-BY-NC-4.0,
fitzpatrick17k_hf/images/img_401.jpg,carcinome_basal,HAM_HAM_0005984,HAM10000,CC-BY-NC-4.0,
fitzpatrick17k_hf/images/img_402.jpg,carcinome_basal,HAM_HAM_0007627,HAM10000,CC-BY-NC-4.0,
fitzpatrick17k_hf/images/img_403.jpg,carcinome_basal,HAM_HAM_0006658,HAM10000,CC-BY-NC-4.0,
fitzpatrick17k_hf/images/img_404.jpg,carcinome_basal,HAM_HAM_0005068,HAM10000,CC-BY-NC-4.0,
fitzpatrick17k_hf/images/img_405.jpg,carcinome_basal,HAM_HAM_0000953,HAM10000,CC-BY-NC-4.0,
fitzpatrick17k_hf/images/img_406.jpg,carcinome_basal,HAM_HAM_0005382,HAM10000,CC-BY-NC-4.0,
fitzpatrick17k_hf/images/img_407.jpg,carcinome_basal,HAM_HAM_0005804,HAM10000,CC-BY-NC-4.0,
fitzpatrick17k_hf/images/img_408.jpg,carcinome_basal,HAM_HAM_0005309,HAM10000,CC-BY-NC-4.0,
fitzpatrick17k_hf/images/img_409.jpg,carcinome_basal,HAM_HAM_0006047,HAM10000,CC-BY-NC-4.0,
fitzpatrick17k_hf/images/img_410.jpg,carcinome_basal,HAM_HAM_0005058,HAM10000,CC-BY-NC-4.0,
fitzpatrick17k_hf/images/img_411.jpg,carcinome_basal,HAM_HAM_0000719,HAM10000,CC-BY-NC-4.0,
fitzpatrick17k_hf/images/img_412.jpg,carcinome_basal,HAM_HAM_0002346,HAM10000,CC-BY-NC-4.0,
fitzpatrick17k_hf/images/img_413.jpg,carcinome_basal,HAM_HAM_0003039,HAM10000,CC-BY-NC-4.0,
fitzpatrick17k_hf/images/img_414.jpg,carcinome_basal,HAM_HAM_0005382,HAM10000,CC-BY-NC-4.0,
fitzpatrick17k_hf/images/img_415.jpg,carcinome_basal,HAM_HAM_0003826,HAM10000,CC-BY-NC-4.0,
fitzpatrick17k_hf/images/img_416.jpg,carcinome_basal,HAM_HAM_0000009,HAM10000,CC-BY-NC-4.0,
fitzpatrick17k_hf/images/img_417.jpg,carcinome_basal,HAM_HAM_0000953,HAM10000,CC-BY-NC-4.0,
fitzpatrick17k_hf/images/img_418.jpg,carcinome_basal,HAM_HAM_0003328,HAM10000,CC-BY-NC-4.0,
fitzpatrick17k_hf/images/img_419.jpg,carcinome_basal,HAM_HAM_0005757,HAM10000,CC-BY-NC-4.0,
fitzpatrick17k_hf/images/img_420.jpg,carcinome_basal,HAM_HAM_0005660,HAM10000,CC-BY-NC-4.0,
fitzpatrick17k_hf/images/img_421.jpg,carcinome_basal,HAM_HAM_0004970,HAM10000,CC-BY-NC-4.0,
fitzpatrick17k_hf/images/img_422.jpg,carcinome_basal,HAM_HAM_0005469,HAM10000,CC-BY-NC-4.0,
fitzpatrick17k_hf/images/img_423.jpg,carcinome_basal,HAM_HAM_0001666,HAM10000,CC-BY-NC-4.0,
fitzpatrick17k_hf/images/img_424.jpg,carcinome_basal,HAM_HAM_0002689,HAM10000,CC-BY-NC-4.0,
fitzpatrick17k_hf/images/img_425.jpg,carcinome_basal,HAM_HAM_0000504,HAM10000,CC-BY-NC-4.0,
fitzpatrick17k_hf/images/img_426.jpg,carcinome_basal,HAM_HAM_0001884,HAM10000,CC-BY-NC-4.0,
fitzpatrick17k_hf/images/img_427.jpg,carcinome_basal,HAM_HAM_0005982,HAM10000,CC-BY-NC-4.0,
fitzpatrick17k_hf/images/img_428.jpg,carcinome_basal,HAM_HAM_0005536,HAM10000,CC-BY-NC-4.0,
fitzpatrick17k_hf/images/img_429.jpg,carcinome_basal,HAM_HAM_0007497,HAM10000,CC-BY-NC-4.0,
fitzpatrick17k_hf/images/img_430.jpg,carcinome_basal,HAM_HAM_0006387,HAM10000,CC-BY-NC-4.0,
fitzpatrick17k_hf/images/img_431.jpg,carcinome_basal,HAM_HAM_0001283,HAM10000,CC-BY-NC-4.0,
fitzpatrick17k_hf/images/img_432.jpg,carcinome_basal,HAM_HAM_0000457,HAM10000,CC-BY-NC-4.0,
fitzpatrick17k_hf/images/img_433.jpg,carcinome_basal,HAM_HAM_0005509,HAM10000,CC-BY-NC-4.0,
fitzpatrick17k_hf/images/img_434.jpg,carcinome_basal,HAM_HAM_0000719,HAM10000,CC-BY-NC-4.0,
fitzpatrick17k_hf/images/img_435.jpg,carcinome_basal,HAM_HAM_0005973,HAM10000,CC-BY-NC-4.0,
fitzpatrick17k_hf/images/img_436.jpg,carcinome_basal,HAM_HAM_0002167,HAM10000,CC-BY-NC-4.0,
fitzpatrick17k_hf/images/img_437.jpg,carcinome_basal,HAM_HAM_0001369,HAM10000,CC-BY-NC-4.0,
fitzpatrick17k_hf/images/img_438.jpg,carcinome_basal,HAM_HAM_0000612,HAM10000,CC-BY-NC-4.0,
fitzpatrick17k_hf/images/img_439.jpg,carcinome_basal,HAM_HAM_0004940,HAM10000,CC-BY-NC-4.0,
fitzpatrick17k_hf/images/img_440.jpg,carcinome_basal,HAM_HAM_0004042,HAM10000,CC-BY-NC-4.0,
fitzpatrick17k_hf/images/img_441.jpg,carcinome_basal,HAM_HAM_0003826,HAM10000,CC-BY-NC-4.0,
fitzpatrick17k_hf/images/img_442.jpg,carcinome_basal,HAM_HAM_0005985,HAM10000,CC-BY-NC-4.0,
fitzpatrick17k_hf/images/img_443.jpg,carcinome_basal,HAM_HAM_0005371,HAM10000,CC-BY-NC-4.0,
fitzpatrick17k_hf/images/img_444.jpg,carcinome_basal,HAM_HAM_0002021,HAM10000,CC-BY-NC-4.0,
fitzpatrick17k_hf/images/img_445.jpg,carcinome_basal,HAM_HAM_0005998,HAM10000,CC-BY-NC-4.0,
fitzpatrick17k_hf/images/img_446.jpg,carcinome_basal,HAM_HAM_0001018,HAM10000,CC-BY-NC-4.0,
fitzpatrick17k_hf/images/img_447.jpg,carcinome_basal,HAM_HAM_0002959,HAM10000,CC-BY-NC-4.0,
fitzpatrick17k_hf/images/img_448.jpg,carcinome_basal,HAM_HAM_0006351,HAM10000,CC-BY-NC-4.0,
fitzpatrick17k_hf/images/img_449.jpg,carcinome_basal,HAM_HAM_0003444,HAM10000,CC-BY-NC-4.0,
fitzpatrick17k_hf/images/img_450.jpg,carcinome_basal,HAM_HAM_0004388,HAM10000,CC-BY-NC-4.0,
fitzpatrick17k_hf/images/img_451.jpg,carcinome_basal,HAM_HAM_0007009,HAM10000,CC-BY-NC-4.0,
fitzpatrick17k_hf/images/img_452.jpg,carcinome_basal,HAM_HAM_0000655,HAM10000,CC-BY-NC-4.0,
fitzpatrick17k_hf/images/img_453.jpg,carcinome_basal,HAM_HAM_0006708,HAM10000,CC-BY-NC-4.0,
fitzpatrick17k_hf/images/img_454.jpg,carcinome_basal,HAM_HAM_0003826,HAM10000,CC-BY-NC-4.0,
fitzpatrick17k_hf/images/img_455.jpg,carcinome_basal,HAM_HAM_0006904,HAM10000,CC-BY-NC-4.0,
fitzpatrick17k_hf/images/img_456.jpg,carcinome_basal,HAM_HAM_0006904,HAM10000,CC-BY-NC-4.0,
fitzpatrick17k_hf/images/img_457.jpg,carcinome_basal,HAM_HAM_0003186,HAM10000,CC-BY-NC-4.0,
fitzpatrick17k_hf/images/img_458.jpg,carcinome_basal,HAM_HAM_0003778,HAM10000,CC-BY-NC-4.0,
fitzpatrick17k_hf/images/img_459.jpg,carcinome_basal,HAM_HAM_0002346,HAM10000,CC-BY-NC-4.0,
fitzpatrick17k_hf/images/img_460.jpg,carcinome_basal,HAM_HAM_0005981,HAM10000,CC-BY-NC-4.0,
fitzpatrick17k_hf/images/img_461.jpg,carcinome_basal,HAM_HAM_0007346,HAM10000,CC-BY-NC-4.0,
fitzpatrick17k_hf/images/img_462.jpg,carcinome_basal,HAM_HAM_0007002,HAM10000,CC-BY-NC-4.0,
fitzpatrick17k_hf/images/img_463.jpg,carcinome_basal,HAM_HAM_0002959,HAM10000,CC-BY-NC-4.0,
fitzpatrick17k_hf/images/img_464.jpg,carcinome_basal,HAM_HAM_0003593,HAM10000,CC-BY-NC-4.0,
fitzpatrick17k_hf/images/img_465.jpg,carcinome_basal,HAM_HAM_0005721,HAM10000,CC-BY-NC-4.0,
fitzpatrick17k_hf/images/img_466.jpg,carcinome_basal,HAM_HAM_0006834,HAM10000,CC-BY-NC-4.0,
fitzpatrick17k_hf/images/img_467.jpg,carcinome_basal,HAM_HAM_0004662,HAM10000,CC-BY-NC-4.0,
fitzpatrick17k_hf/images/img_468.jpg,carcinome_basal,HAM_HAM_0000998,HAM10000,CC-BY-NC-4.0,
fitzpatrick17k_hf/images/img_469.jpg,carcinome_basal,HAM_HAM_0000994,HAM10000,CC-BY-NC-4.0,
fitzpatrick17k_hf/images/img_470.jpg,carcinome_basal,HAM_HAM_0005617,HAM10000,CC-BY-NC-4.0,
fitzpatrick17k_hf/images/img_471.jpg,carcinome_basal,HAM_HAM_0006624,HAM10000,CC-BY-NC-4.0,
fitzpatrick17k_hf/images/img_472.jpg,carcinome_basal,HAM_HAM_0005842,HAM10000,CC-BY-NC-4.0,
fitzpatrick17k_hf/images/img_473.jpg,carcinome_basal,HAM_HAM_0000994,HAM10000,CC-BY-NC-4.0,
fitzpatrick17k_hf/images/img_474.jpg,carcinome_basal,HAM_HAM_0002427,HAM10000,CC-BY-NC-4.0,
fitzpatrick17k_hf/images/img_475.jpg,carcinome_basal,HAM_HAM_0004440,HAM10000,CC-BY-NC-4.0,
fitzpatrick17k_hf/images/img_476.jpg,carcinome_basal,HAM_HAM_0004621,HAM10000,CC-BY-NC-4.0,
fitzpatrick17k_hf/images/img_477.jpg,carcinome_basal,HAM_HAM_0005617,HAM10000,CC-BY-NC-4.0,
fitzpatrick17k_hf/images/img_478.jpg,carcinome_basal,HAM_HAM_0001440,HAM10000,CC-BY-NC-4.0,
fitzpatrick17k_hf/images/img_479.jpg,carcinome_basal,HAM_HAM_0000987,HAM10000,CC-BY-NC-4.0,
fitzpatrick17k_hf/images/img_480.jpg,carcinome_basal,HAM_HAM_0005309,HAM10000,CC-BY-NC-4.0,
fitzpatrick17k_hf/images/img_481.jpg,carcinome_basal,HAM_HAM_0003198,HAM10000,CC-BY-NC-4.0,
fitzpatrick17k_hf/images/img_482.jpg,carcinome_basal,HAM_HAM_0004970,HAM10000,CC-BY-NC-4.0,
fitzpatrick17k_hf/images/img_483.jpg,carcinome_basal,HAM_HAM_0002812,HAM10000,CC-BY-NC-4.0,
fitzpatrick17k_hf/images/img_484.jpg,carcinome_basal,HAM_HAM_0006631,HAM10000,CC-BY-NC-4.0,
fitzpatrick17k_hf/images/img_485.jpg,carcinome_basal,HAM_HAM_0004827,HAM10000,CC-BY-NC-4.0,
fitzpatrick17k_hf/images/img_486.jpg,carcinome_basal,HAM_HAM_0005268,HAM10000,CC-BY-NC-4.0,
fitzpatrick17k_hf/images/img_487.jpg,carcinome_basal,HAM_HAM_0001183,HAM10000,CC-BY-NC-4.0,
fitzpatrick17k_hf/images/img_488.jpg,carcinome_basal,HAM_HAM_0001078,HAM10000,CC-BY-NC-4.0,
fitzpatrick17k_hf/images/img_489.jpg,carcinome_basal,HAM_HAM_0003094,HAM10000,CC-BY-NC-4.0,
fitzpatrick17k_hf/images/img_490.jpg,carcinome_basal,HAM_HAM_0000393,HAM10000,CC-BY-NC-4.0,
fitzpatrick17k_hf/images/img_491.jpg,carcinome_basal,HAM_HAM_0001390,HAM10000,CC-BY-NC-4.0,
fitzpatrick17k_hf/images/img_492.jpg,carcinome_basal,HAM_HAM_0005417,HAM10000,CC-BY-NC-4.0,
fitzpatrick17k_hf/images/img_493.jpg,carcinome_basal,HAM_HAM_0004342,HAM10000,CC-BY-NC-4.0,
fitzpatrick17k_hf/images/img_494.jpg,carcinome_basal,HAM_HAM_0005947,HAM10000,CC-BY-NC-4.0,
fitzpatrick17k_hf/images/img_495.jpg,carcinome_basal,HAM_HAM_0002577,HAM10000,CC-BY-NC-4.0,
fitzpatrick17k_hf/images/img_496.jpg,carcinome_basal,HAM_HAM_0003191,HAM10000,CC-BY-NC-4.0,
fitzpatrick17k_hf/images/img_497.jpg,carcinome_basal,HAM_HAM_0004273,HAM10000,CC-BY-NC-4.0,
fitzpatrick17k_hf/images/img_498.jpg,carcinome_basal,HAM_HAM_0005947,HAM10000,CC-BY-NC-4.0,
fitzpatrick17k_hf/images/img_499.jpg,carcinome_basal,HAM_HAM_0004940,HAM10000,CC-BY-NC-4.0,
fitzpatrick17k_hf/images/img_500.jpg,carcinome_basal,HAM_HAM_0000065,HAM10000,CC-BY-NC-4.0,
fitzpatrick17k_hf/images/img_501.jpg,carcinome_basal,HAM_HAM_0001926,HAM10000,CC-BY-NC-4.0,
fitzpatrick17k_hf/images/img_502.jpg,carcinome_basal,HAM_HAM_0007428,HAM10000,CC-BY-NC-4.0,
fitzpatrick17k_hf/images/img_503.jpg,carcinome_basal,HAM_HAM_0003135,HAM10000,CC-BY-NC-4.0,
fitzpatrick17k_hf/images/img_504.jpg,carcinome_basal,HAM_HAM_0003846,HAM10000,CC-BY-NC-4.0,
fitzpatrick17k_hf/images/img_505.jpg,carcinome_basal,HAM_HAM_0004621,HAM10000,CC-BY-NC-4.0,
fitzpatrick17k_hf/images/img_506.jpg,carcinome_basal,HAM_HAM_0006053,HAM10000,CC-BY-NC-4.0,
fitzpatrick17k_hf/images/img_507.jpg,carcinome_basal,HAM_HAM_0000781,HAM10000,CC-BY-NC-4.0,
fitzpatrick17k_hf/images/img_508.jpg,carcinome_basal,HAM_HAM_0005371,HAM10000,CC-BY-NC-4.0,
fitzpatrick17k_hf/images/img_509.jpg,carcinome_basal,HAM_HAM_0004711,HAM10000,CC-BY-NC-4.0,
fitzpatrick17k_hf/images/img_510.jpg,carcinome_basal,HAM_HAM_0005776,HAM10000,CC-BY-NC-4.0,
fitzpatrick17k_hf/images/img_511.jpg,carcinome_basal,HAM_HAM_0000655,HAM10000,CC-BY-NC-4.0,
fitzpatrick17k_hf/images/img_512.jpg,carcinome_basal,HAM_HAM_0005030,HAM10000,CC-BY-NC-4.0,
fitzpatrick17k_hf/images/img_513.jpg,carcinome_basal,HAM_HAM_0001296,HAM10000,CC-BY-NC-4.0,
fitzpatrick17k_hf/images/img_514.jpg,carcinome_basal,HAM_HAM_0001900,HAM10000,CC-BY-NC-4.0,
fitzpatrick17k_hf/images/img_515.jpg,carcinome_basal,HAM_HAM_0004624,HAM10000,CC-BY-NC-4.0,
fitzpatrick17k_hf/images/img_516.jpg,carcinome_basal,HAM_HAM_0003827,HAM10000,CC-BY-NC-4.0,
fitzpatrick17k_hf/images/img_517.jpg,carcinome_basal,HAM_HAM_0003941,HAM10000,CC-BY-NC-4.0,
fitzpatrick17k_hf/images/img_518.jpg,carcinome_basal,HAM_HAM_0007446,HAM10000,CC-BY-NC-4.0,
fitzpatrick17k_hf/images/img_519.jpg,carcinome_basal,HAM_HAM_0005981,HAM10000,CC-BY-NC-4.0,
fitzpatrick17k_hf/images/img_520.jpg,carcinome_basal,HAM_HAM_0001573,HAM10000,CC-BY-NC-4.0,
fitzpatrick17k_hf/images/img_521.jpg,carcinome_basal,HAM_HAM_0002421,HAM10000,CC-BY-NC-4.0,
fitzpatrick17k_hf/images/img_522.jpg,carcinome_basal,HAM_HAM_0001434,HAM10000,CC-BY-NC-4.0,
fitzpatrick17k_hf/images/img_523.jpg,carcinome_basal,HAM_HAM_0002818,HAM10000,CC-BY-NC-4.0,
fitzpatrick17k_hf/images/img_524.jpg,carcinome_basal,HAM_HAM_0007139,HAM10000,CC-BY-NC-4.0,
fitzpatrick17k_hf/images/img_525.jpg,carcinome_basal,HAM_HAM_0004880,HAM10000,CC-BY-NC-4.0,
fitzpatrick17k_hf/images/img_526.jpg,carcinome_basal,HAM_HAM_0001575,HAM10000,CC-BY-NC-4.0,
fitzpatrick17k_hf/images/img_527.jpg,carcinome_basal,HAM_HAM_0005837,HAM10000,CC-BY-NC-4.0,
fitzpatrick17k_hf/images/img_528.jpg,carcinome_basal,HAM_HAM_0003981,HAM10000,CC-BY-NC-4.0,
fitzpatrick17k_hf/images/img_529.jpg,carcinome_basal,HAM_HAM_0001713,HAM10000,CC-BY-NC-4.0,
fitzpatrick17k_hf/images/img_530.jpg,carcinome_basal,HAM_HAM_0001711,HAM10000,CC-BY-NC-4.0,
fitzpatrick17k_hf/images/img_531.jpg,carcinome_basal,HAM_HAM_0003444,HAM10000,CC-BY-NC-4.0,
fitzpatrick17k_hf/images/img_532.jpg,carcinome_basal,HAM_HAM_0006844,HAM10000,CC-BY-NC-4.0,
fitzpatrick17k_hf/images/img_533.jpg,carcinome_basal,HAM_HAM_0001610,HAM10000,CC-BY-NC-4.0,
fitzpatrick17k_hf/images/img_534.jpg,carcinome_basal,HAM_HAM_0004365,HAM10000,CC-BY-NC-4.0,
fitzpatrick17k_hf/images/img_535.jpg,carcinome_basal,HAM_HAM_0005026,HAM10000,CC-BY-NC-4.0,
fitzpatrick17k_hf/images/img_536.jpg,carcinome_basal,HAM_HAM_0007313,HAM10000,CC-BY-NC-4.0,
fitzpatrick17k_hf/images/img_537.jpg,carcinome_basal,HAM_HAM_0007262,HAM10000,CC-BY-NC-4.0,
fitzpatrick17k_hf/images/img_538.jpg,carcinome_basal,HAM_HAM_0004511,HAM10000,CC-BY-NC-4.0,
fitzpatrick17k_hf/images/img_539.jpg,carcinome_basal,HAM_HAM_0003429,HAM10000,CC-BY-NC-4.0,
fitzpatrick17k_hf/images/img_540.jpg,carcinome_basal,HAM_HAM_0005375,HAM10000,CC-BY-NC-4.0,
fitzpatrick17k_hf/images/img_541.jpg,carcinome_basal,HAM_HAM_0004967,HAM10000,CC-BY-NC-4.0,
fitzpatrick17k_hf/images/img_542.jpg,carcinome_basal,HAM_HAM_0003694,HAM10000,CC-BY-NC-4.0,
fitzpatrick17k_hf/images/img_543.jpg,carcinome_basal,HAM_HAM_0001078,HAM10000,CC-BY-NC-4.0,
fitzpatrick17k_hf/images/img_544.jpg,carcinome_basal,HAM_HAM_0000212,HAM10000,CC-BY-NC-4.0,
fitzpatrick17k_hf/images/img_545.jpg,carcinome_basal,HAM_HAM_0003764,HAM10000,CC-BY-NC-4.0,
fitzpatrick17k_hf/images/img_546.jpg,carcinome_basal,HAM_HAM_0005435,HAM10000,CC-BY-NC-4.0,
fitzpatrick17k_hf/images/img_547.jpg,carcinome_basal,HAM_HAM_0002998,HAM10000,CC-BY-NC-4.0,
fitzpatrick17k_hf/images/img_548.jpg,carcinome_basal,HAM_HAM_0003610,HAM10000,CC-BY-NC-4.0,
fitzpatrick17k_hf/images/img_549.jpg,carcinome_basal,HAM_HAM_0000092,HAM10000,CC-BY-NC-4.0,
fitzpatrick17k_hf/images/img_550.jpg,carcinome_basal,HAM_HAM_0005665,HAM10000,CC-BY-NC-4.0,
fitzpatrick17k_hf/images/img_551.jpg,carcinome_basal,HAM_HAM_0005026,HAM10000,CC-BY-NC-4.0,
fitzpatrick17k_hf/images/img_552.jpg,carcinome_basal,HAM_HAM_0003741,HAM10000,CC-BY-NC-4.0,
fitzpatrick17k_hf/images/img_553.jpg,carcinome_basal,HAM_HAM_0004487,HAM10000,CC-BY-NC-4.0,
fitzpatrick17k_hf/images/img_554.jpg,carcinome_basal,HAM_HAM_0000687,HAM10000,CC-BY-NC-4.0,
fitzpatrick17k_hf/images/img_555.jpg,carcinome_basal,HAM_HAM_0004873,HAM10000,CC-BY-NC-4.0,
fitzpatrick17k_hf/images/img_556.jpg,carcinome_basal,HAM_HAM_0005921,HAM10000,CC-BY-NC-4.0,
fitzpatrick17k_hf/images/img_557.jpg,carcinome_basal,HAM_HAM_0006386,HAM10000,CC-BY-NC-4.0,
fitzpatrick17k_hf/images/img_558.jpg,carcinome_basal,HAM_HAM_0002812,HAM10000,CC-BY-NC-4.0,
fitzpatrick17k_hf/images/img_559.jpg,carcinome_basal,HAM_HAM_0005665,HAM10000,CC-BY-NC-4.0,
fitzpatrick17k_hf/images/img_560.jpg,carcinome_basal,HAM_HAM_0002312,HAM10000,CC-BY-NC-4.0,
fitzpatrick17k_hf/images/img_561.jpg,carcinome_basal,HAM_HAM_0000451,HAM10000,CC-BY-NC-4.0,
fitzpatrick17k_hf/images/img_562.jpg,carcinome_basal,HAM_HAM_0004285,HAM10000,CC-BY-NC-4.0,
fitzpatrick17k_hf/images/img_563.jpg,carcinome_basal,HAM_HAM_0002397,HAM10000,CC-BY-NC-4.0,
fitzpatrick17k_hf/images/img_564.jpg,carcinome_basal,HAM_HAM_0006834,HAM10000,CC-BY-NC-4.0,
fitzpatrick17k_hf/images/img_565.jpg,carcinome_basal,HAM_HAM_0000009,HAM10000,CC-BY-NC-4.0,
fitzpatrick17k_hf/images/img_566.jpg,carcinome_basal,HAM_HAM_0002258,HAM10000,CC-BY-NC-4.0,
fitzpatrick17k_hf/images/img_567.jpg,carcinome_basal,HAM_HAM_0007141,HAM10000,CC-BY-NC-4.0,
fitzpatrick17k_hf/images/img_568.jpg,carcinome_basal,HAM_HAM_0002689,HAM10000,CC-BY-NC-4.0,
fitzpatrick17k_hf/images/img_569.jpg,carcinome_basal,HAM_HAM_0002224,HAM10000,CC-BY-NC-4.0,
fitzpatrick17k_hf/images/img_570.jpg,carcinome_basal,HAM_HAM_0000872,HAM10000,CC-BY-NC-4.0,
fitzpatrick17k_hf/images/img_571.jpg,carcinome_basal,HAM_HAM_0002069,HAM10000,CC-BY-NC-4.0,
fitzpatrick17k_hf/images/img_572.jpg,carcinome_basal,HAM_HAM_0002506,HAM10000,CC-BY-NC-4.0,
fitzpatrick17k_hf/images/img_573.jpg,carcinome_basal,HAM_HAM_0002346,HAM10000,CC-BY-NC-4.0,
fitzpatrick17k_hf/images/img_574.jpg,carcinome_basal,HAM_HAM_0007139,HAM10000,CC-BY-NC-4.0,
fitzpatrick17k_hf/images/img_575.jpg,carcinome_basal,HAM_HAM_0000451,HAM10000,CC-BY-NC-4.0,
fitzpatrick17k_hf/images/img_576.jpg,carcinome_basal,HAM_HAM_0002983,HAM10000,CC-BY-NC-4.0,
fitzpatrick17k_hf/images/img_577.jpg,carcinome_basal,HAM_HAM_0002024,HAM10000,CC-BY-NC-4.0,
fitzpatrick17k_hf/images/img_578.jpg,carcinome_basal,HAM_HAM_0002021,HAM10000,CC-BY-NC-4.0,
fitzpatrick17k_hf/images/img_579.jpg,carcinome_basal,HAM_HAM_0006005,HAM10000,CC-BY-NC-4.0,
fitzpatrick17k_hf/images/img_580.jpg,carcinome_basal,HAM_HAM_0002018,HAM10000,CC-BY-NC-4.0,
fitzpatrick17k_hf/images/img_581.jpg,carcinome_basal,HAM_HAM_0007002,HAM10000,CC-BY-NC-4.0,
fitzpatrick17k_hf/images/img_582.jpg,carcinome_basal,HAM_HAM_0003191,HAM10000,CC-BY-NC-4.0,
fitzpatrick17k_hf/images/img_583.jpg,carcinome_basal,HAM_HAM_0005971,HAM10000,CC-BY-NC-4.0,
fitzpatrick17k_hf/images/img_584.jpg,carcinome_basal,HAM_HAM_0000496,HAM10000,CC-BY-NC-4.0,
fitzpatrick17k_hf/images/img_585.jpg,carcinome_basal,HAM_HAM_0005482,HAM10000,CC-BY-NC-4.0,
fitzpatrick17k_hf/images/img_586.jpg,carcinome_basal,HAM_HAM_0004515,HAM10000,CC-BY-NC-4.0,
fitzpatrick17k_hf/images/img_587.jpg,carcinome_basal,HAM_HAM_0003991,HAM10000,CC-BY-NC-4.0,
fitzpatrick17k_hf/images/img_588.jpg,carcinome_basal,HAM_HAM_0005184,HAM10000,CC-BY-NC-4.0,
fitzpatrick17k_hf/images/img_589.jpg,carcinome_basal,HAM_HAM_0003094,HAM10000,CC-BY-NC-4.0,
fitzpatrick17k_hf/images/img_590.jpg,carcinome_basal,HAM_HAM_0006727,HAM10000,CC-BY-NC-4.0,
fitzpatrick17k_hf/images/img_591.jpg,carcinome_basal,HAM_HAM_0001616,HAM10000,CC-BY-NC-4.0,
fitzpatrick17k_hf/images/img_592.jpg,carcinome_basal,HAM_HAM_0001237,HAM10000,CC-BY-NC-4.0,
fitzpatrick17k_hf/images/img_593.jpg,carcinome_basal,HAM_HAM_0003941,HAM10000,CC-BY-NC-4.0,
fitzpatrick17k_hf/images/img_594.jpg,carcinome_basal,HAM_HAM_0006800,HAM10000,CC-BY-NC-4.0,
fitzpatrick17k_hf/images/img_595.jpg,carcinome_basal,HAM_HAM_0000009,HAM10000,CC-BY-NC-4.0,
fitzpatrick17k_hf/images/img_596.jpg,carcinome_basal,HAM_HAM_0005575,HAM10000,CC-BY-NC-4.0,
fitzpatrick17k_hf/images/img_597.jpg,carcinome_basal,HAM_HAM_0007627,HAM10000,CC-BY-NC-4.0,
fitzpatrick17k_hf/images/img_598.jpg,carcinome_basal,HAM_HAM_0004711,HAM10000,CC-BY-NC-4.0,
fitzpatrick17k_hf/images/img_599.jpg,carcinome_basal,HAM_HAM_0002791,HAM10000,CC-BY-NC-4.0,
fitzpatrick17k_hf/images/img_600.jpg,carcinome_basal,HAM_HAM_0001457,HAM10000,CC-BY-NC-4.0,
fitzpatrick17k_hf/images/img_601.jpg,carcinome_basal,HAM_HAM_0005856,HAM10000,CC-BY-NC-4.0,
fitzpatrick17k_hf/images/img_602.jpg,carcinome_basal,HAM_HAM_0005530,HAM10000,CC-BY-NC-4.0,
fitzpatrick17k_hf/images/img_603.jpg,carcinome_basal,HAM_HAM_0007364,HAM10000,CC-BY-NC-4.0,
fitzpatrick17k_hf/images/img_604.jpg,carcinome_basal,HAM_HAM_0005721,HAM10000,CC-BY-NC-4.0,
fitzpatrick17k_hf/images/img_605.jpg,carcinome_basal,HAM_HAM_0005973,HAM10000,CC-BY-NC-4.0,
fitzpatrick17k_hf/images/img_606.jpg,carcinome_basal,HAM_HAM_0004627,HAM10000,CC-BY-NC-4.0,
fitzpatrick17k_hf/images/img_607.jpg,carcinome_basal,HAM_HAM_0006548,HAM10000,CC-BY-NC-4.0,
fitzpatrick17k_hf/images/img_608.jpg,carcinome_basal,HAM_HAM_0003101,HAM10000,CC-BY-NC-4.0,
fitzpatrick17k_hf/images/img_609.jpg,carcinome_basal,HAM_HAM_0003669,HAM10000,CC-BY-NC-4.0,
fitzpatrick17k_hf/images/img_610.jpg,carcinome_basal,HAM_HAM_0005998,HAM10000,CC-BY-NC-4.0,
fitzpatrick17k_hf/images/img_611.jpg,carcinome_basal,HAM_HAM_0006111,HAM10000,CC-BY-NC-4.0,
fitzpatrick17k_hf/images/img_612.jpg,carcinome_basal,HAM_HAM_0001326,HAM10000,CC-BY-NC-4.0,
fitzpatrick17k_hf/images/img_613.jpg,carcinome_basal,HAM_HAM_0000463,HAM10000,CC-BY-NC-4.0,
fitzpatrick17k_hf/images/img_614.jpg,carcinome_basal,HAM_HAM_0005985,HAM10000,CC-BY-NC-4.0,
fitzpatrick17k_hf/images/img_615.jpg,carcinome_basal,HAM_HAM_0006727,HAM10000,CC-BY-NC-4.0,
fitzpatrick17k_hf/images/img_616.jpg,carcinome_basal,HAM_HAM_0007588,HAM10000,CC-BY-NC-4.0,
fitzpatrick17k_hf/images/img_617.jpg,carcinome_basal,HAM_HAM_0003112,HAM10000,CC-BY-NC-4.0,
fitzpatrick17k_hf/images/img_618.jpg,carcinome_basal,HAM_HAM_0003444,HAM10000,CC-BY-NC-4.0,
fitzpatrick17k_hf/images/img_619.jpg,carcinome_basal,HAM_HAM_0004871,HAM10000,CC-BY-NC-4.0,
fitzpatrick17k_hf/images/img_620.jpg,carcinome_basal,HAM_HAM_0005469,HAM10000,CC-BY-NC-4.0,
fitzpatrick17k_hf/images/img_621.jpg,carcinome_basal,HAM_HAM_0004536,HAM10000,CC-BY-NC-4.0,
fitzpatrick17k_hf/images/img_622.jpg,carcinome_basal,HAM_HAM_0004603,HAM10000,CC-BY-NC-4.0,
fitzpatrick17k_hf/images/img_623.jpg,carcinome_basal,HAM_HAM_0000915,HAM10000,CC-BY-NC-4.0,
fitzpatrick17k_hf/images/img_624.jpg,carcinome_basal,HAM_HAM_0006572,HAM10000,CC-BY-NC-4.0,
fitzpatrick17k_hf/images/img_625.jpg,carcinome_basal,HAM_HAM_0001129,HAM10000,CC-BY-NC-4.0,
fitzpatrick17k_hf/images/img_626.jpg,carcinome_basal,HAM_HAM_0004027,HAM10000,CC-BY-NC-4.0,
fitzpatrick17k_hf/images/img_627.jpg,carcinome_basal,HAM_HAM_0003805,HAM10000,CC-BY-NC-4.0,
fitzpatrick17k_hf/images/img_628.jpg,carcinome_basal,HAM_HAM_0004235,HAM10000,CC-BY-NC-4.0,
fitzpatrick17k_hf/images/img_629.jpg,carcinome_basal,HAM_HAM_0005599,HAM10000,CC-BY-NC-4.0,
fitzpatrick17k_hf/images/img_630.jpg,carcinome_basal,HAM_HAM_0006872,HAM10000,CC-BY-NC-4.0,
fitzpatrick17k_hf/images/img_631.jpg,carcinome_basal,HAM_HAM_0002313,HAM10000,CC-BY-NC-4.0,
fitzpatrick17k_hf/images/img_632.jpg,carcinome_basal,HAM_HAM_0000512,HAM10000,CC-BY-NC-4.0,
fitzpatrick17k_hf/images/img_633.jpg,carcinome_basal,HAM_HAM_0000195,HAM10000,CC-BY-NC-4.0,
fitzpatrick17k_hf/images/img_634.jpg,carcinome_basal,HAM_HAM_0002736,HAM10000,CC-BY-NC-4.0,
fitzpatrick17k_hf/images/img_635.jpg,carcinome_basal,HAM_HAM_0003853,HAM10000,CC-BY-NC-4.0,
fitzpatrick17k_hf/images/img_636.jpg,carcinome_basal,HAM_HAM_0001618,HAM10000,CC-BY-NC-4.0,
fitzpatrick17k_hf/images/img_637.jpg,carcinome_basal,HAM_HAM_0000791,HAM10000,CC-BY-NC-4.0,
fitzpatrick17k_hf/images/img_638.jpg,carcinome_basal,HAM_HAM_0004514,HAM10000,CC-BY-NC-4.0,
fitzpatrick17k_hf/images/img_639.jpg,carcinome_basal,HAM_HAM_0007248,HAM10000,CC-BY-NC-4.0,
fitzpatrick17k_hf/images/img_640.jpg,carcinome_basal,HAM_HAM_0003119,HAM10000,CC-BY-NC-4.0,
fitzpatrick17k_hf/images/img_641.jpg,carcinome_basal,HAM_HAM_0004621,HAM10000,CC-BY-NC-4.0,
fitzpatrick17k_hf/images/img_642.jpg,carcinome_basal,HAM_HAM_0001654,HAM10000,CC-BY-NC-4.0,
fitzpatrick17k_hf/images/img_643.jpg,carcinome_basal,HAM_HAM_0006351,HAM10000,CC-BY-NC-4.0,
fitzpatrick17k_hf/images/img_644.jpg,carcinome_basal,HAM_HAM_0004685,HAM10000,CC-BY-NC-4.0,
fitzpatrick17k_hf/images/img_645.jpg,carcinome_basal,HAM_HAM_0000451,HAM10000,CC-BY-NC-4.0,
fitzpatrick17k_hf/images/img_646.jpg,carcinome_basal,HAM_HAM_0005921,HAM10000,CC-BY-NC-4.0,
fitzpatrick17k_hf/images/img_647.jpg,carcinome_basal,HAM_HAM_0006465,HAM10000,CC-BY-NC-4.0,
fitzpatrick17k_hf/images/img_648.jpg,carcinome_basal,HAM_HAM_0001693,HAM10000,CC-BY-NC-4.0,
fitzpatrick17k_hf/images/img_649.jpg,carcinome_basal,HAM_HAM_0002467,HAM10000,CC-BY-NC-4.0,
fitzpatrick17k_hf/images/img_650.jpg,carcinome_basal,HAM_HAM_0003043,HAM10000,CC-BY-NC-4.0,
fitzpatrick17k_hf/images/img_651.jpg,carcinome_basal,HAM_HAM_0003115,HAM10000,CC-BY-NC-4.0,
fitzpatrick17k_hf/images/img_652.jpg,carcinome_basal,HAM_HAM_0007557,HAM10000,CC-BY-NC-4.0,
fitzpatrick17k_hf/images/img_653.jpg,carcinome_basal,HAM_HAM_0001434,HAM10000,CC-BY-NC-4.0,
fitzpatrick17k_hf/images/img_654.jpg,carcinome_basal,HAM_HAM_0002733,HAM10000,CC-BY-NC-4.0,
fitzpatrick17k_hf/images/img_655.jpg,carcinome_basal,HAM_HAM_0007507,HAM10000,CC-BY-NC-4.0,
fitzpatrick17k_hf/images/img_656.jpg,carcinome_basal,HAM_HAM_0005509,HAM10000,CC-BY-NC-4.0,
fitzpatrick17k_hf/images/img_657.jpg,carcinome_basal,HAM_HAM_0001183,HAM10000,CC-BY-NC-4.0,
fitzpatrick17k_hf/images/img_658.jpg,carcinome_basal,HAM_HAM_0005798,HAM10000,CC-BY-NC-4.0,
fitzpatrick17k_hf/images/img_659.jpg,carcinome_basal,HAM_HAM_0003389,HAM10000,CC-BY-NC-4.0,
fitzpatrick17k_hf/images/img_660.jpg,carcinome_basal,HAM_HAM_0003229,HAM10000,CC-BY-NC-4.0,
fitzpatrick17k_hf/images/img_661.jpg,carcinome_basal,HAM_HAM_0005371,HAM10000,CC-BY-NC-4.0,
fitzpatrick17k_hf/images/img_662.jpg,carcinome_basal,HAM_HAM_0001610,HAM10000,CC-BY-NC-4.0,
fitzpatrick17k_hf/images/img_663.jpg,carcinome_basal,HAM_HAM_0001616,HAM10000,CC-BY-NC-4.0,
fitzpatrick17k_hf/images/img_664.jpg,carcinome_basal,HAM_HAM_0000872,HAM10000,CC-BY-NC-4.0,
fitzpatrick17k_hf/images/img_665.jpg,carcinome_basal,HAM_HAM_0000352,HAM10000,CC-BY-NC-4.0,
fitzpatrick17k_hf/images/img_666.jpg,carcinome_basal,HAM_HAM_0002744,HAM10000,CC-BY-NC-4.0,
fitzpatrick17k_hf/images/img_667.jpg,carcinome_basal,HAM_HAM_0003738,HAM10000,CC-BY-NC-4.0,
fitzpatrick17k_hf/images/img_668.jpg,carcinome_basal,HAM_HAM_0007289,HAM10000,CC-BY-NC-4.0,
fitzpatrick17k_hf/images/img_669.jpg,carcinome_basal,HAM_HAM_0006609,HAM10000,CC-BY-NC-4.0,
fitzpatrick17k_hf/images/img_670.jpg,carcinome_basal,HAM_HAM_0006384,HAM10000,CC-BY-NC-4.0,
fitzpatrick17k_hf/images/img_671.jpg,carcinome_basal,HAM_HAM_0002717,HAM10000,CC-BY-NC-4.0,
fitzpatrick17k_hf/images/img_672.jpg,carcinome_basal,HAM_HAM_0005334,HAM10000,CC-BY-NC-4.0,
fitzpatrick17k_hf/images/img_673.jpg,carcinome_basal,HAM_HAM_0001424,HAM10000,CC-BY-NC-4.0,
fitzpatrick17k_hf/images/img_674.jpg,carcinome_basal,HAM_HAM_0006274,HAM10000,CC-BY-NC-4.0,
fitzpatrick17k_hf/images/img_675.jpg,carcinome_basal,HAM_HAM_0002998,HAM10000,CC-BY-NC-4.0,
fitzpatrick17k_hf/images/img_676.jpg,carcinome_basal,HAM_HAM_0002427,HAM10000,CC-BY-NC-4.0,
fitzpatrick17k_hf/images/img_677.jpg,carcinome_basal,HAM_HAM_0001331,HAM10000,CC-BY-NC-4.0,
fitzpatrick17k_hf/images/img_678.jpg,carcinome_basal,HAM_HAM_0001575,HAM10000,CC-BY-NC-4.0,
fitzpatrick17k_hf/images/img_679.jpg,carcinome_basal,HAM_HAM_0004521,HAM10000,CC-BY-NC-4.0,
fitzpatrick17k_hf/images/img_680.jpg,carcinome_basal,HAM_HAM_0005982,HAM10000,CC-BY-NC-4.0,
fitzpatrick17k_hf/images/img_681.jpg,carcinome_basal,HAM_HAM_0003373,HAM10000,CC-BY-NC-4.0,
fitzpatrick17k_hf/images/img_682.jpg,carcinome_basal,HAM_HAM_0001424,HAM10000,CC-BY-NC-4.0,
fitzpatrick17k_hf/images/img_683.jpg,carcinome_basal,HAM_HAM_0003328,HAM10000,CC-BY-NC-4.0,
fitzpatrick17k_hf/images/img_684.jpg,carcinome_basal,HAM_HAM_0007141,HAM10000,CC-BY-NC-4.0,
fitzpatrick17k_hf/images/img_685.jpg,carcinome_basal,HAM_HAM_0000872,HAM10000,CC-BY-NC-4.0,
fitzpatrick17k_hf/images/img_686.jpg,carcinome_basal,HAM_HAM_0007588,HAM10000,CC-BY-NC-4.0,
fitzpatrick17k_hf/images/img_687.jpg,carcinome_basal,HAM_HAM_0003805,HAM10000,CC-BY-NC-4.0,
fitzpatrick17k_hf/images/img_688.jpg,carcinome_basal,HAM_HAM_0001215,HAM10000,CC-BY-NC-4.0,
fitzpatrick17k_hf/images/img_689.jpg,carcinome_basal,HAM_HAM_0005302,HAM10000,CC-BY-NC-4.0,
fitzpatrick17k_hf/images/img_690.jpg,carcinome_basal,HAM_HAM_0006588,HAM10000,CC-BY-NC-4.0,
fitzpatrick17k_hf/images/img_691.jpg,carcinome_basal,HAM_HAM_0003039,HAM10000,CC-BY-NC-4.0,
fitzpatrick17k_hf/images/img_692.jpg,carcinome_basal,HAM_HAM_0004219,HAM10000,CC-BY-NC-4.0,
fitzpatrick17k_hf/images/img_693.jpg,carcinome_basal,HAM_HAM_0004627,HAM10000,CC-BY-NC-4.0,
fitzpatrick17k_hf/images/img_694.jpg,carcinome_basal,HAM_HAM_0006049,HAM10000,CC-BY-NC-4.0,
fitzpatrick17k_hf/images/img_695.jpg,carcinome_basal,HAM_HAM_0001239,HAM10000,CC-BY-NC-4.0,
fitzpatrick17k_hf/images/img_696.jpg,carcinome_basal,HAM_HAM_0003851,HAM10000,CC-BY-NC-4.0,
fitzpatrick17k_hf/images/img_697.jpg,carcinome_basal,HAM_HAM_0006631,HAM10000,CC-BY-NC-4.0,
fitzpatrick17k_hf/images/img_698.jpg,carcinome_basal,HAM_HAM_0003177,HAM10000,CC-BY-NC-4.0,
fitzpatrick17k_hf/images/img_699.jpg,carcinome_basal,HAM_HAM_0000082,HAM10000,CC-BY-NC-4.0,
fitzpatrick17k_hf/images/img_700.jpg,carcinome_basal,HAM_HAM_0004147,HAM10000,CC-BY-NC-4.0,
fitzpatrick17k_hf/images/img_701.jpg,carcinome_basal,HAM_HAM_0006564,HAM10000,CC-BY-NC-4.0,
fitzpatrick17k_hf/images/img_702.jpg,carcinome_basal,HAM_HAM_0007588,HAM10000,CC-BY-NC-4.0,
fitzpatrick17k_hf/images/img_703.jpg,carcinome_basal,HAM_HAM_0002791,HAM10000,CC-BY-NC-4.0,
fitzpatrick17k_hf/images/img_704.jpg,carcinome_basal,HAM_HAM_0007428,HAM10000,CC-BY-NC-4.0,
fitzpatrick17k_hf/images/img_705.jpg,carcinome_basal,HAM_HAM_0002717,HAM10000,CC-BY-NC-4.0,
fitzpatrick17k_hf/images/img_706.jpg,carcinome_basal,HAM_HAM_0001326,HAM10000,CC-BY-NC-4.0,
fitzpatrick17k_hf/images/img_707.jpg,carcinome_basal,HAM_HAM_0003600,HAM10000,CC-BY-NC-4.0,
fitzpatrick17k_hf/images/img_708.jpg,carcinome_basal,HAM_HAM_0000393,HAM10000,CC-BY-NC-4.0,
fitzpatrick17k_hf/images/img_709.jpg,carcinome_basal,HAM_HAM_0006564,HAM10000,CC-BY-NC-4.0,
fitzpatrick17k_hf/images/img_710.jpg,carcinome_basal,HAM_HAM_0006851,HAM10000,CC-BY-NC-4.0,
fitzpatrick17k_hf/images/img_711.jpg,carcinome_basal,HAM_HAM_0000658,HAM10000,CC-BY-NC-4.0,
fitzpatrick17k_hf/images/img_712.jpg,carcinome_basal,HAM_HAM_0005417,HAM10000,CC-BY-NC-4.0,
fitzpatrick17k_hf/images/img_713.jpg,carcinome_basal,HAM_HAM_0005985,HAM10000,CC-BY-NC-4.0,
fitzpatrick17k_hf/images/img_714.jpg,carcinome_basal,HAM_HAM_0005379,HAM10000,CC-BY-NC-4.0,
fitzpatrick17k_hf/images/img_715.jpg,carcinome_basal,HAM_HAM_0000352,HAM10000,CC-BY-NC-4.0,
fitzpatrick17k_hf/images/img_716.jpg,carcinome_basal,HAM_HAM_0003738,HAM10000,CC-BY-NC-4.0,
fitzpatrick17k_hf/images/img_717.jpg,carcinome_basal,HAM_HAM_0004435,HAM10000,CC-BY-NC-4.0,
fitzpatrick17k_hf/images/img_718.jpg,carcinome_basal,HAM_HAM_0000807,HAM10000,CC-BY-NC-4.0,
fitzpatrick17k_hf/images/img_719.jpg,carcinome_basal,HAM_HAM_0005559,HAM10000,CC-BY-NC-4.0,
fitzpatrick17k_hf/images/img_720.jpg,carcinome_basal,HAM_HAM_0006111,HAM10000,CC-BY-NC-4.0,
fitzpatrick17k_hf/images/img_721.jpg,carcinome_basal,HAM_HAM_0003596,HAM10000,CC-BY-NC-4.0,
fitzpatrick17k_hf/images/img_722.jpg,carcinome_basal,HAM_HAM_0001415,HAM10000,CC-BY-NC-4.0,
fitzpatrick17k_hf/images/img_723.jpg,carcinome_basal,HAM_HAM_0001388,HAM10000,CC-BY-NC-4.0,
fitzpatrick17k_hf/images/img_724.jpg,carcinome_basal,HAM_HAM_0005509,HAM10000,CC-BY-NC-4.0,
fitzpatrick17k_hf/images/img_725.jpg,carcinome_basal,HAM_HAM_0004480,HAM10000,CC-BY-NC-4.0,
fitzpatrick17k_hf/images/img_726.jpg,carcinome_basal,HAM_HAM_0006765,HAM10000,CC-BY-NC-4.0,
fitzpatrick17k_hf/images/img_727.jpg,carcinome_basal,HAM_HAM_0001301,HAM10000,CC-BY-NC-4.0,
fitzpatrick17k_hf/images/img_728.jpg,carcinome_basal,HAM_HAM_0007611,HAM10000,CC-BY-NC-4.0,
fitzpatrick17k_hf/images/img_729.jpg,carcinome_basal,HAM_HAM_0000868,HAM10000,CC-BY-NC-4.0,
fitzpatrick17k_hf/images/img_730.jpg,carcinome_basal,HAM_HAM_0006444,HAM10000,CC-BY-NC-4.0,
fitzpatrick17k_hf/images/img_731.jpg,carcinome_basal,HAM_HAM_0007009,HAM10000,CC-BY-NC-4.0,
fitzpatrick17k_hf/images/img_732.jpg,carcinome_basal,HAM_HAM_0001926,HAM10000,CC-BY-NC-4.0,
fitzpatrick17k_hf/images/img_733.jpg,carcinome_basal,HAM_HAM_0000463,HAM10000,CC-BY-NC-4.0,
fitzpatrick17k_hf/images/img_734.jpg,carcinome_basal,HAM_HAM_0005973,HAM10000,CC-BY-NC-4.0,
fitzpatrick17k_hf/images/img_735.jpg,carcinome_basal,HAM_HAM_0005547,HAM10000,CC-BY-NC-4.0,
fitzpatrick17k_hf/images/img_736.jpg,carcinome_basal,HAM_HAM_0001528,HAM10000,CC-BY-NC-4.0,
fitzpatrick17k_hf/images/img_737.jpg,carcinome_basal,HAM_HAM_0006387,HAM10000,CC-BY-NC-4.0,
fitzpatrick17k_hf/images/img_738.jpg,carcinome_basal,HAM_HAM_0001759,HAM10000,CC-BY-NC-4.0,
fitzpatrick17k_hf/images/img_739.jpg,carcinome_basal,HAM_HAM_0007471,HAM10000,CC-BY-NC-4.0,
fitzpatrick17k_hf/images/img_740.jpg,carcinome_basal,HAM_HAM_0004083,HAM10000,CC-BY-NC-4.0,
fitzpatrick17k_hf/images/img_741.jpg,carcinome_basal,HAM_HAM_0002565,HAM10000,CC-BY-NC-4.0,
fitzpatrick17k_hf/images/img_742.jpg,carcinome_basal,HAM_HAM_0000993,HAM10000,CC-BY-NC-4.0,
fitzpatrick17k_hf/images/img_743.jpg,carcinome_basal,HAM_HAM_0004848,HAM10000,CC-BY-NC-4.0,
fitzpatrick17k_hf/images/img_744.jpg,carcinome_basal,HAM_HAM_0005478,HAM10000,CC-BY-NC-4.0,
fitzpatrick17k_hf/images/img_745.jpg,carcinome_basal,HAM_HAM_0001138,HAM10000,CC-BY-NC-4.0,
fitzpatrick17k_hf/images/img_746.jpg,carcinome_basal,HAM_HAM_0002243,HAM10000,CC-BY-NC-4.0,
fitzpatrick17k_hf/images/img_747.jpg,carcinome_basal,HAM_HAM_0002526,HAM10000,CC-BY-NC-4.0,
fitzpatrick17k_hf/images/img_748.jpg,carcinome_basal,HAM_HAM_0007335,HAM10000,CC-BY-NC-4.0,
fitzpatrick17k_hf/images/img_749.jpg,carcinome_basal,HAM_HAM_0000879,HAM10000,CC-BY-NC-4.0,
fitzpatrick17k_hf/images/img_750.jpg,carcinome_basal,HAM_HAM_0005396,HAM10000,CC-BY-NC-4.0,
fitzpatrick17k_hf/images/img_751.jpg,carcinome_basal,HAM_HAM_0007248,HAM10000,CC-BY-NC-4.0,
fitzpatrick17k_hf/images/img_752.jpg,carcinome_basal,HAM_HAM_0003887,HAM10000,CC-BY-NC-4.0,
fitzpatrick17k_hf/images/img_753.jpg,carcinome_basal,HAM_HAM_0000823,HAM10000,CC-BY-NC-4.0,
fitzpatrick17k_hf/images/img_754.jpg,carcinome_basal,HAM_HAM_0003887,HAM10000,CC-BY-NC-4.0,
fitzpatrick17k_hf/images/img_755.jpg,carcinome_basal,HAM_HAM_0003427,HAM10000,CC-BY-NC-4.0,
fitzpatrick17k_hf/images/img_756.jpg,carcinome_basal,HAM_HAM_0004849,HAM10000,CC-BY-NC-4.0,
fitzpatrick17k_hf/images/img_757.jpg,carcinome_basal,HAM_HAM_0000263,HAM10000,CC-BY-NC-4.0,
fitzpatrick17k_hf/images/img_758.jpg,carcinome_basal,HAM_HAM_0000795,HAM10000,CC-BY-NC-4.0,
fitzpatrick17k_hf/images/img_759.jpg,carcinome_basal,HAM_HAM_0002243,HAM10000,CC-BY-NC-4.0,
fitzpatrick17k_hf/images/img_760.jpg,carcinome_basal,HAM_HAM_0001138,HAM10000,CC-BY-NC-4.0,
fitzpatrick17k_hf/images/img_761.jpg,carcinome_basal,HAM_HAM_0002664,HAM10000,CC-BY-NC-4.0,
fitzpatrick17k_hf/images/img_762.jpg,carcinome_basal,HAM_HAM_0003690,HAM10000,CC-BY-NC-4.0,
fitzpatrick17k_hf/images/img_763.jpg,carcinome_basal,HAM_HAM_0000879,HAM10000,CC-BY-NC-4.0,
fitzpatrick17k_hf/images/img_764.jpg,carcinome_basal,HAM_HAM_0001138,HAM10000,CC-BY-NC-4.0,
fitzpatrick17k_hf/images/img_765.jpg,carcinome_basal,HAM_HAM_0002664,HAM10000,CC-BY-NC-4.0,
fitzpatrick17k_hf/images/img_766.jpg,carcinome_basal,HAM_HAM_0003046,HAM10000,CC-BY-NC-4.0,
fitzpatrick17k_hf/images/img_767.jpg,carcinome_basal,HAM_HAM_0000823,HAM10000,CC-BY-NC-4.0,
fitzpatrick17k_hf/images/img_768.jpg,carcinome_basal,HAM_HAM_0005478,HAM10000,CC-BY-NC-4.0,
fitzpatrick17k_hf/images/img_769.jpg,carcinome_basal,HAM_HAM_0003887,HAM10000,CC-BY-NC-4.0,
fitzpatrick17k_hf/images/img_770.jpg,carcinome_basal,HAM_HAM_0000879,HAM10000,CC-BY-NC-4.0,
fitzpatrick17k_hf/images/img_771.jpg,carcinome_basal,HAM_HAM_0001749,HAM10000,CC-BY-NC-4.0,
fitzpatrick17k_hf/images/img_772.jpg,carcinome_basal,HAM_HAM_0000795,HAM10000,CC-BY-NC-4.0,
fitzpatrick17k_hf/images/img_773.jpg,carcinome_basal,HAM_HAM_0007471,HAM10000,CC-BY-NC-4.0,
fitzpatrick17k_hf/images/img_774.jpg,carcinome_basal,HAM_HAM_0003072,HAM10000,CC-BY-NC-4.0,
fitzpatrick17k_hf/images/img_775.jpg,carcinome_basal,HAM_HAM_0002565,HAM10000,CC-BY-NC-4.0,
fitzpatrick17k_hf/images/img_776.jpg,carcinome_basal,HAM_HAM_0004083,HAM10000,CC-BY-NC-4.0,
fitzpatrick17k_hf/images/img_777.jpg,carcinome_basal,HAM_HAM_0004083,HAM10000,CC-BY-NC-4.0,
fitzpatrick17k_hf/images/img_778.jpg,carcinome_basal,HAM_HAM_0000823,HAM10000,CC-BY-NC-4.0,
fitzpatrick17k_hf/images/img_779.jpg,carcinome_basal,HAM_HAM_0000394,HAM10000,CC-BY-NC-4.0,
fitzpatrick17k_hf/images/img_780.jpg,carcinome_basal,HAM_HAM_0002243,HAM10000,CC-BY-NC-4.0,
fitzpatrick17k_hf/images/img_781.jpg,carcinome_basal,HAM_HAM_0002664,HAM10000,CC-BY-NC-4.0,
fitzpatrick17k_hf/images/img_782.jpg,carcinome_basal,HAM_HAM_0005396,HAM10000,CC-BY-NC-4.0,
fitzpatrick17k_hf/images/img_783.jpg,carcinome_basal,HAM_HAM_0001243,HAM10000,CC-BY-NC-4.0,
fitzpatrick17k_hf/images/img_784.jpg,carcinome_basal,HAM_HAM_0004848,HAM10000,CC-BY-NC-4.0,
fitzpatrick17k_hf/images/img_785.jpg,carcinome_basal,HAM_HAM_0003216,HAM10000,CC-BY-NC-4.0,
fitzpatrick17k_hf/images/img_786.jpg,carcinome_basal,HAM_HAM_0006586,HAM10000,CC-BY-NC-4.0,
fitzpatrick17k_hf/images/img_787.jpg,carcinome_basal,HAM_HAM_0002559,HAM10000,CC-BY-NC-4.0,
fitzpatrick17k_hf/images/img_788.jpg,carcinome_basal,HAM_HAM_0000263,HAM10000,CC-BY-NC-4.0,
fitzpatrick17k_hf/images/img_789.jpg,carcinome_basal,HAM_HAM_0001749,HAM10000,CC-BY-NC-4.0,
fitzpatrick17k_hf/images/img_790.jpg,carcinome_basal,HAM_HAM_0003220,HAM10000,CC-BY-NC-4.0,
fitzpatrick17k_hf/images/img_791.jpg,carcinome_basal,HAM_HAM_0000394,HAM10000,CC-BY-NC-4.0,
fitzpatrick17k_hf/images/img_792.jpg,carcinome_basal,HAM_HAM_0003046,HAM10000,CC-BY-NC-4.0,
fitzpatrick17k_hf/images/img_793.jpg,carcinome_basal,HAM_HAM_0006586,HAM10000,CC-BY-NC-4.0,
fitzpatrick17k_hf/images/img_794.jpg,carcinome_basal,HAM_HAM_0000394,HAM10000,CC-BY-NC-4.0,
fitzpatrick17k_hf/images/img_795.jpg,carcinome_basal,HAM_HAM_0003690,HAM10000,CC-BY-NC-4.0,
fitzpatrick17k_hf/images/img_796.jpg,carcinome_basal,HAM_HAM_0006572,HAM10000,CC-BY-NC-4.0,
fitzpatrick17k_hf/images/img_797.jpg,carcinome_basal,HAM_HAM_0001243,HAM10000,CC-BY-NC-4.0,
fitzpatrick17k_hf/images/img_798.jpg,carcinome_basal,HAM_HAM_0005396,HAM10000,CC-BY-NC-4.0,
fitzpatrick17k_hf/images/img_799.jpg,carcinome_basal,HAM_HAM_0003046,HAM10000,CC-BY-NC-4.0,
fitzpatrick17k_hf/images/img_800.jpg,carcinome_basal,HAM_HAM_0007335,HAM10000,CC-BY-NC-4.0,
fitzpatrick17k_hf/images/img_801.jpg,carcinome_basal,HAM_HAM_0002526,HAM10000,CC-BY-NC-4.0,
fitzpatrick17k_hf/images/img_802.jpg,keratose_benigne,HAM_HAM_0001359,HAM10000,CC-BY-NC-4.0,
fitzpatrick17k_hf/images/img_803.jpg,keratose_benigne,HAM_HAM_0000351,HAM10000,CC-BY-NC-4.0,
fitzpatrick17k_hf/images/img_804.jpg,keratose_benigne,HAM_HAM_0006732,HAM10000,CC-BY-NC-4.0,
fitzpatrick17k_hf/images/img_805.jpg,keratose_benigne,HAM_HAM_0005136,HAM10000,CC-BY-NC-4.0,
fitzpatrick17k_hf/images/img_806.jpg,keratose_benigne,HAM_HAM_0002809,HAM10000,CC-BY-NC-4.0,
fitzpatrick17k_hf/images/img_807.jpg,keratose_benigne,HAM_HAM_0000933,HAM10000,CC-BY-NC-4.0,
fitzpatrick17k_hf/images/img_808.jpg,keratose_benigne,HAM_HAM_0001057,HAM10000,CC-BY-NC-4.0,
fitzpatrick17k_hf/images/img_809.jpg,keratose_benigne,HAM_HAM_0004632,HAM10000,CC-BY-NC-4.0,
fitzpatrick17k_hf/images/img_810.jpg,keratose_benigne,HAM_HAM_0004768,HAM10000,CC-BY-NC-4.0,
fitzpatrick17k_hf/images/img_811.jpg,keratose_benigne,HAM_HAM_0000835,HAM10000,CC-BY-NC-4.0,
fitzpatrick17k_hf/images/img_812.jpg,keratose_benigne,HAM_HAM_0003835,HAM10000,CC-BY-NC-4.0,
fitzpatrick17k_hf/images/img_813.jpg,keratose_benigne,HAM_HAM_0006201,HAM10000,CC-BY-NC-4.0,
fitzpatrick17k_hf/images/img_814.jpg,keratose_benigne,HAM_HAM_0001605,HAM10000,CC-BY-NC-4.0,
fitzpatrick17k_hf/images/img_815.jpg,keratose_benigne,HAM_HAM_0001597,HAM10000,CC-BY-NC-4.0,
fitzpatrick17k_hf/images/img_816.jpg,keratose_benigne,HAM_HAM_0003317,HAM10000,CC-BY-NC-4.0,
fitzpatrick17k_hf/images/img_817.jpg,keratose_benigne,HAM_HAM_0001475,HAM10000,CC-BY-NC-4.0,
fitzpatrick17k_hf/images/img_818.jpg,keratose_benigne,HAM_HAM_0005514,HAM10000,CC-BY-NC-4.0,
fitzpatrick17k_hf/images/img_819.jpg,keratose_benigne,HAM_HAM_0000299,HAM10000,CC-BY-NC-4.0,
fitzpatrick17k_hf/images/img_820.jpg,keratose_benigne,HAM_HAM_0000259,HAM10000,CC-BY-NC-4.0,
fitzpatrick17k_hf/images/img_821.jpg,keratose_benigne,HAM_HAM_0000710,HAM10000,CC-BY-NC-4.0,
fitzpatrick17k_hf/images/img_822.jpg,keratose_benigne,HAM_HAM_0000985,HAM10000,CC-BY-NC-4.0,
fitzpatrick17k_hf/images/img_823.jpg,keratose_benigne,HAM_HAM_0002933,HAM10000,CC-BY-NC-4.0,
fitzpatrick17k_hf/images/img_824.jpg,keratose_benigne,HAM_HAM_0006466,HAM10000,CC-BY-NC-4.0,
fitzpatrick17k_hf/images/img_825.jpg,keratose_benigne,HAM_HAM_0002462,HAM10000,CC-BY-NC-4.0,
fitzpatrick17k_hf/images/img_826.jpg,keratose_benigne,HAM_HAM_0000364,HAM10000,CC-BY-NC-4.0,
fitzpatrick17k_hf/images/img_827.jpg,keratose_benigne,HAM_HAM_0005790,HAM10000,CC-BY-NC-4.0,
fitzpatrick17k_hf/images/img_828.jpg,keratose_benigne,HAM_HAM_0001995,HAM10000,CC-BY-NC-4.0,
fitzpatrick17k_hf/images/img_829.jpg,keratose_benigne,HAM_HAM_0000236,HAM10000,CC-BY-NC-4.0,
fitzpatrick17k_hf/images/img_830.jpg,keratose_benigne,HAM_HAM_0002984,HAM10000,CC-BY-NC-4.0,
fitzpatrick17k_hf/images/img_831.jpg,keratose_benigne,HAM_HAM_0000383,HAM10000,CC-BY-NC-4.0,
fitzpatrick17k_hf/images/img_832.jpg,keratose_benigne,HAM_HAM_0003458,HAM10000,CC-BY-NC-4.0,
fitzpatrick17k_hf/images/img_833.jpg,keratose_benigne,HAM_HAM_0003410,HAM10000,CC-BY-NC-4.0,
fitzpatrick17k_hf/images/img_834.jpg,keratose_benigne,HAM_HAM_0005101,HAM10000,CC-BY-NC-4.0,
fitzpatrick17k_hf/images/img_835.jpg,keratose_benigne,HAM_HAM_0007513,HAM10000,CC-BY-NC-4.0,
fitzpatrick17k_hf/images/img_836.jpg,keratose_benigne,HAM_HAM_0001082,HAM10000,CC-BY-NC-4.0,
fitzpatrick17k_hf/images/img_837.jpg,keratose_benigne,HAM_HAM_0007355,HAM10000,CC-BY-NC-4.0,
fitzpatrick17k_hf/images/img_838.jpg,keratose_benigne,HAM_HAM_0003868,HAM10000,CC-BY-NC-4.0,
fitzpatrick17k_hf/images/img_839.jpg,keratose_benigne,HAM_HAM_0004832,HAM10000,CC-BY-NC-4.0,
fitzpatrick17k_hf/images/img_840.jpg,keratose_benigne,HAM_HAM_0004947,HAM10000,CC-BY-NC-4.0,
fitzpatrick17k_hf/images/img_841.jpg,keratose_benigne,HAM_HAM_0005125,HAM10000,CC-BY-NC-4.0,
fitzpatrick17k_hf/images/img_842.jpg,keratose_benigne,HAM_HAM_0005420,HAM10000,CC-BY-NC-4.0,
fitzpatrick17k_hf/images/img_843.jpg,keratose_benigne,HAM_HAM_0000770,HAM10000,CC-BY-NC-4.0,
fitzpatrick17k_hf/images/img_844.jpg,keratose_benigne,HAM_HAM_0003420,HAM10000,CC-BY-NC-4.0,
fitzpatrick17k_hf/images/img_845.jpg,keratose_benigne,HAM_HAM_0005968,HAM10000,CC-BY-NC-4.0,
fitzpatrick17k_hf/images/img_846.jpg,keratose_benigne,HAM_HAM_0003856,HAM10000,CC-BY-NC-4.0,
fitzpatrick17k_hf/images/img_847.jpg,keratose_benigne,HAM_HAM_0005053,HAM10000,CC-BY-NC-4.0,
fitzpatrick17k_hf/images/img_848.jpg,keratose_benigne,HAM_HAM_0000106,HAM10000,CC-BY-NC-4.0,
fitzpatrick17k_hf/images/img_849.jpg,keratose_benigne,HAM_HAM_0002400,HAM10000,CC-BY-NC-4.0,
fitzpatrick17k_hf/images/img_850.jpg,keratose_benigne,HAM_HAM_0000844,HAM10000,CC-BY-NC-4.0,
fitzpatrick17k_hf/images/img_851.jpg,keratose_benigne,HAM_HAM_0002903,HAM10000,CC-BY-NC-4.0,
fitzpatrick17k_hf/images/img_852.jpg,keratose_benigne,HAM_HAM_0004004,HAM10000,CC-BY-NC-4.0,
fitzpatrick17k_hf/images/img_853.jpg,keratose_benigne,HAM_HAM_0002227,HAM10000,CC-BY-NC-4.0,
fitzpatrick17k_hf/images/img_854.jpg,keratose_benigne,HAM_HAM_0005896,HAM10000,CC-BY-NC-4.0,
fitzpatrick17k_hf/images/img_855.jpg,keratose_benigne,HAM_HAM_0000893,HAM10000,CC-BY-NC-4.0,
fitzpatrick17k_hf/images/img_856.jpg,keratose_benigne,HAM_HAM_0001773,HAM10000,CC-BY-NC-4.0,
fitzpatrick17k_hf/images/img_857.jpg,keratose_benigne,HAM_HAM_0000425,HAM10000,CC-BY-NC-4.0,
fitzpatrick17k_hf/images/img_858.jpg,keratose_benigne,HAM_HAM_0007393,HAM10000,CC-BY-NC-4.0,
fitzpatrick17k_hf/images/img_859.jpg,keratose_benigne,HAM_HAM_0007078,HAM10000,CC-BY-NC-4.0,
fitzpatrick17k_hf/images/img_860.jpg,keratose_benigne,HAM_HAM_0003574,HAM10000,CC-BY-NC-4.0,
fitzpatrick17k_hf/images/img_861.jpg,keratose_benigne,HAM_HAM_0005157,HAM10000,CC-BY-NC-4.0,
fitzpatrick17k_hf/images/img_862.jpg,keratose_benigne,HAM_HAM_0004696,HAM10000,CC-BY-NC-4.0,
fitzpatrick17k_hf/images/img_863.jpg,keratose_benigne,HAM_HAM_0006541,HAM10000,CC-BY-NC-4.0,
fitzpatrick17k_hf/images/img_864.jpg,keratose_benigne,HAM_HAM_0007439,HAM10000,CC-BY-NC-4.0,
fitzpatrick17k_hf/images/img_865.jpg,keratose_benigne,HAM_HAM_0002058,HAM10000,CC-BY-NC-4.0,
fitzpatrick17k_hf/images/img_866.jpg,keratose_benigne,HAM_HAM_0002757,HAM10000,CC-BY-NC-4.0,
fitzpatrick17k_hf/images/img_867.jpg,keratose_benigne,HAM_HAM_0000238,HAM10000,CC-BY-NC-4.0,
fitzpatrick17k_hf/images/img_868.jpg,keratose_benigne,HAM_HAM_0006988,HAM10000,CC-BY-NC-4.0,
fitzpatrick17k_hf/images/img_869.jpg,keratose_benigne,HAM_HAM_0001721,HAM10000,CC-BY-NC-4.0,
fitzpatrick17k_hf/images/img_870.jpg,keratose_benigne,HAM_HAM_0001815,HAM10000,CC-BY-NC-4.0,
fitzpatrick17k_hf/images/img_871.jpg,keratose_benigne,HAM_HAM_0005325,HAM10000,CC-BY-NC-4.0,
fitzpatrick17k_hf/images/img_872.jpg,keratose_benigne,HAM_HAM_0005612,HAM10000,CC-BY-NC-4.0,
fitzpatrick17k_hf/images/img_873.jpg,keratose_benigne,HAM_HAM_0005199,HAM10000,CC-BY-NC-4.0,
fitzpatrick17k_hf/images/img_874.jpg,keratose_benigne,HAM_HAM_0006343,HAM10000,CC-BY-NC-4.0,
fitzpatrick17k_hf/images/img_875.jpg,keratose_benigne,HAM_HAM_0002462,HAM10000,CC-BY-NC-4.0,
fitzpatrick17k_hf/images/img_876.jpg,keratose_benigne,HAM_HAM_0007125,HAM10000,CC-BY-NC-4.0,
fitzpatrick17k_hf/images/img_877.jpg,keratose_benigne,HAM_HAM_0000118,HAM10000,CC-BY-NC-4.0,
fitzpatrick17k_hf/images/img_878.jpg,keratose_benigne,HAM_HAM_0004500,HAM10000,CC-BY-NC-4.0,
fitzpatrick17k_hf/images/img_879.jpg,keratose_benigne,HAM_HAM_0003301,HAM10000,CC-BY-NC-4.0,
fitzpatrick17k_hf/images/img_880.jpg,keratose_benigne,HAM_HAM_0005743,HAM10000,CC-BY-NC-4.0,
fitzpatrick17k_hf/images/img_881.jpg,keratose_benigne,HAM_HAM_0006541,HAM10000,CC-BY-NC-4.0,
fitzpatrick17k_hf/images/img_882.jpg,keratose_benigne,HAM_HAM_0002985,HAM10000,CC-BY-NC-4.0,
fitzpatrick17k_hf/images/img_883.jpg,keratose_benigne,HAM_HAM_0006541,HAM10000,CC-BY-NC-4.0,
fitzpatrick17k_hf/images/img_884.jpg,keratose_benigne,HAM_HAM_0002749,HAM10000,CC-BY-NC-4.0,
fitzpatrick17k_hf/images/img_885.jpg,keratose_benigne,HAM_HAM_0000542,HAM10000,CC-BY-NC-4.0,
fitzpatrick17k_hf/images/img_886.jpg,keratose_benigne,HAM_HAM_0007563,HAM10000,CC-BY-NC-4.0,
fitzpatrick17k_hf/images/img_887.jpg,keratose_benigne,HAM_HAM_0007409,HAM10000,CC-BY-NC-4.0,
fitzpatrick17k_hf/images/img_888.jpg,keratose_benigne,HAM_HAM_0003015,HAM10000,CC-BY-NC-4.0,
fitzpatrick17k_hf/images/img_889.jpg,keratose_benigne,HAM_HAM_0004050,HAM10000,CC-BY-NC-4.0,
fitzpatrick17k_hf/images/img_890.jpg,keratose_benigne,HAM_HAM_0004641,HAM10000,CC-BY-NC-4.0,
fitzpatrick17k_hf/images/img_891.jpg,keratose_benigne,HAM_HAM_0001529,HAM10000,CC-BY-NC-4.0,
fitzpatrick17k_hf/images/img_892.jpg,keratose_benigne,HAM_HAM_0000149,HAM10000,CC-BY-NC-4.0,
fitzpatrick17k_hf/images/img_893.jpg,keratose_benigne,HAM_HAM_0006124,HAM10000,CC-BY-NC-4.0,
fitzpatrick17k_hf/images/img_894.jpg,keratose_benigne,HAM_HAM_0000308,HAM10000,CC-BY-NC-4.0,
fitzpatrick17k_hf/images/img_895.jpg,keratose_benigne,HAM_HAM_0000907,HAM10000,CC-BY-NC-4.0,
fitzpatrick17k_hf/images/img_896.jpg,keratose_benigne,HAM_HAM_0004491,HAM10000,CC-BY-NC-4.0,
fitzpatrick17k_hf/images/img_897.jpg,keratose_benigne,HAM_HAM_0003265,HAM10000,CC-BY-NC-4.0,
fitzpatrick17k_hf/images/img_898.jpg,keratose_benigne,HAM_HAM_0003206,HAM10000,CC-BY-NC-4.0,
fitzpatrick17k_hf/images/img_899.jpg,keratose_benigne,HAM_HAM_0005132,HAM10000,CC-BY-NC-4.0,
fitzpatrick17k_hf/images/img_900.jpg,keratose_benigne,HAM_HAM_0000973,HAM10000,CC-BY-NC-4.0,
fitzpatrick17k_hf/images/img_901.jpg,keratose_benigne,HAM_HAM_0006123,HAM10000,CC-BY-NC-4.0,
fitzpatrick17k_hf/images/img_902.jpg,keratose_benigne,HAM_HAM_0001396,HAM10000,CC-BY-NC-4.0,
fitzpatrick17k_hf/images/img_903.jpg,keratose_benigne,HAM_HAM_0000728,HAM10000,CC-BY-NC-4.0,
fitzpatrick17k_hf/images/img_904.jpg,keratose_benigne,HAM_HAM_0004630,HAM10000,CC-BY-NC-4.0,
fitzpatrick17k_hf/images/img_905.jpg,keratose_benigne,HAM_HAM_0007513,HAM10000,CC-BY-NC-4.0,
fitzpatrick17k_hf/images/img_906.jpg,keratose_benigne,HAM_HAM_0005610,HAM10000,CC-BY-NC-4.0,
fitzpatrick17k_hf/images/img_907.jpg,keratose_benigne,HAM_HAM_0000453,HAM10000,CC-BY-NC-4.0,
fitzpatrick17k_hf/images/img_908.jpg,keratose_benigne,HAM_HAM_0002988,HAM10000,CC-BY-NC-4.0,
fitzpatrick17k_hf/images/img_909.jpg,keratose_benigne,HAM_HAM_0006755,HAM10000,CC-BY-NC-4.0,
fitzpatrick17k_hf/images/img_910.jpg,keratose_benigne,HAM_HAM_0000893,HAM10000,CC-BY-NC-4.0,
fitzpatrick17k_hf/images/img_911.jpg,keratose_benigne,HAM_HAM_0007591,HAM10000,CC-BY-NC-4.0,
fitzpatrick17k_hf/images/img_912.jpg,keratose_benigne,HAM_HAM_0002276,HAM10000,CC-BY-NC-4.0,
fitzpatrick17k_hf/images/img_913.jpg,keratose_benigne,HAM_HAM_0006031,HAM10000,CC-BY-NC-4.0,
fitzpatrick17k_hf/images/img_914.jpg,keratose_benigne,HAM_HAM_0006580,HAM10000,CC-BY-NC-4.0,
fitzpatrick17k_hf/images/img_915.jpg,keratose_benigne,HAM_HAM_0000835,HAM10000,CC-BY-NC-4.0,
fitzpatrick17k_hf/images/img_916.jpg,keratose_benigne,HAM_HAM_0000792,HAM10000,CC-BY-NC-4.0,
fitzpatrick17k_hf/images/img_917.jpg,keratose_benigne,HAM_HAM_0003007,HAM10000,CC-BY-NC-4.0,
fitzpatrick17k_hf/images/img_918.jpg,keratose_benigne,HAM_HAM_0004921,HAM10000,CC-BY-NC-4.0,
fitzpatrick17k_hf/images/img_919.jpg,keratose_benigne,HAM_HAM_0002161,HAM10000,CC-BY-NC-4.0,
fitzpatrick17k_hf/images/img_920.jpg,keratose_benigne,HAM_HAM_0007010,HAM10000,CC-BY-NC-4.0,
fitzpatrick17k_hf/images/img_921.jpg,keratose_benigne,HAM_HAM_0000607,HAM10000,CC-BY-NC-4.0,
fitzpatrick17k_hf/images/img_922.jpg,keratose_benigne,HAM_HAM_0001878,HAM10000,CC-BY-NC-4.0,
fitzpatrick17k_hf/images/img_923.jpg,keratose_benigne,HAM_HAM_0001423,HAM10000,CC-BY-NC-4.0,
fitzpatrick17k_hf/images/img_924.jpg,keratose_benigne,HAM_HAM_0003996,HAM10000,CC-BY-NC-4.0,
fitzpatrick17k_hf/images/img_925.jpg,keratose_benigne,HAM_HAM_0001620,HAM10000,CC-BY-NC-4.0,
fitzpatrick17k_hf/images/img_926.jpg,keratose_benigne,HAM_HAM_0005632,HAM10000,CC-BY-NC-4.0,
fitzpatrick17k_hf/images/img_927.jpg,keratose_benigne,HAM_HAM_0000215,HAM10000,CC-BY-NC-4.0,
fitzpatrick17k_hf/images/img_928.jpg,keratose_benigne,HAM_HAM_0005260,HAM10000,CC-BY-NC-4.0,
fitzpatrick17k_hf/images/img_929.jpg,keratose_benigne,HAM_HAM_0006190,HAM10000,CC-BY-NC-4.0,
fitzpatrick17k_hf/images/img_930.jpg,keratose_benigne,HAM_HAM_0002092,HAM10000,CC-BY-NC-4.0,
fitzpatrick17k_hf/images/img_931.jpg,keratose_benigne,HAM_HAM_0001781,HAM10000,CC-BY-NC-4.0,
fitzpatrick17k_hf/images/img_932.jpg,keratose_benigne,HAM_HAM_0006211,HAM10000,CC-BY-NC-4.0,
fitzpatrick17k_hf/images/img_933.jpg,keratose_benigne,HAM_HAM_0003187,HAM10000,CC-BY-NC-4.0,
fitzpatrick17k_hf/images/img_934.jpg,keratose_benigne,HAM_HAM_0000898,HAM10000,CC-BY-NC-4.0,
fitzpatrick17k_hf/images/img_935.jpg,keratose_benigne,HAM_HAM_0003326,HAM10000,CC-BY-NC-4.0,
fitzpatrick17k_hf/images/img_936.jpg,keratose_benigne,HAM_HAM_0000907,HAM10000,CC-BY-NC-4.0,
fitzpatrick17k_hf/images/img_937.jpg,keratose_benigne,HAM_HAM_0006574,HAM10000,CC-BY-NC-4.0,
fitzpatrick17k_hf/images/img_938.jpg,keratose_benigne,HAM_HAM_0001245,HAM10000,CC-BY-NC-4.0,
fitzpatrick17k_hf/images/img_939.jpg,keratose_benigne,HAM_HAM_0004131,HAM10000,CC-BY-NC-4.0,
fitzpatrick17k_hf/images/img_940.jpg,keratose_benigne,HAM_HAM_0000821,HAM10000,CC-BY-NC-4.0,
fitzpatrick17k_hf/images/img_941.jpg,keratose_benigne,HAM_HAM_0005335,HAM10000,CC-BY-NC-4.0,
fitzpatrick17k_hf/images/img_942.jpg,keratose_benigne,HAM_HAM_0007409,HAM10000,CC-BY-NC-4.0,
fitzpatrick17k_hf/images/img_943.jpg,keratose_benigne,HAM_HAM_0002742,HAM10000,CC-BY-NC-4.0,
fitzpatrick17k_hf/images/img_944.jpg,keratose_benigne,HAM_HAM_0005915,HAM10000,CC-BY-NC-4.0,
fitzpatrick17k_hf/images/img_945.jpg,keratose_benigne,HAM_HAM_0004988,HAM10000,CC-BY-NC-4.0,
fitzpatrick17k_hf/images/img_946.jpg,keratose_benigne,HAM_HAM_0002730,HAM10000,CC-BY-NC-4.0,
fitzpatrick17k_hf/images/img_947.jpg,keratose_benigne,HAM_HAM_0002879,HAM10000,CC-BY-NC-4.0,
fitzpatrick17k_hf/images/img_948.jpg,keratose_benigne,HAM_HAM_0005082,HAM10000,CC-BY-NC-4.0,
fitzpatrick17k_hf/images/img_949.jpg,keratose_benigne,HAM_HAM_0000110,HAM10000,CC-BY-NC-4.0,
fitzpatrick17k_hf/images/img_950.jpg,keratose_benigne,HAM_HAM_0001529,HAM10000,CC-BY-NC-4.0,
fitzpatrick17k_hf/images/img_951.jpg,keratose_benigne,HAM_HAM_0001200,HAM10000,CC-BY-NC-4.0,
fitzpatrick17k_hf/images/img_952.jpg,keratose_benigne,HAM_HAM_0000833,HAM10000,CC-BY-NC-4.0,
fitzpatrick17k_hf/images/img_953.jpg,keratose_benigne,HAM_HAM_0004382,HAM10000,CC-BY-NC-4.0,
fitzpatrick17k_hf/images/img_954.jpg,keratose_benigne,HAM_HAM_0005591,HAM10000,CC-BY-NC-4.0,
fitzpatrick17k_hf/images/img_955.jpg,keratose_benigne,HAM_HAM_0004912,HAM10000,CC-BY-NC-4.0,
fitzpatrick17k_hf/images/img_956.jpg,keratose_benigne,HAM_HAM_0005443,HAM10000,CC-BY-NC-4.0,
fitzpatrick17k_hf/images/img_957.jpg,keratose_benigne,HAM_HAM_0001949,HAM10000,CC-BY-NC-4.0,
fitzpatrick17k_hf/images/img_958.jpg,keratose_benigne,HAM_HAM_0002827,HAM10000,CC-BY-NC-4.0,
fitzpatrick17k_hf/images/img_959.jpg,keratose_benigne,HAM_HAM_0005728,HAM10000,CC-BY-NC-4.0,
fitzpatrick17k_hf/images/img_960.jpg,keratose_benigne,HAM_HAM_0004531,HAM10000,CC-BY-NC-4.0,
fitzpatrick17k_hf/images/img_961.jpg,keratose_benigne,HAM_HAM_0001443,HAM10000,CC-BY-NC-4.0,
fitzpatrick17k_hf/images/img_962.jpg,keratose_benigne,HAM_HAM_0004691,HAM10000,CC-BY-NC-4.0,
fitzpatrick17k_hf/images/img_963.jpg,keratose_benigne,HAM_HAM_0003559,HAM10000,CC-BY-NC-4.0,
fitzpatrick17k_hf/images/img_964.jpg,keratose_benigne,HAM_HAM_0002299,HAM10000,CC-BY-NC-4.0,
fitzpatrick17k_hf/images/img_965.jpg,keratose_benigne,HAM_HAM_0007232,HAM10000,CC-BY-NC-4.0,
fitzpatrick17k_hf/images/img_966.jpg,keratose_benigne,HAM_HAM_0005132,HAM10000,CC-BY-NC-4.0,
fitzpatrick17k_hf/images/img_967.jpg,keratose_benigne,HAM_HAM_0004274,HAM10000,CC-BY-NC-4.0,
fitzpatrick17k_hf/images/img_968.jpg,keratose_benigne,HAM_HAM_0005845,HAM10000,CC-BY-NC-4.0,
fitzpatrick17k_hf/images/img_969.jpg,keratose_benigne,HAM_HAM_0007220,HAM10000,CC-BY-NC-4.0,
fitzpatrick17k_hf/images/img_970.jpg,keratose_benigne,HAM_HAM_0003689,HAM10000,CC-BY-NC-4.0,
fitzpatrick17k_hf/images/img_971.jpg,keratose_benigne,HAM_HAM_0002957,HAM10000,CC-BY-NC-4.0,
fitzpatrick17k_hf/images/img_972.jpg,keratose_benigne,HAM_HAM_0004289,HAM10000,CC-BY-NC-4.0,
fitzpatrick17k_hf/images/img_973.jpg,keratose_benigne,HAM_HAM_0007607,HAM10000,CC-BY-NC-4.0,
fitzpatrick17k_hf/images/img_974.jpg,keratose_benigne,HAM_HAM_0000582,HAM10000,CC-BY-NC-4.0,
fitzpatrick17k_hf/images/img_975.jpg,keratose_benigne,HAM_HAM_0007179,HAM10000,CC-BY-NC-4.0,
fitzpatrick17k_hf/images/img_976.jpg,keratose_benigne,HAM_HAM_0001601,HAM10000,CC-BY-NC-4.0,
fitzpatrick17k_hf/images/img_977.jpg,keratose_benigne,HAM_HAM_0005606,HAM10000,CC-BY-NC-4.0,
fitzpatrick17k_hf/images/img_978.jpg,keratose_benigne,HAM_HAM_0004884,HAM10000,CC-BY-NC-4.0,
fitzpatrick17k_hf/images/img_979.jpg,keratose_benigne,HAM_HAM_0006622,HAM10000,CC-BY-NC-4.0,
fitzpatrick17k_hf/images/img_980.jpg,keratose_benigne,HAM_HAM_0003943,HAM10000,CC-BY-NC-4.0,
fitzpatrick17k_hf/images/img_981.jpg,keratose_benigne,HAM_HAM_0002839,HAM10000,CC-BY-NC-4.0,
fitzpatrick17k_hf/images/img_982.jpg,keratose_benigne,HAM_HAM_0004234,HAM10000,CC-BY-NC-4.0,
fitzpatrick17k_hf/images/img_983.jpg,keratose_benigne,HAM_HAM_0004545,HAM10000,CC-BY-NC-4.0,
fitzpatrick17k_hf/images/img_984.jpg,keratose_benigne,HAM_HAM_0006123,HAM10000,CC-BY-NC-4.0,
fitzpatrick17k_hf/images/img_985.jpg,keratose_benigne,HAM_HAM_0002350,HAM10000,CC-BY-NC-4.0,
fitzpatrick17k_hf/images/img_986.jpg,keratose_benigne,HAM_HAM_0003789,HAM10000,CC-BY-NC-4.0,
fitzpatrick17k_hf/images/img_987.jpg,keratose_benigne,HAM_HAM_0005883,HAM10000,CC-BY-NC-4.0,
fitzpatrick17k_hf/images/img_988.jpg,keratose_benigne,HAM_HAM_0006945,HAM10000,CC-BY-NC-4.0,
fitzpatrick17k_hf/images/img_989.jpg,keratose_benigne,HAM_HAM_0002190,HAM10000,CC-BY-NC-4.0,
fitzpatrick17k_hf/images/img_990.jpg,keratose_benigne,HAM_HAM_0005891,HAM10000,CC-BY-NC-4.0,
fitzpatrick17k_hf/images/img_991.jpg,keratose_benigne,HAM_HAM_0000524,HAM10000,CC-BY-NC-4.0,
fitzpatrick17k_hf/images/img_992.jpg,keratose_benigne,HAM_HAM_0002268,HAM10000,CC-BY-NC-4.0,
fitzpatrick17k_hf/images/img_993.jpg,keratose_benigne,HAM_HAM_0006622,HAM10000,CC-BY-NC-4.0,
fitzpatrick17k_hf/images/img_994.jpg,keratose_benigne,HAM_HAM_0001858,HAM10000,CC-BY-NC-4.0,
fitzpatrick17k_hf/images/img_995.jpg,keratose_benigne,HAM_HAM_0004569,HAM10000,CC-BY-NC-4.0,
fitzpatrick17k_hf/images/img_996.jpg,keratose_benigne,HAM_HAM_0003265,HAM10000,CC-BY-NC-4.0,
fitzpatrick17k_hf/images/img_997.jpg,keratose_benigne,HAM_HAM_0006772,HAM10000,CC-BY-NC-4.0,
fitzpatrick17k_hf/images/img_998.jpg,keratose_benigne,HAM_HAM_0002809,HAM10000,CC-BY-NC-4.0,
fitzpatrick17k_hf/images/img_999.jpg,keratose_benigne,HAM_HAM_0006945,HAM10000,CC-BY-NC-4.0,
fitzpatrick17k_hf/images/img_1000.jpg,keratose_benigne,HAM_HAM_0002957,HAM10000,CC-BY-NC-4.0,
fitzpatrick17k_hf/images/img_1001.jpg,keratose_benigne,HAM_HAM_0004491,HAM10000,CC-BY-NC-4.0,
fitzpatrick17k_hf/images/img_1002.jpg,keratose_benigne,HAM_HAM_0006009,HAM10000,CC-BY-NC-4.0,
fitzpatrick17k_hf/images/img_1003.jpg,keratose_benigne,HAM_HAM_0006912,HAM10000,CC-BY-NC-4.0,
fitzpatrick17k_hf/images/img_1004.jpg,keratose_benigne,HAM_HAM_0006399,HAM10000,CC-BY-NC-4.0,
fitzpatrick17k_hf/images/img_1005.jpg,keratose_benigne,HAM_HAM_0001938,HAM10000,CC-BY-NC-4.0,
fitzpatrick17k_hf/images/img_1006.jpg,keratose_benigne,HAM_HAM_0004224,HAM10000,CC-BY-NC-4.0,
fitzpatrick17k_hf/images/img_1007.jpg,keratose_benigne,HAM_HAM_0007315,HAM10000,CC-BY-NC-4.0,
fitzpatrick17k_hf/images/img_1008.jpg,keratose_benigne,HAM_HAM_0000974,HAM10000,CC-BY-NC-4.0,
fitzpatrick17k_hf/images/img_1009.jpg,keratose_benigne,HAM_HAM_0002042,HAM10000,CC-BY-NC-4.0,
fitzpatrick17k_hf/images/img_1010.jpg,keratose_benigne,HAM_HAM_0001597,HAM10000,CC-BY-NC-4.0,
fitzpatrick17k_hf/images/img_1011.jpg,keratose_benigne,HAM_HAM_0000164,HAM10000,CC-BY-NC-4.0,
fitzpatrick17k_hf/images/img_1012.jpg,keratose_benigne,HAM_HAM_0000710,HAM10000,CC-BY-NC-4.0,
fitzpatrick17k_hf/images/img_1013.jpg,keratose_benigne,HAM_HAM_0000696,HAM10000,CC-BY-NC-4.0,
fitzpatrick17k_hf/images/img_1014.jpg,keratose_benigne,HAM_HAM_0006346,HAM10000,CC-BY-NC-4.0,
fitzpatrick17k_hf/images/img_1015.jpg,keratose_benigne,HAM_HAM_0005157,HAM10000,CC-BY-NC-4.0,
fitzpatrick17k_hf/images/img_1016.jpg,keratose_benigne,HAM_HAM_0000685,HAM10000,CC-BY-NC-4.0,
fitzpatrick17k_hf/images/img_1017.jpg,keratose_benigne,HAM_HAM_0002529,HAM10000,CC-BY-NC-4.0,
fitzpatrick17k_hf/images/img_1018.jpg,keratose_benigne,HAM_HAM_0004917,HAM10000,CC-BY-NC-4.0,
fitzpatrick17k_hf/images/img_1019.jpg,keratose_benigne,HAM_HAM_0006099,HAM10000,CC-BY-NC-4.0,
fitzpatrick17k_hf/images/img_1020.jpg,keratose_benigne,HAM_HAM_0002400,HAM10000,CC-BY-NC-4.0,
fitzpatrick17k_hf/images/img_1021.jpg,keratose_benigne,HAM_HAM_0003856,HAM10000,CC-BY-NC-4.0,
fitzpatrick17k_hf/images/img_1022.jpg,keratose_benigne,HAM_HAM_0003920,HAM10000,CC-BY-NC-4.0,
fitzpatrick17k_hf/images/img_1023.jpg,keratose_benigne,HAM_HAM_0006723,HAM10000,CC-BY-NC-4.0,
fitzpatrick17k_hf/images/img_1024.jpg,keratose_benigne,HAM_HAM_0004426,HAM10000,CC-BY-NC-4.0,
fitzpatrick17k_hf/images/img_1025.jpg,keratose_benigne,HAM_HAM_0000893,HAM10000,CC-BY-NC-4.0,
fitzpatrick17k_hf/images/img_1026.jpg,keratose_benigne,HAM_HAM_0003979,HAM10000,CC-BY-NC-4.0,
fitzpatrick17k_hf/images/img_1027.jpg,keratose_benigne,HAM_HAM_0005993,HAM10000,CC-BY-NC-4.0,
fitzpatrick17k_hf/images/img_1028.jpg,keratose_benigne,HAM_HAM_0002902,HAM10000,CC-BY-NC-4.0,
fitzpatrick17k_hf/images/img_1029.jpg,keratose_benigne,HAM_HAM_0001539,HAM10000,CC-BY-NC-4.0,
fitzpatrick17k_hf/images/img_1030.jpg,keratose_benigne,HAM_HAM_0002965,HAM10000,CC-BY-NC-4.0,
fitzpatrick17k_hf/images/img_1031.jpg,keratose_benigne,HAM_HAM_0006563,HAM10000,CC-BY-NC-4.0,
fitzpatrick17k_hf/images/img_1032.jpg,keratose_benigne,HAM_HAM_0007332,HAM10000,CC-BY-NC-4.0,
fitzpatrick17k_hf/images/img_1033.jpg,keratose_benigne,HAM_HAM_0000259,HAM10000,CC-BY-NC-4.0,
fitzpatrick17k_hf/images/img_1034.jpg,keratose_benigne,HAM_HAM_0002242,HAM10000,CC-BY-NC-4.0,
fitzpatrick17k_hf/images/img_1035.jpg,keratose_benigne,HAM_HAM_0007598,HAM10000,CC-BY-NC-4.0,
fitzpatrick17k_hf/images/img_1036.jpg,keratose_benigne,HAM_HAM_0004338,HAM10000,CC-BY-NC-4.0,
fitzpatrick17k_hf/images/img_1037.jpg,keratose_benigne,HAM_HAM_0000524,HAM10000,CC-BY-NC-4.0,
fitzpatrick17k_hf/images/img_1038.jpg,keratose_benigne,HAM_HAM_0005146,HAM10000,CC-BY-NC-4.0,
fitzpatrick17k_hf/images/img_1039.jpg,keratose_benigne,HAM_HAM_0000835,HAM10000,CC-BY-NC-4.0,
fitzpatrick17k_hf/images/img_1040.jpg,keratose_benigne,HAM_HAM_0003766,HAM10000,CC-BY-NC-4.0,
fitzpatrick17k_hf/images/img_1041.jpg,keratose_benigne,HAM_HAM_0004696,HAM10000,CC-BY-NC-4.0,
fitzpatrick17k_hf/images/img_1042.jpg,keratose_benigne,HAM_HAM_0007024,HAM10000,CC-BY-NC-4.0,
fitzpatrick17k_hf/images/img_1043.jpg,keratose_benigne,HAM_HAM_0002005,HAM10000,CC-BY-NC-4.0,
fitzpatrick17k_hf/images/img_1044.jpg,keratose_benigne,HAM_HAM_0004078,HAM10000,CC-BY-NC-4.0,
fitzpatrick17k_hf/images/img_1045.jpg,keratose_benigne,HAM_HAM_0000999,HAM10000,CC-BY-NC-4.0,
fitzpatrick17k_hf/images/img_1046.jpg,keratose_benigne,HAM_HAM_0004630,HAM10000,CC-BY-NC-4.0,
fitzpatrick17k_hf/images/img_1047.jpg,keratose_benigne,HAM_HAM_0003317,HAM10000,CC-BY-NC-4.0,
fitzpatrick17k_hf/images/img_1048.jpg,keratose_benigne,HAM_HAM_0006123,HAM10000,CC-BY-NC-4.0,
fitzpatrick17k_hf/images/img_1049.jpg,keratose_benigne,HAM_HAM_0007529,HAM10000,CC-BY-NC-4.0,
fitzpatrick17k_hf/images/img_1050.jpg,keratose_benigne,HAM_HAM_0001232,HAM10000,CC-BY-NC-4.0,
fitzpatrick17k_hf/images/img_1051.jpg,keratose_benigne,HAM_HAM_0003800,HAM10000,CC-BY-NC-4.0,
fitzpatrick17k_hf/images/img_1052.jpg,keratose_benigne,HAM_HAM_0000985,HAM10000,CC-BY-NC-4.0,
fitzpatrick17k_hf/images/img_1053.jpg,keratose_benigne,HAM_HAM_0003768,HAM10000,CC-BY-NC-4.0,
fitzpatrick17k_hf/images/img_1054.jpg,keratose_benigne,HAM_HAM_0001221,HAM10000,CC-BY-NC-4.0,
fitzpatrick17k_hf/images/img_1055.jpg,keratose_benigne,HAM_HAM_0004259,HAM10000,CC-BY-NC-4.0,
fitzpatrick17k_hf/images/img_1056.jpg,keratose_benigne,HAM_HAM_0000992,HAM10000,CC-BY-NC-4.0,
fitzpatrick17k_hf/images/img_1057.jpg,keratose_benigne,HAM_HAM_0001815,HAM10000,CC-BY-NC-4.0,
fitzpatrick17k_hf/images/img_1058.jpg,keratose_benigne,HAM_HAM_0003739,HAM10000,CC-BY-NC-4.0,
fitzpatrick17k_hf/images/img_1059.jpg,keratose_benigne,HAM_HAM_0005935,HAM10000,CC-BY-NC-4.0,
fitzpatrick17k_hf/images/img_1060.jpg,keratose_benigne,HAM_HAM_0004338,HAM10000,CC-BY-NC-4.0,
fitzpatrick17k_hf/images/img_1061.jpg,keratose_benigne,HAM_HAM_0004889,HAM10000,CC-BY-NC-4.0,
fitzpatrick17k_hf/images/img_1062.jpg,keratose_benigne,HAM_HAM_0002527,HAM10000,CC-BY-NC-4.0,
fitzpatrick17k_hf/images/img_1063.jpg,keratose_benigne,HAM_HAM_0000884,HAM10000,CC-BY-NC-4.0,
fitzpatrick17k_hf/images/img_1064.jpg,keratose_benigne,HAM_HAM_0004423,HAM10000,CC-BY-NC-4.0,
fitzpatrick17k_hf/images/img_1065.jpg,keratose_benigne,HAM_HAM_0001820,HAM10000,CC-BY-NC-4.0,
fitzpatrick17k_hf/images/img_1066.jpg,keratose_benigne,HAM_HAM_0002730,HAM10000,CC-BY-NC-4.0,
fitzpatrick17k_hf/images/img_1067.jpg,keratose_benigne,HAM_HAM_0001389,HAM10000,CC-BY-NC-4.0,
fitzpatrick17k_hf/images/img_1068.jpg,keratose_benigne,HAM_HAM_0000089,HAM10000,CC-BY-NC-4.0,
fitzpatrick17k_hf/images/img_1069.jpg,keratose_benigne,HAM_HAM_0000386,HAM10000,CC-BY-NC-4.0,
fitzpatrick17k_hf/images/img_1070.jpg,keratose_benigne,HAM_HAM_0005779,HAM10000,CC-BY-NC-4.0,
fitzpatrick17k_hf/images/img_1071.jpg,keratose_benigne,HAM_HAM_0000566,HAM10000,CC-BY-NC-4.0,
fitzpatrick17k_hf/images/img_1072.jpg,keratose_benigne,HAM_HAM_0007355,HAM10000,CC-BY-NC-4.0,
fitzpatrick17k_hf/images/img_1073.jpg,keratose_benigne,HAM_HAM_0005465,HAM10000,CC-BY-NC-4.0,
fitzpatrick17k_hf/images/img_1074.jpg,keratose_benigne,HAM_HAM_0001480,HAM10000,CC-BY-NC-4.0,
fitzpatrick17k_hf/images/img_1075.jpg,keratose_benigne,HAM_HAM_0001536,HAM10000,CC-BY-NC-4.0,
fitzpatrick17k_hf/images/img_1076.jpg,keratose_benigne,HAM_HAM_0005082,HAM10000,CC-BY-NC-4.0,
fitzpatrick17k_hf/images/img_1077.jpg,keratose_benigne,HAM_HAM_0004114,HAM10000,CC-BY-NC-4.0,
fitzpatrick17k_hf/images/img_1078.jpg,keratose_benigne,HAM_HAM_0003287,HAM10000,CC-BY-NC-4.0,
fitzpatrick17k_hf/images/img_1079.jpg,keratose_benigne,HAM_HAM_0004545,HAM10000,CC-BY-NC-4.0,
fitzpatrick17k_hf/images/img_1080.jpg,keratose_benigne,HAM_HAM_0007110,HAM10000,CC-BY-NC-4.0,
fitzpatrick17k_hf/images/img_1081.jpg,keratose_benigne,HAM_HAM_0003973,HAM10000,CC-BY-NC-4.0,
fitzpatrick17k_hf/images/img_1082.jpg,keratose_benigne,HAM_HAM_0001240,HAM10000,CC-BY-NC-4.0,
fitzpatrick17k_hf/images/img_1083.jpg,keratose_benigne,HAM_HAM_0003791,HAM10000,CC-BY-NC-4.0,
fitzpatrick17k_hf/images/img_1084.jpg,keratose_benigne,HAM_HAM_0003605,HAM10000,CC-BY-NC-4.0,
fitzpatrick17k_hf/images/img_1085.jpg,keratose_benigne,HAM_HAM_0005291,HAM10000,CC-BY-NC-4.0,
fitzpatrick17k_hf/images/img_1086.jpg,keratose_benigne,HAM_HAM_0007337,HAM10000,CC-BY-NC-4.0,
fitzpatrick17k_hf/images/img_1087.jpg,keratose_benigne,HAM_HAM_0000198,HAM10000,CC-BY-NC-4.0,
fitzpatrick17k_hf/images/img_1088.jpg,keratose_benigne,HAM_HAM_0003715,HAM10000,CC-BY-NC-4.0,
fitzpatrick17k_hf/images/img_1089.jpg,keratose_benigne,HAM_HAM_0000425,HAM10000,CC-BY-NC-4.0,
fitzpatrick17k_hf/images/img_1090.jpg,keratose_benigne,HAM_HAM_0003569,HAM10000,CC-BY-NC-4.0,
fitzpatrick17k_hf/images/img_1091.jpg,keratose_benigne,HAM_HAM_0003426,HAM10000,CC-BY-NC-4.0,
fitzpatrick17k_hf/images/img_1092.jpg,keratose_benigne,HAM_HAM_0006181,HAM10000,CC-BY-NC-4.0,
fitzpatrick17k_hf/images/img_1093.jpg,keratose_benigne,HAM_HAM_0007027,HAM10000,CC-BY-NC-4.0,
fitzpatrick17k_hf/images/img_1094.jpg,keratose_benigne,HAM_HAM_0007018,HAM10000,CC-BY-NC-4.0,
fitzpatrick17k_hf/images/img_1095.jpg,keratose_benigne,HAM_HAM_0006525,HAM10000,CC-BY-NC-4.0,
fitzpatrick17k_hf/images/img_1096.jpg,keratose_benigne,HAM_HAM_0000746,HAM10000,CC-BY-NC-4.0,
fitzpatrick17k_hf/images/img_1097.jpg,keratose_benigne,HAM_HAM_0000121,HAM10000,CC-BY-NC-4.0,
fitzpatrick17k_hf/images/img_1098.jpg,keratose_benigne,HAM_HAM_0002585,HAM10000,CC-BY-NC-4.0,
fitzpatrick17k_hf/images/img_1099.jpg,keratose_benigne,HAM_HAM_0007604,HAM10000,CC-BY-NC-4.0,
fitzpatrick17k_hf/images/img_1100.jpg,keratose_benigne,HAM_HAM_0003140,HAM10000,CC-BY-NC-4.0,
fitzpatrick17k_hf/images/img_1101.jpg,keratose_benigne,HAM_HAM_0003049,HAM10000,CC-BY-NC-4.0,
fitzpatrick17k_hf/images/img_1102.jpg,keratose_benigne,HAM_HAM_0002078,HAM10000,CC-BY-NC-4.0,
fitzpatrick17k_hf/images/img_1103.jpg,keratose_benigne,HAM_HAM_0003847,HAM10000,CC-BY-NC-4.0,
fitzpatrick17k_hf/images/img_1104.jpg,keratose_benigne,HAM_HAM_0000398,HAM10000,CC-BY-NC-4.0,
fitzpatrick17k_hf/images/img_1105.jpg,keratose_benigne,HAM_HAM_0007296,HAM10000,CC-BY-NC-4.0,
fitzpatrick17k_hf/images/img_1106.jpg,keratose_benigne,HAM_HAM_0007381,HAM10000,CC-BY-NC-4.0,
fitzpatrick17k_hf/images/img_1107.jpg,keratose_benigne,HAM_HAM_0001292,HAM10000,CC-BY-NC-4.0,
fitzpatrick17k_hf/images/img_1108.jpg,keratose_benigne,HAM_HAM_0005440,HAM10000,CC-BY-NC-4.0,
fitzpatrick17k_hf/images/img_1109.jpg,keratose_benigne,HAM_HAM_0004322,HAM10000,CC-BY-NC-4.0,
fitzpatrick17k_hf/images/img_1110.jpg,keratose_benigne,HAM_HAM_0007179,HAM10000,CC-BY-NC-4.0,
fitzpatrick17k_hf/images/img_1111.jpg,keratose_benigne,HAM_HAM_0005415,HAM10000,CC-BY-NC-4.0,
fitzpatrick17k_hf/images/img_1112.jpg,keratose_benigne,HAM_HAM_0004905,HAM10000,CC-BY-NC-4.0,
fitzpatrick17k_hf/images/img_1113.jpg,keratose_benigne,HAM_HAM_0001024,HAM10000,CC-BY-NC-4.0,
fitzpatrick17k_hf/images/img_1114.jpg,keratose_benigne,HAM_HAM_0004224,HAM10000,CC-BY-NC-4.0,
fitzpatrick17k_hf/images/img_1115.jpg,keratose_benigne,HAM_HAM_0001011,HAM10000,CC-BY-NC-4.0,
fitzpatrick17k_hf/images/img_1116.jpg,keratose_benigne,HAM_HAM_0001738,HAM10000,CC-BY-NC-4.0,
fitzpatrick17k_hf/images/img_1117.jpg,keratose_benigne,HAM_HAM_0000202,HAM10000,CC-BY-NC-4.0,
fitzpatrick17k_hf/images/img_1118.jpg,keratose_benigne,HAM_HAM_0004422,HAM10000,CC-BY-NC-4.0,
fitzpatrick17k_hf/images/img_1119.jpg,keratose_benigne,HAM_HAM_0000835,HAM10000,CC-BY-NC-4.0,
fitzpatrick17k_hf/images/img_1120.jpg,keratose_benigne,HAM_HAM_0002280,HAM10000,CC-BY-NC-4.0,
fitzpatrick17k_hf/images/img_1121.jpg,keratose_benigne,HAM_HAM_0006009,HAM10000,CC-BY-NC-4.0,
fitzpatrick17k_hf/images/img_1122.jpg,keratose_benigne,HAM_HAM_0002933,HAM10000,CC-BY-NC-4.0,
fitzpatrick17k_hf/images/img_1123.jpg,keratose_benigne,HAM_HAM_0003913,HAM10000,CC-BY-NC-4.0,
fitzpatrick17k_hf/images/img_1124.jpg,keratose_benigne,HAM_HAM_0003301,HAM10000,CC-BY-NC-4.0,
fitzpatrick17k_hf/images/img_1125.jpg,keratose_benigne,HAM_HAM_0004506,HAM10000,CC-BY-NC-4.0,
fitzpatrick17k_hf/images/img_1126.jpg,keratose_benigne,HAM_HAM_0005874,HAM10000,CC-BY-NC-4.0,
fitzpatrick17k_hf/images/img_1127.jpg,keratose_benigne,HAM_HAM_0003582,HAM10000,CC-BY-NC-4.0,
fitzpatrick17k_hf/images/img_1128.jpg,keratose_benigne,HAM_HAM_0006670,HAM10000,CC-BY-NC-4.0,
fitzpatrick17k_hf/images/img_1129.jpg,keratose_benigne,HAM_HAM_0003069,HAM10000,CC-BY-NC-4.0,
fitzpatrick17k_hf/images/img_1130.jpg,keratose_benigne,HAM_HAM_0007359,HAM10000,CC-BY-NC-4.0,
fitzpatrick17k_hf/images/img_1131.jpg,keratose_benigne,HAM_HAM_0005022,HAM10000,CC-BY-NC-4.0,
fitzpatrick17k_hf/images/img_1132.jpg,keratose_benigne,HAM_HAM_0004308,HAM10000,CC-BY-NC-4.0,
fitzpatrick17k_hf/images/img_1133.jpg,keratose_benigne,HAM_HAM_0004690,HAM10000,CC-BY-NC-4.0,
fitzpatrick17k_hf/images/img_1134.jpg,keratose_benigne,HAM_HAM_0002192,HAM10000,CC-BY-NC-4.0,
fitzpatrick17k_hf/images/img_1135.jpg,keratose_benigne,HAM_HAM_0002193,HAM10000,CC-BY-NC-4.0,
fitzpatrick17k_hf/images/img_1136.jpg,keratose_benigne,HAM_HAM_0006472,HAM10000,CC-BY-NC-4.0,
fitzpatrick17k_hf/images/img_1137.jpg,keratose_benigne,HAM_HAM_0000118,HAM10000,CC-BY-NC-4.0,
fitzpatrick17k_hf/images/img_1138.jpg,keratose_benigne,HAM_HAM_0003691,HAM10000,CC-BY-NC-4.0,
fitzpatrick17k_hf/images/img_1139.jpg,keratose_benigne,HAM_HAM_0004125,HAM10000,CC-BY-NC-4.0,
fitzpatrick17k_hf/images/img_1140.jpg,keratose_benigne,HAM_HAM_0000207,HAM10000,CC-BY-NC-4.0,
fitzpatrick17k_hf/images/img_1141.jpg,keratose_benigne,HAM_HAM_0000245,HAM10000,CC-BY-NC-4.0,
fitzpatrick17k_hf/images/img_1142.jpg,keratose_benigne,HAM_HAM_0004673,HAM10000,CC-BY-NC-4.0,
fitzpatrick17k_hf/images/img_1143.jpg,keratose_benigne,HAM_HAM_0003559,HAM10000,CC-BY-NC-4.0,
fitzpatrick17k_hf/images/img_1144.jpg,keratose_benigne,HAM_HAM_0002548,HAM10000,CC-BY-NC-4.0,
fitzpatrick17k_hf/images/img_1145.jpg,keratose_benigne,HAM_HAM_0004660,HAM10000,CC-BY-NC-4.0,
fitzpatrick17k_hf/images/img_1146.jpg,keratose_benigne,HAM_HAM_0001725,HAM10000,CC-BY-NC-4.0,
fitzpatrick17k_hf/images/img_1147.jpg,keratose_benigne,HAM_HAM_0004748,HAM10000,CC-BY-NC-4.0,
fitzpatrick17k_hf/images/img_1148.jpg,keratose_benigne,HAM_HAM_0001979,HAM10000,CC-BY-NC-4.0,
fitzpatrick17k_hf/images/img_1149.jpg,keratose_benigne,HAM_HAM_0001417,HAM10000,CC-BY-NC-4.0,
fitzpatrick17k_hf/images/img_1150.jpg,keratose_benigne,HAM_HAM_0004768,HAM10000,CC-BY-NC-4.0,
fitzpatrick17k_hf/images/img_1151.jpg,keratose_benigne,HAM_HAM_0001546,HAM10000,CC-BY-NC-4.0,
fitzpatrick17k_hf/images/img_1152.jpg,keratose_benigne,HAM_HAM_0002306,HAM10000,CC-BY-NC-4.0,
fitzpatrick17k_hf/images/img_1153.jpg,keratose_benigne,HAM_HAM_0005610,HAM10000,CC-BY-NC-4.0,
fitzpatrick17k_hf/images/img_1154.jpg,keratose_benigne,HAM_HAM_0001990,HAM10000,CC-BY-NC-4.0,
fitzpatrick17k_hf/images/img_1155.jpg,keratose_benigne,HAM_HAM_0004958,HAM10000,CC-BY-NC-4.0,
fitzpatrick17k_hf/images/img_1156.jpg,keratose_benigne,HAM_HAM_0004677,HAM10000,CC-BY-NC-4.0,
fitzpatrick17k_hf/images/img_1157.jpg,keratose_benigne,HAM_HAM_0006531,HAM10000,CC-BY-NC-4.0,
fitzpatrick17k_hf/images/img_1158.jpg,keratose_benigne,HAM_HAM_0005596,HAM10000,CC-BY-NC-4.0,
fitzpatrick17k_hf/images/img_1159.jpg,keratose_benigne,HAM_HAM_0001062,HAM10000,CC-BY-NC-4.0,
fitzpatrick17k_hf/images/img_1160.jpg,keratose_benigne,HAM_HAM_0001562,HAM10000,CC-BY-NC-4.0,
fitzpatrick17k_hf/images/img_1161.jpg,keratose_benigne,HAM_HAM_0005896,HAM10000,CC-BY-NC-4.0,
fitzpatrick17k_hf/images/img_1162.jpg,keratose_benigne,HAM_HAM_0002903,HAM10000,CC-BY-NC-4.0,
fitzpatrick17k_hf/images/img_1163.jpg,keratose_benigne,HAM_HAM_0006325,HAM10000,CC-BY-NC-4.0,
fitzpatrick17k_hf/images/img_1164.jpg,keratose_benigne,HAM_HAM_0005932,HAM10000,CC-BY-NC-4.0,
fitzpatrick17k_hf/images/img_1165.jpg,keratose_benigne,HAM_HAM_0002535,HAM10000,CC-BY-NC-4.0,
fitzpatrick17k_hf/images/img_1166.jpg,keratose_benigne,HAM_HAM_0003766,HAM10000,CC-BY-NC-4.0,
fitzpatrick17k_hf/images/img_1167.jpg,keratose_benigne,HAM_HAM_0004463,HAM10000,CC-BY-NC-4.0,
fitzpatrick17k_hf/images/img_1168.jpg,keratose_benigne,HAM_HAM_0000933,HAM10000,CC-BY-NC-4.0,
fitzpatrick17k_hf/images/img_1169.jpg,keratose_benigne,HAM_HAM_0007332,HAM10000,CC-BY-NC-4.0,
fitzpatrick17k_hf/images/img_1170.jpg,keratose_benigne,HAM_HAM_0005693,HAM10000,CC-BY-NC-4.0,
fitzpatrick17k_hf/images/img_1171.jpg,keratose_benigne,HAM_HAM_0000745,HAM10000,CC-BY-NC-4.0,
fitzpatrick17k_hf/images/img_1172.jpg,keratose_benigne,HAM_HAM_0003840,HAM10000,CC-BY-NC-4.0,
fitzpatrick17k_hf/images/img_1173.jpg,keratose_benigne,HAM_HAM_0001273,HAM10000,CC-BY-NC-4.0,
fitzpatrick17k_hf/images/img_1174.jpg,keratose_benigne,HAM_HAM_0006346,HAM10000,CC-BY-NC-4.0,
fitzpatrick17k_hf/images/img_1175.jpg,keratose_benigne,HAM_HAM_0005388,HAM10000,CC-BY-NC-4.0,
fitzpatrick17k_hf/images/img_1176.jpg,keratose_benigne,HAM_HAM_0001310,HAM10000,CC-BY-NC-4.0,
fitzpatrick17k_hf/images/img_1177.jpg,keratose_benigne,HAM_HAM_0005278,HAM10000,CC-BY-NC-4.0,
fitzpatrick17k_hf/images/img_1178.jpg,keratose_benigne,HAM_HAM_0002521,HAM10000,CC-BY-NC-4.0,
fitzpatrick17k_hf/images/img_1179.jpg,keratose_benigne,HAM_HAM_0001678,HAM10000,CC-BY-NC-4.0,
fitzpatrick17k_hf/images/img_1180.jpg,keratose_benigne,HAM_HAM_0001466,HAM10000,CC-BY-NC-4.0,
fitzpatrick17k_hf/images/img_1181.jpg,keratose_benigne,HAM_HAM_0000001,HAM10000,CC-BY-NC-4.0,
fitzpatrick17k_hf/images/img_1182.jpg,keratose_benigne,HAM_HAM_0001429,HAM10000,CC-BY-NC-4.0,
fitzpatrick17k_hf/images/img_1183.jpg,keratose_benigne,HAM_HAM_0000237,HAM10000,CC-BY-NC-4.0,
fitzpatrick17k_hf/images/img_1184.jpg,keratose_benigne,HAM_HAM_0006770,HAM10000,CC-BY-NC-4.0,
fitzpatrick17k_hf/images/img_1185.jpg,keratose_benigne,HAM_HAM_0005952,HAM10000,CC-BY-NC-4.0,
fitzpatrick17k_hf/images/img_1186.jpg,keratose_benigne,HAM_HAM_0006907,HAM10000,CC-BY-NC-4.0,
fitzpatrick17k_hf/images/img_1187.jpg,keratose_benigne,HAM_HAM_0002034,HAM10000,CC-BY-NC-4.0,
fitzpatrick17k_hf/images/img_1188.jpg,keratose_benigne,HAM_HAM_0001665,HAM10000,CC-BY-NC-4.0,
fitzpatrick17k_hf/images/img_1189.jpg,keratose_benigne,HAM_HAM_0003569,HAM10000,CC-BY-NC-4.0,
fitzpatrick17k_hf/images/img_1190.jpg,keratose_benigne,HAM_HAM_0002809,HAM10000,CC-BY-NC-4.0,
fitzpatrick17k_hf/images/img_1191.jpg,keratose_benigne,HAM_HAM_0006170,HAM10000,CC-BY-NC-4.0,
fitzpatrick17k_hf/images/img_1192.jpg,keratose_benigne,HAM_HAM_0002358,HAM10000,CC-BY-NC-4.0,
fitzpatrick17k_hf/images/img_1193.jpg,keratose_benigne,HAM_HAM_0004423,HAM10000,CC-BY-NC-4.0,
fitzpatrick17k_hf/images/img_1194.jpg,keratose_benigne,HAM_HAM_0000113,HAM10000,CC-BY-NC-4.0,
fitzpatrick17k_hf/images/img_1195.jpg,keratose_benigne,HAM_HAM_0001073,HAM10000,CC-BY-NC-4.0,
fitzpatrick17k_hf/images/img_1196.jpg,keratose_benigne,HAM_HAM_0002722,HAM10000,CC-BY-NC-4.0,
fitzpatrick17k_hf/images/img_1197.jpg,keratose_benigne,HAM_HAM_0003152,HAM10000,CC-BY-NC-4.0,
fitzpatrick17k_hf/images/img_1198.jpg,keratose_benigne,HAM_HAM_0003090,HAM10000,CC-BY-NC-4.0,
fitzpatrick17k_hf/images/img_1199.jpg,keratose_benigne,HAM_HAM_0000979,HAM10000,CC-BY-NC-4.0,
fitzpatrick17k_hf/images/img_1200.jpg,keratose_benigne,HAM_HAM_0000700,HAM10000,CC-BY-NC-4.0,
fitzpatrick17k_hf/images/img_1201.jpg,keratose_benigne,HAM_HAM_0003007,HAM10000,CC-BY-NC-4.0,
fitzpatrick17k_hf/images/img_1202.jpg,keratose_benigne,HAM_HAM_0005404,HAM10000,CC-BY-NC-4.0,
fitzpatrick17k_hf/images/img_1203.jpg,keratose_benigne,HAM_HAM_0001510,HAM10000,CC-BY-NC-4.0,
fitzpatrick17k_hf/images/img_1204.jpg,keratose_benigne,HAM_HAM_0002424,HAM10000,CC-BY-NC-4.0,
fitzpatrick17k_hf/images/img_1205.jpg,keratose_benigne,HAM_HAM_0001055,HAM10000,CC-BY-NC-4.0,
fitzpatrick17k_hf/images/img_1206.jpg,keratose_benigne,HAM_HAM_0004389,HAM10000,CC-BY-NC-4.0,
fitzpatrick17k_hf/images/img_1207.jpg,keratose_benigne,HAM_HAM_0004556,HAM10000,CC-BY-NC-4.0,
fitzpatrick17k_hf/images/img_1208.jpg,keratose_benigne,HAM_HAM_0001294,HAM10000,CC-BY-NC-4.0,
fitzpatrick17k_hf/images/img_1209.jpg,keratose_benigne,HAM_HAM_0001878,HAM10000,CC-BY-NC-4.0,
fitzpatrick17k_hf/images/img_1210.jpg,keratose_benigne,HAM_HAM_0007500,HAM10000,CC-BY-NC-4.0,
fitzpatrick17k_hf/images/img_1211.jpg,keratose_benigne,HAM_HAM_0005074,HAM10000,CC-BY-NC-4.0,
fitzpatrick17k_hf/images/img_1212.jpg,keratose_benigne,HAM_HAM_0005049,HAM10000,CC-BY-NC-4.0,
fitzpatrick17k_hf/images/img_1213.jpg,keratose_benigne,HAM_HAM_0006595,HAM10000,CC-BY-NC-4.0,
fitzpatrick17k_hf/images/img_1214.jpg,keratose_benigne,HAM_HAM_0004158,HAM10000,CC-BY-NC-4.0,
fitzpatrick17k_hf/images/img_1215.jpg,keratose_benigne,HAM_HAM_0002392,HAM10000,CC-BY-NC-4.0,
fitzpatrick17k_hf/images/img_1216.jpg,keratose_benigne,HAM_HAM_0002731,HAM10000,CC-BY-NC-4.0,
fitzpatrick17k_hf/images/img_1217.jpg,keratose_benigne,HAM_HAM_0006327,HAM10000,CC-BY-NC-4.0,
fitzpatrick17k_hf/images/img_1218.jpg,keratose_benigne,HAM_HAM_0005935,HAM10000,CC-BY-NC-4.0,
fitzpatrick17k_hf/images/img_1219.jpg,keratose_benigne,HAM_HAM_0002757,HAM10000,CC-BY-NC-4.0,
fitzpatrick17k_hf/images/img_1220.jpg,keratose_benigne,HAM_HAM_0003187,HAM10000,CC-BY-NC-4.0,
fitzpatrick17k_hf/images/img_1221.jpg,keratose_benigne,HAM_HAM_0002042,HAM10000,CC-BY-NC-4.0,
fitzpatrick17k_hf/images/img_1222.jpg,keratose_benigne,HAM_HAM_0003752,HAM10000,CC-BY-NC-4.0,
fitzpatrick17k_hf/images/img_1223.jpg,keratose_benigne,HAM_HAM_0006770,HAM10000,CC-BY-NC-4.0,
fitzpatrick17k_hf/images/img_1224.jpg,keratose_benigne,HAM_HAM_0002962,HAM10000,CC-BY-NC-4.0,
fitzpatrick17k_hf/images/img_1225.jpg,keratose_benigne,HAM_HAM_0007260,HAM10000,CC-BY-NC-4.0,
fitzpatrick17k_hf/images/img_1226.jpg,keratose_benigne,HAM_HAM_0001991,HAM10000,CC-BY-NC-4.0,
fitzpatrick17k_hf/images/img_1227.jpg,keratose_benigne,HAM_HAM_0000122,HAM10000,CC-BY-NC-4.0,
fitzpatrick17k_hf/images/img_1228.jpg,keratose_benigne,HAM_HAM_0004630,HAM10000,CC-BY-NC-4.0,
fitzpatrick17k_hf/images/img_1229.jpg,keratose_benigne,HAM_HAM_0005751,HAM10000,CC-BY-NC-4.0,
fitzpatrick17k_hf/images/img_1230.jpg,keratose_benigne,HAM_HAM_0005672,HAM10000,CC-BY-NC-4.0,
fitzpatrick17k_hf/images/img_1231.jpg,keratose_benigne,HAM_HAM_0005335,HAM10000,CC-BY-NC-4.0,
fitzpatrick17k_hf/images/img_1232.jpg,keratose_benigne,HAM_HAM_0000881,HAM10000,CC-BY-NC-4.0,
fitzpatrick17k_hf/images/img_1233.jpg,keratose_benigne,HAM_HAM_0005463,HAM10000,CC-BY-NC-4.0,
fitzpatrick17k_hf/images/img_1234.jpg,keratose_benigne,HAM_HAM_0001733,HAM10000,CC-BY-NC-4.0,
fitzpatrick17k_hf/images/img_1235.jpg,keratose_benigne,HAM_HAM_0001167,HAM10000,CC-BY-NC-4.0,
fitzpatrick17k_hf/images/img_1236.jpg,keratose_benigne,HAM_HAM_0004556,HAM10000,CC-BY-NC-4.0,
fitzpatrick17k_hf/images/img_1237.jpg,keratose_benigne,HAM_HAM_0004338,HAM10000,CC-BY-NC-4.0,
fitzpatrick17k_hf/images/img_1238.jpg,keratose_benigne,HAM_HAM_0004889,HAM10000,CC-BY-NC-4.0,
fitzpatrick17k_hf/images/img_1239.jpg,keratose_benigne,HAM_HAM_0002821,HAM10000,CC-BY-NC-4.0,
fitzpatrick17k_hf/images/img_1240.jpg,keratose_benigne,HAM_HAM_0001642,HAM10000,CC-BY-NC-4.0,
fitzpatrick17k_hf/images/img_1241.jpg,keratose_benigne,HAM_HAM_0003830,HAM10000,CC-BY-NC-4.0,
fitzpatrick17k_hf/images/img_1242.jpg,keratose_benigne,HAM_HAM_0006533,HAM10000,CC-BY-NC-4.0,
fitzpatrick17k_hf/images/img_1243.jpg,keratose_benigne,HAM_HAM_0003726,HAM10000,CC-BY-NC-4.0,
fitzpatrick17k_hf/images/img_1244.jpg,keratose_benigne,HAM_HAM_0004889,HAM10000,CC-BY-NC-4.0,
fitzpatrick17k_hf/images/img_1245.jpg,keratose_benigne,HAM_HAM_0005722,HAM10000,CC-BY-NC-4.0,
fitzpatrick17k_hf/images/img_1246.jpg,keratose_benigne,HAM_HAM_0000259,HAM10000,CC-BY-NC-4.0,
fitzpatrick17k_hf/images/img_1247.jpg,keratose_benigne,HAM_HAM_0002301,HAM10000,CC-BY-NC-4.0,
fitzpatrick17k_hf/images/img_1248.jpg,keratose_benigne,HAM_HAM_0003847,HAM10000,CC-BY-NC-4.0,
fitzpatrick17k_hf/images/img_1249.jpg,keratose_benigne,HAM_HAM_0001735,HAM10000,CC-BY-NC-4.0,
fitzpatrick17k_hf/images/img_1250.jpg,keratose_benigne,HAM_HAM_0003120,HAM10000,CC-BY-NC-4.0,
fitzpatrick17k_hf/images/img_1251.jpg,keratose_benigne,HAM_HAM_0000114,HAM10000,CC-BY-NC-4.0,
fitzpatrick17k_hf/images/img_1252.jpg,keratose_benigne,HAM_HAM_0004695,HAM10000,CC-BY-NC-4.0,
fitzpatrick17k_hf/images/img_1253.jpg,keratose_benigne,HAM_HAM_0007590,HAM10000,CC-BY-NC-4.0,
fitzpatrick17k_hf/images/img_1254.jpg,keratose_benigne,HAM_HAM_0000083,HAM10000,CC-BY-NC-4.0,
fitzpatrick17k_hf/images/img_1255.jpg,keratose_benigne,HAM_HAM_0001781,HAM10000,CC-BY-NC-4.0,
fitzpatrick17k_hf/images/img_1256.jpg,keratose_benigne,HAM_HAM_0001359,HAM10000,CC-BY-NC-4.0,
fitzpatrick17k_hf/images/img_1257.jpg,keratose_benigne,HAM_HAM_0005913,HAM10000,CC-BY-NC-4.0,
fitzpatrick17k_hf/images/img_1258.jpg,keratose_benigne,HAM_HAM_0005077,HAM10000,CC-BY-NC-4.0,
fitzpatrick17k_hf/images/img_1259.jpg,keratose_benigne,HAM_HAM_0002358,HAM10000,CC-BY-NC-4.0,
fitzpatrick17k_hf/images/img_1260.jpg,keratose_benigne,HAM_HAM_0002548,HAM10000,CC-BY-NC-4.0,
fitzpatrick17k_hf/images/img_1261.jpg,keratose_benigne,HAM_HAM_0002042,HAM10000,CC-BY-NC-4.0,
fitzpatrick17k_hf/images/img_1262.jpg,keratose_benigne,HAM_HAM_0004309,HAM10000,CC-BY-NC-4.0,
fitzpatrick17k_hf/images/img_1263.jpg,keratose_benigne,HAM_HAM_0006128,HAM10000,CC-BY-NC-4.0,
fitzpatrick17k_hf/images/img_1264.jpg,keratose_benigne,HAM_HAM_0001914,HAM10000,CC-BY-NC-4.0,
fitzpatrick17k_hf/images/img_1265.jpg,keratose_benigne,HAM_HAM_0000920,HAM10000,CC-BY-NC-4.0,
fitzpatrick17k_hf/images/img_1266.jpg,keratose_benigne,HAM_HAM_0004908,HAM10000,CC-BY-NC-4.0,
fitzpatrick17k_hf/images/img_1267.jpg,keratose_benigne,HAM_HAM_0005275,HAM10000,CC-BY-NC-4.0,
fitzpatrick17k_hf/images/img_1268.jpg,keratose_benigne,HAM_HAM_0000318,HAM10000,CC-BY-NC-4.0,
fitzpatrick17k_hf/images/img_1269.jpg,keratose_benigne,HAM_HAM_0004852,HAM10000,CC-BY-NC-4.0,
fitzpatrick17k_hf/images/img_1270.jpg,keratose_benigne,HAM_HAM_0001608,HAM10000,CC-BY-NC-4.0,
fitzpatrick17k_hf/images/img_1271.jpg,keratose_benigne,HAM_HAM_0001838,HAM10000,CC-BY-NC-4.0,
fitzpatrick17k_hf/images/img_1272.jpg,keratose_benigne,HAM_HAM_0005126,HAM10000,CC-BY-NC-4.0,
fitzpatrick17k_hf/images/img_1273.jpg,keratose_benigne,HAM_HAM_0000865,HAM10000,CC-BY-NC-4.0,
fitzpatrick17k_hf/images/img_1274.jpg,keratose_benigne,HAM_HAM_0001312,HAM10000,CC-BY-NC-4.0,
fitzpatrick17k_hf/images/img_1275.jpg,keratose_benigne,HAM_HAM_0003647,HAM10000,CC-BY-NC-4.0,
fitzpatrick17k_hf/images/img_1276.jpg,keratose_benigne,HAM_HAM_0001515,HAM10000,CC-BY-NC-4.0,
fitzpatrick17k_hf/images/img_1277.jpg,keratose_benigne,HAM_HAM_0004491,HAM10000,CC-BY-NC-4.0,
fitzpatrick17k_hf/images/img_1278.jpg,keratose_benigne,HAM_HAM_0004501,HAM10000,CC-BY-NC-4.0,
fitzpatrick17k_hf/images/img_1279.jpg,keratose_benigne,HAM_HAM_0003030,HAM10000,CC-BY-NC-4.0,
fitzpatrick17k_hf/images/img_1280.jpg,keratose_benigne,HAM_HAM_0001605,HAM10000,CC-BY-NC-4.0,
fitzpatrick17k_hf/images/img_1281.jpg,keratose_benigne,HAM_HAM_0004396,HAM10000,CC-BY-NC-4.0,
fitzpatrick17k_hf/images/img_1282.jpg,keratose_benigne,HAM_HAM_0003452,HAM10000,CC-BY-NC-4.0,
fitzpatrick17k_hf/images/img_1283.jpg,keratose_benigne,HAM_HAM_0001752,HAM10000,CC-BY-NC-4.0,
fitzpatrick17k_hf/images/img_1284.jpg,keratose_benigne,HAM_HAM_0001733,HAM10000,CC-BY-NC-4.0,
fitzpatrick17k_hf/images/img_1285.jpg,keratose_benigne,HAM_HAM_0004106,HAM10000,CC-BY-NC-4.0,
fitzpatrick17k_hf/images/img_1286.jpg,keratose_benigne,HAM_HAM_0006065,HAM10000,CC-BY-NC-4.0,
fitzpatrick17k_hf/images/img_1287.jpg,keratose_benigne,HAM_HAM_0002912,HAM10000,CC-BY-NC-4.0,
fitzpatrick17k_hf/images/img_1288.jpg,keratose_benigne,HAM_HAM_0001435,HAM10000,CC-BY-NC-4.0,
fitzpatrick17k_hf/images/img_1289.jpg,keratose_benigne,HAM_HAM_0003476,HAM10000,CC-BY-NC-4.0,
fitzpatrick17k_hf/images/img_1290.jpg,keratose_benigne,HAM_HAM_0006159,HAM10000,CC-BY-NC-4.0,
fitzpatrick17k_hf/images/img_1291.jpg,keratose_benigne,HAM_HAM_0003920,HAM10000,CC-BY-NC-4.0,
fitzpatrick17k_hf/images/img_1292.jpg,keratose_benigne,HAM_HAM_0006945,HAM10000,CC-BY-NC-4.0,
fitzpatrick17k_hf/images/img_1293.jpg,keratose_benigne,HAM_HAM_0004947,HAM10000,CC-BY-NC-4.0,
fitzpatrick17k_hf/images/img_1294.jpg,keratose_benigne,HAM_HAM_0003293,HAM10000,CC-BY-NC-4.0,
fitzpatrick17k_hf/images/img_1295.jpg,keratose_benigne,HAM_HAM_0001982,HAM10000,CC-BY-NC-4.0,
fitzpatrick17k_hf/images/img_1296.jpg,keratose_benigne,HAM_HAM_0004373,HAM10000,CC-BY-NC-4.0,
fitzpatrick17k_hf/images/img_1297.jpg,keratose_benigne,HAM_HAM_0001473,HAM10000,CC-BY-NC-4.0,
fitzpatrick17k_hf/images/img_1298.jpg,keratose_benigne,HAM_HAM_0001763,HAM10000,CC-BY-NC-4.0,
fitzpatrick17k_hf/images/img_1299.jpg,keratose_benigne,HAM_HAM_0004143,HAM10000,CC-BY-NC-4.0,
fitzpatrick17k_hf/images/img_1300.jpg,keratose_benigne,HAM_HAM_0006472,HAM10000,CC-BY-NC-4.0,
fitzpatrick17k_hf/images/img_1301.jpg,keratose_benigne,HAM_HAM_0000955,HAM10000,CC-BY-NC-4.0,
fitzpatrick17k_hf/images/img_1302.jpg,keratose_benigne,HAM_HAM_0001721,HAM10000,CC-BY-NC-4.0,
fitzpatrick17k_hf/images/img_1303.jpg,keratose_benigne,HAM_HAM_0000452,HAM10000,CC-BY-NC-4.0,
fitzpatrick17k_hf/images/img_1304.jpg,keratose_benigne,HAM_HAM_0000298,HAM10000,CC-BY-NC-4.0,
fitzpatrick17k_hf/images/img_1305.jpg,keratose_benigne,HAM_HAM_0005075,HAM10000,CC-BY-NC-4.0,
fitzpatrick17k_hf/images/img_1306.jpg,keratose_benigne,HAM_HAM_0003881,HAM10000,CC-BY-NC-4.0,
fitzpatrick17k_hf/images/img_1307.jpg,keratose_benigne,HAM_HAM_0003076,HAM10000,CC-BY-NC-4.0,
fitzpatrick17k_hf/images/img_1308.jpg,keratose_benigne,HAM_HAM_0002761,HAM10000,CC-BY-NC-4.0,
fitzpatrick17k_hf/images/img_1309.jpg,keratose_benigne,HAM_HAM_0005126,HAM10000,CC-BY-NC-4.0,
fitzpatrick17k_hf/images/img_1310.jpg,keratose_benigne,HAM_HAM_0000186,HAM10000,CC-BY-NC-4.0,
fitzpatrick17k_hf/images/img_1311.jpg,keratose_benigne,HAM_HAM_0001788,HAM10000,CC-BY-NC-4.0,
fitzpatrick17k_hf/images/img_1312.jpg,keratose_benigne,HAM_HAM_0006287,HAM10000,CC-BY-NC-4.0,
fitzpatrick17k_hf/images/img_1313.jpg,keratose_benigne,HAM_HAM_0005415,HAM10000,CC-BY-NC-4.0,
fitzpatrick17k_hf/images/img_1314.jpg,keratose_benigne,HAM_HAM_0005616,HAM10000,CC-BY-NC-4.0,
fitzpatrick17k_hf/images/img_1315.jpg,keratose_benigne,HAM_HAM_0003179,HAM10000,CC-BY-NC-4.0,
fitzpatrick17k_hf/images/img_1316.jpg,keratose_benigne,HAM_HAM_0007233,HAM10000,CC-BY-NC-4.0,
fitzpatrick17k_hf/images/img_1317.jpg,keratose_benigne,HAM_HAM_0000846,HAM10000,CC-BY-NC-4.0,
fitzpatrick17k_hf/images/img_1318.jpg,keratose_benigne,HAM_HAM_0001914,HAM10000,CC-BY-NC-4.0,
fitzpatrick17k_hf/images/img_1319.jpg,keratose_benigne,HAM_HAM_0007043,HAM10000,CC-BY-NC-4.0,
fitzpatrick17k_hf/images/img_1320.jpg,keratose_benigne,HAM_HAM_0007603,HAM10000,CC-BY-NC-4.0,
fitzpatrick17k_hf/images/img_1321.jpg,keratose_benigne,HAM_HAM_0007125,HAM10000,CC-BY-NC-4.0,
fitzpatrick17k_hf/images/img_1322.jpg,keratose_benigne,HAM_HAM_0000164,HAM10000,CC-BY-NC-4.0,
fitzpatrick17k_hf/images/img_1323.jpg,keratose_benigne,HAM_HAM_0004691,HAM10000,CC-BY-NC-4.0,
fitzpatrick17k_hf/images/img_1324.jpg,keratose_benigne,HAM_HAM_0002761,HAM10000,CC-BY-NC-4.0,
fitzpatrick17k_hf/images/img_1325.jpg,keratose_benigne,HAM_HAM_0003129,HAM10000,CC-BY-NC-4.0,
fitzpatrick17k_hf/images/img_1326.jpg,keratose_benigne,HAM_HAM_0002355,HAM10000,CC-BY-NC-4.0,
fitzpatrick17k_hf/images/img_1327.jpg,keratose_benigne,HAM_HAM_0006993,HAM10000,CC-BY-NC-4.0,
fitzpatrick17k_hf/images/img_1328.jpg,keratose_benigne,HAM_HAM_0000237,HAM10000,CC-BY-NC-4.0,
fitzpatrick17k_hf/images/img_1329.jpg,keratose_benigne,HAM_HAM_0002316,HAM10000,CC-BY-NC-4.0,
fitzpatrick17k_hf/images/img_1330.jpg,keratose_benigne,HAM_HAM_0007219,HAM10000,CC-BY-NC-4.0,
fitzpatrick17k_hf/images/img_1331.jpg,keratose_benigne,HAM_HAM_0005632,HAM10000,CC-BY-NC-4.0,
fitzpatrick17k_hf/images/img_1332.jpg,keratose_benigne,HAM_HAM_0003757,HAM10000,CC-BY-NC-4.0,
fitzpatrick17k_hf/images/img_1333.jpg,keratose_benigne,HAM_HAM_0005580,HAM10000,CC-BY-NC-4.0,
fitzpatrick17k_hf/images/img_1334.jpg,keratose_benigne,HAM_HAM_0003120,HAM10000,CC-BY-NC-4.0,
fitzpatrick17k_hf/images/img_1335.jpg,keratose_benigne,HAM_HAM_0005869,HAM10000,CC-BY-NC-4.0,
fitzpatrick17k_hf/images/img_1336.jpg,keratose_benigne,HAM_HAM_0001997,HAM10000,CC-BY-NC-4.0,
fitzpatrick17k_hf/images/img_1337.jpg,keratose_benigne,HAM_HAM_0006099,HAM10000,CC-BY-NC-4.0,
fitzpatrick17k_hf/images/img_1338.jpg,keratose_benigne,HAM_HAM_0000959,HAM10000,CC-BY-NC-4.0,
fitzpatrick17k_hf/images/img_1339.jpg,keratose_benigne,HAM_HAM_0001469,HAM10000,CC-BY-NC-4.0,
fitzpatrick17k_hf/images/img_1340.jpg,keratose_benigne,HAM_HAM_0002521,HAM10000,CC-BY-NC-4.0,
fitzpatrick17k_hf/images/img_1341.jpg,keratose_benigne,HAM_HAM_0001221,HAM10000,CC-BY-NC-4.0,
fitzpatrick17k_hf/images/img_1342.jpg,keratose_benigne,HAM_HAM_0006737,HAM10000,CC-BY-NC-4.0,
fitzpatrick17k_hf/images/img_1343.jpg,keratose_benigne,HAM_HAM_0002921,HAM10000,CC-BY-NC-4.0,
fitzpatrick17k_hf/images/img_1344.jpg,keratose_benigne,HAM_HAM_0002592,HAM10000,CC-BY-NC-4.0,
fitzpatrick17k_hf/images/img_1345.jpg,keratose_benigne,HAM_HAM_0006186,HAM10000,CC-BY-NC-4.0,
fitzpatrick17k_hf/images/img_1346.jpg,keratose_benigne,HAM_HAM_0002844,HAM10000,CC-BY-NC-4.0,
fitzpatrick17k_hf/images/img_1347.jpg,keratose_benigne,HAM_HAM_0003260,HAM10000,CC-BY-NC-4.0,
fitzpatrick17k_hf/images/img_1348.jpg,keratose_benigne,HAM_HAM_0004945,HAM10000,CC-BY-NC-4.0,
fitzpatrick17k_hf/images/img_1349.jpg,keratose_benigne,HAM_HAM_0001486,HAM10000,CC-BY-NC-4.0,
fitzpatrick17k_hf/images/img_1350.jpg,keratose_benigne,HAM_HAM_0004234,HAM10000,CC-BY-NC-4.0,
fitzpatrick17k_hf/images/img_1351.jpg,keratose_benigne,HAM_HAM_0001608,HAM10000,CC-BY-NC-4.0,
fitzpatrick17k_hf/images/img_1352.jpg,keratose_benigne,HAM_HAM_0005801,HAM10000,CC-BY-NC-4.0,
fitzpatrick17k_hf/images/img_1353.jpg,keratose_benigne,HAM_HAM_0004673,HAM10000,CC-BY-NC-4.0,
fitzpatrick17k_hf/images/img_1354.jpg,keratose_benigne,HAM_HAM_0007573,HAM10000,CC-BY-NC-4.0,
fitzpatrick17k_hf/images/img_1355.jpg,keratose_benigne,HAM_HAM_0003410,HAM10000,CC-BY-NC-4.0,
fitzpatrick17k_hf/images/img_1356.jpg,keratose_benigne,HAM_HAM_0006186,HAM10000,CC-BY-NC-4.0,
fitzpatrick17k_hf/images/img_1357.jpg,keratose_benigne,HAM_HAM_0004396,HAM10000,CC-BY-NC-4.0,
fitzpatrick17k_hf/images/img_1358.jpg,keratose_benigne,HAM_HAM_0003789,HAM10000,CC-BY-NC-4.0,
fitzpatrick17k_hf/images/img_1359.jpg,keratose_benigne,HAM_HAM_0004029,HAM10000,CC-BY-NC-4.0,
fitzpatrick17k_hf/images/img_1360.jpg,keratose_benigne,HAM_HAM_0003789,HAM10000,CC-BY-NC-4.0,
fitzpatrick17k_hf/images/img_1361.jpg,keratose_benigne,HAM_HAM_0005546,HAM10000,CC-BY-NC-4.0,
fitzpatrick17k_hf/images/img_1362.jpg,keratose_benigne,HAM_HAM_0002199,HAM10000,CC-BY-NC-4.0,
fitzpatrick17k_hf/images/img_1363.jpg,keratose_benigne,HAM_HAM_0000744,HAM10000,CC-BY-NC-4.0,
fitzpatrick17k_hf/images/img_1364.jpg,keratose_benigne,HAM_HAM_0003030,HAM10000,CC-BY-NC-4.0,
fitzpatrick17k_hf/images/img_1365.jpg,keratose_benigne,HAM_HAM_0007090,HAM10000,CC-BY-NC-4.0,
fitzpatrick17k_hf/images/img_1366.jpg,keratose_benigne,HAM_HAM_0006170,HAM10000,CC-BY-NC-4.0,
fitzpatrick17k_hf/images/img_1367.jpg,keratose_benigne,HAM_HAM_0000351,HAM10000,CC-BY-NC-4.0,
fitzpatrick17k_hf/images/img_1368.jpg,keratose_benigne,HAM_HAM_0002301,HAM10000,CC-BY-NC-4.0,
fitzpatrick17k_hf/images/img_1369.jpg,keratose_benigne,HAM_HAM_0005801,HAM10000,CC-BY-NC-4.0,
fitzpatrick17k_hf/images/img_1370.jpg,keratose_benigne,HAM_HAM_0001958,HAM10000,CC-BY-NC-4.0,
fitzpatrick17k_hf/images/img_1371.jpg,keratose_benigne,HAM_HAM_0006327,HAM10000,CC-BY-NC-4.0,
fitzpatrick17k_hf/images/img_1372.jpg,keratose_benigne,HAM_HAM_0001721,HAM10000,CC-BY-NC-4.0,
fitzpatrick17k_hf/images/img_1373.jpg,keratose_benigne,HAM_HAM_0007018,HAM10000,CC-BY-NC-4.0,
fitzpatrick17k_hf/images/img_1374.jpg,keratose_benigne,HAM_HAM_0001927,HAM10000,CC-BY-NC-4.0,
fitzpatrick17k_hf/images/img_1375.jpg,keratose_benigne,HAM_HAM_0003476,HAM10000,CC-BY-NC-4.0,
fitzpatrick17k_hf/images/img_1376.jpg,keratose_benigne,HAM_HAM_0004396,HAM10000,CC-BY-NC-4.0,
fitzpatrick17k_hf/images/img_1377.jpg,keratose_benigne,HAM_HAM_0003458,HAM10000,CC-BY-NC-4.0,
fitzpatrick17k_hf/images/img_1378.jpg,keratose_benigne,HAM_HAM_0005082,HAM10000,CC-BY-NC-4.0,
fitzpatrick17k_hf/images/img_1379.jpg,keratose_benigne,HAM_HAM_0004531,HAM10000,CC-BY-NC-4.0,
fitzpatrick17k_hf/images/img_1380.jpg,keratose_benigne,HAM_HAM_0000114,HAM10000,CC-BY-NC-4.0,
fitzpatrick17k_hf/images/img_1381.jpg,keratose_benigne,HAM_HAM_0002503,HAM10000,CC-BY-NC-4.0,
fitzpatrick17k_hf/images/img_1382.jpg,keratose_benigne,HAM_HAM_0000383,HAM10000,CC-BY-NC-4.0,
fitzpatrick17k_hf/images/img_1383.jpg,keratose_benigne,HAM_HAM_0004029,HAM10000,CC-BY-NC-4.0,
fitzpatrick17k_hf/images/img_1384.jpg,keratose_benigne,HAM_HAM_0002774,HAM10000,CC-BY-NC-4.0,
fitzpatrick17k_hf/images/img_1385.jpg,keratose_benigne,HAM_HAM_0007409,HAM10000,CC-BY-NC-4.0,
fitzpatrick17k_hf/images/img_1386.jpg,keratose_benigne,HAM_HAM_0000643,HAM10000,CC-BY-NC-4.0,
fitzpatrick17k_hf/images/img_1387.jpg,keratose_benigne,HAM_HAM_0005096,HAM10000,CC-BY-NC-4.0,
fitzpatrick17k_hf/images/img_1388.jpg,keratose_benigne,HAM_HAM_0004696,HAM10000,CC-BY-NC-4.0,
fitzpatrick17k_hf/images/img_1389.jpg,keratose_benigne,HAM_HAM_0004928,HAM10000,CC-BY-NC-4.0,
fitzpatrick17k_hf/images/img_1390.jpg,keratose_benigne,HAM_HAM_0003140,HAM10000,CC-BY-NC-4.0,
fitzpatrick17k_hf/images/img_1391.jpg,keratose_benigne,HAM_HAM_0007381,HAM10000,CC-BY-NC-4.0,
fitzpatrick17k_hf/images/img_1392.jpg,keratose_benigne,HAM_HAM_0001562,HAM10000,CC-BY-NC-4.0,
fitzpatrick17k_hf/images/img_1393.jpg,keratose_benigne,HAM_HAM_0005708,HAM10000,CC-BY-NC-4.0,
fitzpatrick17k_hf/images/img_1394.jpg,keratose_benigne,HAM_HAM_0000716,HAM10000,CC-BY-NC-4.0,
fitzpatrick17k_hf/images/img_1395.jpg,keratose_benigne,HAM_HAM_0005558,HAM10000,CC-BY-NC-4.0,
fitzpatrick17k_hf/images/img_1396.jpg,keratose_benigne,HAM_HAM_0001944,HAM10000,CC-BY-NC-4.0,
fitzpatrick17k_hf/images/img_1397.jpg,keratose_benigne,HAM_HAM_0001781,HAM10000,CC-BY-NC-4.0,
fitzpatrick17k_hf/images/img_1398.jpg,keratose_benigne,HAM_HAM_0007571,HAM10000,CC-BY-NC-4.0,
fitzpatrick17k_hf/images/img_1399.jpg,keratose_benigne,HAM_HAM_0002127,HAM10000,CC-BY-NC-4.0,
fitzpatrick17k_hf/images/img_1400.jpg,keratose_benigne,HAM_HAM_0003605,HAM10000,CC-BY-NC-4.0,
fitzpatrick17k_hf/images/img_1401.jpg,keratose_benigne,HAM_HAM_0003605,HAM10000,CC-BY-NC-4.0,
fitzpatrick17k_hf/images/img_1402.jpg,keratose_benigne,HAM_HAM_0004004,HAM10000,CC-BY-NC-4.0,
fitzpatrick17k_hf/images/img_1403.jpg,keratose_benigne,HAM_HAM_0000299,HAM10000,CC-BY-NC-4.0,
fitzpatrick17k_hf/images/img_1404.jpg,keratose_benigne,HAM_HAM_0001809,HAM10000,CC-BY-NC-4.0,
fitzpatrick17k_hf/images/img_1405.jpg,keratose_benigne,HAM_HAM_0001469,HAM10000,CC-BY-NC-4.0,
fitzpatrick17k_hf/images/img_1406.jpg,keratose_benigne,HAM_HAM_0003010,HAM10000,CC-BY-NC-4.0,
fitzpatrick17k_hf/images/img_1407.jpg,keratose_benigne,HAM_HAM_0000999,HAM10000,CC-BY-NC-4.0,
fitzpatrick17k_hf/images/img_1408.jpg,keratose_benigne,HAM_HAM_0003768,HAM10000,CC-BY-NC-4.0,
fitzpatrick17k_hf/images/img_1409.jpg,keratose_benigne,HAM_HAM_0005324,HAM10000,CC-BY-NC-4.0,
fitzpatrick17k_hf/images/img_1410.jpg,keratose_benigne,HAM_HAM_0007043,HAM10000,CC-BY-NC-4.0,
fitzpatrick17k_hf/images/img_1411.jpg,keratose_benigne,HAM_HAM_0003899,HAM10000,CC-BY-NC-4.0,
fitzpatrick17k_hf/images/img_1412.jpg,keratose_benigne,HAM_HAM_0003021,HAM10000,CC-BY-NC-4.0,
fitzpatrick17k_hf/images/img_1413.jpg,keratose_benigne,HAM_HAM_0004105,HAM10000,CC-BY-NC-4.0,
fitzpatrick17k_hf/images/img_1414.jpg,keratose_benigne,HAM_HAM_0003982,HAM10000,CC-BY-NC-4.0,
fitzpatrick17k_hf/images/img_1415.jpg,keratose_benigne,HAM_HAM_0001589,HAM10000,CC-BY-NC-4.0,
fitzpatrick17k_hf/images/img_1416.jpg,keratose_benigne,HAM_HAM_0004327,HAM10000,CC-BY-NC-4.0,
fitzpatrick17k_hf/images/img_1417.jpg,keratose_benigne,HAM_HAM_0000659,HAM10000,CC-BY-NC-4.0,
fitzpatrick17k_hf/images/img_1418.jpg,keratose_benigne,HAM_HAM_0000050,HAM10000,CC-BY-NC-4.0,
fitzpatrick17k_hf/images/img_1419.jpg,keratose_benigne,HAM_HAM_0003670,HAM10000,CC-BY-NC-4.0,
fitzpatrick17k_hf/images/img_1420.jpg,keratose_benigne,HAM_HAM_0003613,HAM10000,CC-BY-NC-4.0,
fitzpatrick17k_hf/images/img_1421.jpg,keratose_benigne,HAM_HAM_0006652,HAM10000,CC-BY-NC-4.0,
fitzpatrick17k_hf/images/img_1422.jpg,keratose_benigne,HAM_HAM_0004807,HAM10000,CC-BY-NC-4.0,
fitzpatrick17k_hf/images/img_1423.jpg,keratose_benigne,HAM_HAM_0001743,HAM10000,CC-BY-NC-4.0,
fitzpatrick17k_hf/images/img_1424.jpg,keratose_benigne,HAM_HAM_0002357,HAM10000,CC-BY-NC-4.0,
fitzpatrick17k_hf/images/img_1425.jpg,keratose_benigne,HAM_HAM_0002043,HAM10000,CC-BY-NC-4.0,
fitzpatrick17k_hf/images/img_1426.jpg,keratose_benigne,HAM_HAM_0002722,HAM10000,CC-BY-NC-4.0,
fitzpatrick17k_hf/images/img_1427.jpg,keratose_benigne,HAM_HAM_0001982,HAM10000,CC-BY-NC-4.0,
fitzpatrick17k_hf/images/img_1428.jpg,keratose_benigne,HAM_HAM_0006240,HAM10000,CC-BY-NC-4.0,
fitzpatrick17k_hf/images/img_1429.jpg,keratose_benigne,HAM_HAM_0000959,HAM10000,CC-BY-NC-4.0,
fitzpatrick17k_hf/images/img_1430.jpg,keratose_benigne,HAM_HAM_0001896,HAM10000,CC-BY-NC-4.0,
fitzpatrick17k_hf/images/img_1431.jpg,keratose_benigne,HAM_HAM_0001399,HAM10000,CC-BY-NC-4.0,
fitzpatrick17k_hf/images/img_1432.jpg,keratose_benigne,HAM_HAM_0003152,HAM10000,CC-BY-NC-4.0,
fitzpatrick17k_hf/images/img_1433.jpg,keratose_benigne,HAM_HAM_0000069,HAM10000,CC-BY-NC-4.0,
fitzpatrick17k_hf/images/img_1434.jpg,keratose_benigne,HAM_HAM_0004917,HAM10000,CC-BY-NC-4.0,
fitzpatrick17k_hf/images/img_1435.jpg,keratose_benigne,HAM_HAM_0003938,HAM10000,CC-BY-NC-4.0,
fitzpatrick17k_hf/images/img_1436.jpg,keratose_benigne,HAM_HAM_0003392,HAM10000,CC-BY-NC-4.0,
fitzpatrick17k_hf/images/img_1437.jpg,keratose_benigne,HAM_HAM_0001294,HAM10000,CC-BY-NC-4.0,
fitzpatrick17k_hf/images/img_1438.jpg,keratose_benigne,HAM_HAM_0004945,HAM10000,CC-BY-NC-4.0,
fitzpatrick17k_hf/images/img_1439.jpg,keratose_benigne,HAM_HAM_0006697,HAM10000,CC-BY-NC-4.0,
fitzpatrick17k_hf/images/img_1440.jpg,keratose_benigne,HAM_HAM_0006993,HAM10000,CC-BY-NC-4.0,
fitzpatrick17k_hf/images/img_1441.jpg,keratose_benigne,HAM_HAM_0000441,HAM10000,CC-BY-NC-4.0,
fitzpatrick17k_hf/images/img_1442.jpg,keratose_benigne,HAM_HAM_0004423,HAM10000,CC-BY-NC-4.0,
fitzpatrick17k_hf/images/img_1443.jpg,keratose_benigne,HAM_HAM_0003508,HAM10000,CC-BY-NC-4.0,
fitzpatrick17k_hf/images/img_1444.jpg,keratose_benigne,HAM_HAM_0004232,HAM10000,CC-BY-NC-4.0,
fitzpatrick17k_hf/images/img_1445.jpg,keratose_benigne,HAM_HAM_0003279,HAM10000,CC-BY-NC-4.0,
fitzpatrick17k_hf/images/img_1446.jpg,keratose_benigne,HAM_HAM_0005146,HAM10000,CC-BY-NC-4.0,
fitzpatrick17k_hf/images/img_1447.jpg,keratose_benigne,HAM_HAM_0004801,HAM10000,CC-BY-NC-4.0,
fitzpatrick17k_hf/images/img_1448.jpg,keratose_benigne,HAM_HAM_0003514,HAM10000,CC-BY-NC-4.0,
fitzpatrick17k_hf/images/img_1449.jpg,keratose_benigne,HAM_HAM_0000881,HAM10000,CC-BY-NC-4.0,
fitzpatrick17k_hf/images/img_1450.jpg,keratose_benigne,HAM_HAM_0001983,HAM10000,CC-BY-NC-4.0,
fitzpatrick17k_hf/images/img_1451.jpg,keratose_benigne,HAM_HAM_0000835,HAM10000,CC-BY-NC-4.0,
fitzpatrick17k_hf/images/img_1452.jpg,keratose_benigne,HAM_HAM_0004570,HAM10000,CC-BY-NC-4.0,
fitzpatrick17k_hf/images/img_1453.jpg,keratose_benigne,HAM_HAM_0004883,HAM10000,CC-BY-NC-4.0,
fitzpatrick17k_hf/images/img_1454.jpg,keratose_benigne,HAM_HAM_0004494,HAM10000,CC-BY-NC-4.0,
fitzpatrick17k_hf/images/img_1455.jpg,keratose_benigne,HAM_HAM_0003140,HAM10000,CC-BY-NC-4.0,
fitzpatrick17k_hf/images/img_1456.jpg,keratose_benigne,HAM_HAM_0002335,HAM10000,CC-BY-NC-4.0,
fitzpatrick17k_hf/images/img_1457.jpg,keratose_benigne,HAM_HAM_0005262,HAM10000,CC-BY-NC-4.0,
fitzpatrick17k_hf/images/img_1458.jpg,keratose_benigne,HAM_HAM_0001325,HAM10000,CC-BY-NC-4.0,
fitzpatrick17k_hf/images/img_1459.jpg,keratose_benigne,HAM_HAM_0003664,HAM10000,CC-BY-NC-4.0,
fitzpatrick17k_hf/images/img_1460.jpg,keratose_benigne,HAM_HAM_0002810,HAM10000,CC-BY-NC-4.0,
fitzpatrick17k_hf/images/img_1461.jpg,keratose_benigne,HAM_HAM_0004377,HAM10000,CC-BY-NC-4.0,
fitzpatrick17k_hf/images/img_1462.jpg,keratose_benigne,HAM_HAM_0004852,HAM10000,CC-BY-NC-4.0,
fitzpatrick17k_hf/images/img_1463.jpg,keratose_benigne,HAM_HAM_0000465,HAM10000,CC-BY-NC-4.0,
fitzpatrick17k_hf/images/img_1464.jpg,keratose_benigne,HAM_HAM_0001820,HAM10000,CC-BY-NC-4.0,
fitzpatrick17k_hf/images/img_1465.jpg,keratose_benigne,HAM_HAM_0005075,HAM10000,CC-BY-NC-4.0,
fitzpatrick17k_hf/images/img_1466.jpg,keratose_benigne,HAM_HAM_0007029,HAM10000,CC-BY-NC-4.0,
fitzpatrick17k_hf/images/img_1467.jpg,keratose_benigne,HAM_HAM_0003787,HAM10000,CC-BY-NC-4.0,
fitzpatrick17k_hf/images/img_1468.jpg,keratose_benigne,HAM_HAM_0001226,HAM10000,CC-BY-NC-4.0,
fitzpatrick17k_hf/images/img_1469.jpg,keratose_benigne,HAM_HAM_0005420,HAM10000,CC-BY-NC-4.0,
fitzpatrick17k_hf/images/img_1470.jpg,keratose_benigne,HAM_HAM_0003847,HAM10000,CC-BY-NC-4.0,
fitzpatrick17k_hf/images/img_1471.jpg,keratose_benigne,HAM_HAM_0004453,HAM10000,CC-BY-NC-4.0,
fitzpatrick17k_hf/images/img_1472.jpg,keratose_benigne,HAM_HAM_0001024,HAM10000,CC-BY-NC-4.0,
fitzpatrick17k_hf/images/img_1473.jpg,keratose_benigne,HAM_HAM_0006574,HAM10000,CC-BY-NC-4.0,
fitzpatrick17k_hf/images/img_1474.jpg,keratose_benigne,HAM_HAM_0004422,HAM10000,CC-BY-NC-4.0,
fitzpatrick17k_hf/images/img_1475.jpg,keratose_benigne,HAM_HAM_0004141,HAM10000,CC-BY-NC-4.0,
fitzpatrick17k_hf/images/img_1476.jpg,keratose_benigne,HAM_HAM_0006769,HAM10000,CC-BY-NC-4.0,
fitzpatrick17k_hf/images/img_1477.jpg,keratose_benigne,HAM_HAM_0000782,HAM10000,CC-BY-NC-4.0,
fitzpatrick17k_hf/images/img_1478.jpg,keratose_benigne,HAM_HAM_0005865,HAM10000,CC-BY-NC-4.0,
fitzpatrick17k_hf/images/img_1479.jpg,keratose_benigne,HAM_HAM_0000847,HAM10000,CC-BY-NC-4.0,
fitzpatrick17k_hf/images/img_1480.jpg,keratose_benigne,HAM_HAM_0000519,HAM10000,CC-BY-NC-4.0,
fitzpatrick17k_hf/images/img_1481.jpg,keratose_benigne,HAM_HAM_0002127,HAM10000,CC-BY-NC-4.0,
fitzpatrick17k_hf/images/img_1482.jpg,keratose_benigne,HAM_HAM_0006513,HAM10000,CC-BY-NC-4.0,
fitzpatrick17k_hf/images/img_1483.jpg,keratose_benigne,HAM_HAM_0001223,HAM10000,CC-BY-NC-4.0,
fitzpatrick17k_hf/images/img_1484.jpg,keratose_benigne,HAM_HAM_0006201,HAM10000,CC-BY-NC-4.0,
fitzpatrick17k_hf/images/img_1485.jpg,keratose_benigne,HAM_HAM_0005672,HAM10000,CC-BY-NC-4.0,
fitzpatrick17k_hf/images/img_1486.jpg,keratose_benigne,HAM_HAM_0005558,HAM10000,CC-BY-NC-4.0,
fitzpatrick17k_hf/images/img_1487.jpg,keratose_benigne,HAM_HAM_0005869,HAM10000,CC-BY-NC-4.0,
fitzpatrick17k_hf/images/img_1488.jpg,keratose_benigne,HAM_HAM_0003574,HAM10000,CC-BY-NC-4.0,
fitzpatrick17k_hf/images/img_1489.jpg,keratose_benigne,HAM_HAM_0006181,HAM10000,CC-BY-NC-4.0,
fitzpatrick17k_hf/images/img_1490.jpg,keratose_benigne,HAM_HAM_0005199,HAM10000,CC-BY-NC-4.0,
fitzpatrick17k_hf/images/img_1491.jpg,keratose_benigne,HAM_HAM_0003021,HAM10000,CC-BY-NC-4.0,
fitzpatrick17k_hf/images/img_1492.jpg,keratose_benigne,HAM_HAM_0000237,HAM10000,CC-BY-NC-4.0,
fitzpatrick17k_hf/images/img_1493.jpg,keratose_benigne,HAM_HAM_0003011,HAM10000,CC-BY-NC-4.0,
fitzpatrick17k_hf/images/img_1494.jpg,keratose_benigne,HAM_HAM_0006475,HAM10000,CC-BY-NC-4.0,
fitzpatrick17k_hf/images/img_1495.jpg,keratose_benigne,HAM_HAM_0001722,HAM10000,CC-BY-NC-4.0,
fitzpatrick17k_hf/images/img_1496.jpg,keratose_benigne,HAM_HAM_0006723,HAM10000,CC-BY-NC-4.0,
fitzpatrick17k_hf/images/img_1497.jpg,keratose_benigne,HAM_HAM_0001053,HAM10000,CC-BY-NC-4.0,
fitzpatrick17k_hf/images/img_1498.jpg,keratose_benigne,HAM_HAM_0002193,HAM10000,CC-BY-NC-4.0,
fitzpatrick17k_hf/images/img_1499.jpg,keratose_benigne,HAM_HAM_0000959,HAM10000,CC-BY-NC-4.0,
fitzpatrick17k_hf/images/img_1500.jpg,keratose_benigne,HAM_HAM_0001603,HAM10000,CC-BY-NC-4.0,
fitzpatrick17k_hf/images/img_1501.jpg,keratose_benigne,HAM_HAM_0005772,HAM10000,CC-BY-NC-4.0,
fitzpatrick17k_hf/images/img_1502.jpg,keratose_benigne,HAM_HAM_0002677,HAM10000,CC-BY-NC-4.0,
fitzpatrick17k_hf/images/img_1503.jpg,keratose_benigne,HAM_HAM_0002303,HAM10000,CC-BY-NC-4.0,
fitzpatrick17k_hf/images/img_1504.jpg,keratose_benigne,HAM_HAM_0006868,HAM10000,CC-BY-NC-4.0,
fitzpatrick17k_hf/images/img_1505.jpg,keratose_benigne,HAM_HAM_0005674,HAM10000,CC-BY-NC-4.0,
fitzpatrick17k_hf/images/img_1506.jpg,keratose_benigne,HAM_HAM_0004010,HAM10000,CC-BY-NC-4.0,
fitzpatrick17k_hf/images/img_1507.jpg,keratose_benigne,HAM_HAM_0003943,HAM10000,CC-BY-NC-4.0,
fitzpatrick17k_hf/images/img_1508.jpg,keratose_benigne,HAM_HAM_0001430,HAM10000,CC-BY-NC-4.0,
fitzpatrick17k_hf/images/img_1509.jpg,keratose_benigne,HAM_HAM_0004713,HAM10000,CC-BY-NC-4.0,
fitzpatrick17k_hf/images/img_1510.jpg,keratose_benigne,HAM_HAM_0006350,HAM10000,CC-BY-NC-4.0,
fitzpatrick17k_hf/images/img_1511.jpg,keratose_benigne,HAM_HAM_0006064,HAM10000,CC-BY-NC-4.0,
fitzpatrick17k_hf/images/img_1512.jpg,keratose_benigne,HAM_HAM_0007395,HAM10000,CC-BY-NC-4.0,
fitzpatrick17k_hf/images/img_1513.jpg,keratose_benigne,HAM_HAM_0004908,HAM10000,CC-BY-NC-4.0,
fitzpatrick17k_hf/images/img_1514.jpg,keratose_benigne,HAM_HAM_0001094,HAM10000,CC-BY-NC-4.0,
fitzpatrick17k_hf/images/img_1515.jpg,keratose_benigne,HAM_HAM_0005772,HAM10000,CC-BY-NC-4.0,
fitzpatrick17k_hf/images/img_1516.jpg,keratose_benigne,HAM_HAM_0001245,HAM10000,CC-BY-NC-4.0,
fitzpatrick17k_hf/images/img_1517.jpg,keratose_benigne,HAM_HAM_0001721,HAM10000,CC-BY-NC-4.0,
fitzpatrick17k_hf/images/img_1518.jpg,keratose_benigne,HAM_HAM_0000734,HAM10000,CC-BY-NC-4.0,
fitzpatrick17k_hf/images/img_1519.jpg,keratose_benigne,HAM_HAM_0006267,HAM10000,CC-BY-NC-4.0,
fitzpatrick17k_hf/images/img_1520.jpg,keratose_benigne,HAM_HAM_0001665,HAM10000,CC-BY-NC-4.0,
fitzpatrick17k_hf/images/img_1521.jpg,keratose_benigne,HAM_HAM_0002456,HAM10000,CC-BY-NC-4.0,
fitzpatrick17k_hf/images/img_1522.jpg,keratose_benigne,HAM_HAM_0002209,HAM10000,CC-BY-NC-4.0,
fitzpatrick17k_hf/images/img_1523.jpg,keratose_benigne,HAM_HAM_0000613,HAM10000,CC-BY-NC-4.0,
fitzpatrick17k_hf/images/img_1524.jpg,keratose_benigne,HAM_HAM_0004383,HAM10000,CC-BY-NC-4.0,
fitzpatrick17k_hf/images/img_1525.jpg,keratose_benigne,HAM_HAM_0003789,HAM10000,CC-BY-NC-4.0,
fitzpatrick17k_hf/images/img_1526.jpg,keratose_benigne,HAM_HAM_0003205,HAM10000,CC-BY-NC-4.0,
fitzpatrick17k_hf/images/img_1527.jpg,keratose_benigne,HAM_HAM_0002722,HAM10000,CC-BY-NC-4.0,
fitzpatrick17k_hf/images/img_1528.jpg,keratose_benigne,HAM_HAM_0007621,HAM10000,CC-BY-NC-4.0,
fitzpatrick17k_hf/images/img_1529.jpg,keratose_benigne,HAM_HAM_0007207,HAM10000,CC-BY-NC-4.0,
fitzpatrick17k_hf/images/img_1530.jpg,keratose_benigne,HAM_HAM_0000835,HAM10000,CC-BY-NC-4.0,
fitzpatrick17k_hf/images/img_1531.jpg,keratose_benigne,HAM_HAM_0006310,HAM10000,CC-BY-NC-4.0,
fitzpatrick17k_hf/images/img_1532.jpg,keratose_benigne,HAM_HAM_0002691,HAM10000,CC-BY-NC-4.0,
fitzpatrick17k_hf/images/img_1533.jpg,keratose_benigne,HAM_HAM_0002042,HAM10000,CC-BY-NC-4.0,
fitzpatrick17k_hf/images/img_1534.jpg,keratose_benigne,HAM_HAM_0004379,HAM10000,CC-BY-NC-4.0,
fitzpatrick17k_hf/images/img_1535.jpg,keratose_benigne,HAM_HAM_0000105,HAM10000,CC-BY-NC-4.0,
fitzpatrick17k_hf/images/img_1536.jpg,keratose_benigne,HAM_HAM_0005862,HAM10000,CC-BY-NC-4.0,
fitzpatrick17k_hf/images/img_1537.jpg,keratose_benigne,HAM_HAM_0000050,HAM10000,CC-BY-NC-4.0,
fitzpatrick17k_hf/images/img_1538.jpg,keratose_benigne,HAM_HAM_0004466,HAM10000,CC-BY-NC-4.0,
fitzpatrick17k_hf/images/img_1539.jpg,keratose_benigne,HAM_HAM_0004928,HAM10000,CC-BY-NC-4.0,
fitzpatrick17k_hf/images/img_1540.jpg,keratose_benigne,HAM_HAM_0006277,HAM10000,CC-BY-NC-4.0,
fitzpatrick17k_hf/images/img_1541.jpg,keratose_benigne,HAM_HAM_0006243,HAM10000,CC-BY-NC-4.0,
fitzpatrick17k_hf/images/img_1542.jpg,keratose_benigne,HAM_HAM_0001536,HAM10000,CC-BY-NC-4.0,
fitzpatrick17k_hf/images/img_1543.jpg,keratose_benigne,HAM_HAM_0004494,HAM10000,CC-BY-NC-4.0,
fitzpatrick17k_hf/images/img_1544.jpg,keratose_benigne,HAM_HAM_0003943,HAM10000,CC-BY-NC-4.0,
fitzpatrick17k_hf/images/img_1545.jpg,keratose_benigne,HAM_HAM_0000821,HAM10000,CC-BY-NC-4.0,
fitzpatrick17k_hf/images/img_1546.jpg,keratose_benigne,HAM_HAM_0003021,HAM10000,CC-BY-NC-4.0,
fitzpatrick17k_hf/images/img_1547.jpg,keratose_benigne,HAM_HAM_0004641,HAM10000,CC-BY-NC-4.0,
fitzpatrick17k_hf/images/img_1548.jpg,keratose_benigne,HAM_HAM_0004569,HAM10000,CC-BY-NC-4.0,
fitzpatrick17k_hf/images/img_1549.jpg,keratose_benigne,HAM_HAM_0001733,HAM10000,CC-BY-NC-4.0,
fitzpatrick17k_hf/images/img_1550.jpg,keratose_benigne,HAM_HAM_0006601,HAM10000,CC-BY-NC-4.0,
fitzpatrick17k_hf/images/img_1551.jpg,keratose_benigne,HAM_HAM_0000149,HAM10000,CC-BY-NC-4.0,
fitzpatrick17k_hf/images/img_1552.jpg,keratose_benigne,HAM_HAM_0005865,HAM10000,CC-BY-NC-4.0,
fitzpatrick17k_hf/images/img_1553.jpg,keratose_benigne,HAM_HAM_0007590,HAM10000,CC-BY-NC-4.0,
fitzpatrick17k_hf/images/img_1554.jpg,keratose_benigne,HAM_HAM_0003877,HAM10000,CC-BY-NC-4.0,
fitzpatrick17k_hf/images/img_1555.jpg,keratose_benigne,HAM_HAM_0003014,HAM10000,CC-BY-NC-4.0,
fitzpatrick17k_hf/images/img_1556.jpg,keratose_benigne,HAM_HAM_0001402,HAM10000,CC-BY-NC-4.0,
fitzpatrick17k_hf/images/img_1557.jpg,keratose_benigne,HAM_HAM_0005338,HAM10000,CC-BY-NC-4.0,
fitzpatrick17k_hf/images/img_1558.jpg,keratose_benigne,HAM_HAM_0005335,HAM10000,CC-BY-NC-4.0,
fitzpatrick17k_hf/images/img_1559.jpg,keratose_benigne,HAM_HAM_0004341,HAM10000,CC-BY-NC-4.0,
fitzpatrick17k_hf/images/img_1560.jpg,keratose_benigne,HAM_HAM_0004249,HAM10000,CC-BY-NC-4.0,
fitzpatrick17k_hf/images/img_1561.jpg,keratose_benigne,HAM_HAM_0002169,HAM10000,CC-BY-NC-4.0,
fitzpatrick17k_hf/images/img_1562.jpg,keratose_benigne,HAM_HAM_0004912,HAM10000,CC-BY-NC-4.0,
fitzpatrick17k_hf/images/img_1563.jpg,keratose_benigne,HAM_HAM_0001487,HAM10000,CC-BY-NC-4.0,
fitzpatrick17k_hf/images/img_1564.jpg,keratose_benigne,HAM_HAM_0005626,HAM10000,CC-BY-NC-4.0,
fitzpatrick17k_hf/images/img_1565.jpg,keratose_benigne,HAM_HAM_0007431,HAM10000,CC-BY-NC-4.0,
fitzpatrick17k_hf/images/img_1566.jpg,keratose_benigne,HAM_HAM_0002092,HAM10000,CC-BY-NC-4.0,
fitzpatrick17k_hf/images/img_1567.jpg,keratose_benigne,HAM_HAM_0003682,HAM10000,CC-BY-NC-4.0,
fitzpatrick17k_hf/images/img_1568.jpg,keratose_benigne,HAM_HAM_0001466,HAM10000,CC-BY-NC-4.0,
fitzpatrick17k_hf/images/img_1569.jpg,keratose_benigne,HAM_HAM_0006558,HAM10000,CC-BY-NC-4.0,
fitzpatrick17k_hf/images/img_1570.jpg,keratose_benigne,HAM_HAM_0003847,HAM10000,CC-BY-NC-4.0,
fitzpatrick17k_hf/images/img_1571.jpg,keratose_benigne,HAM_HAM_0002683,HAM10000,CC-BY-NC-4.0,
fitzpatrick17k_hf/images/img_1572.jpg,keratose_benigne,HAM_HAM_0007010,HAM10000,CC-BY-NC-4.0,
fitzpatrick17k_hf/images/img_1573.jpg,keratose_benigne,HAM_HAM_0006827,HAM10000,CC-BY-NC-4.0,
fitzpatrick17k_hf/images/img_1574.jpg,keratose_benigne,HAM_HAM_0000383,HAM10000,CC-BY-NC-4.0,
fitzpatrick17k_hf/images/img_1575.jpg,keratose_benigne,HAM_HAM_0002686,HAM10000,CC-BY-NC-4.0,
fitzpatrick17k_hf/images/img_1576.jpg,keratose_benigne,HAM_HAM_0001480,HAM10000,CC-BY-NC-4.0,
fitzpatrick17k_hf/images/img_1577.jpg,keratose_benigne,HAM_HAM_0000296,HAM10000,CC-BY-NC-4.0,
fitzpatrick17k_hf/images/img_1578.jpg,keratose_benigne,HAM_HAM_0004945,HAM10000,CC-BY-NC-4.0,
fitzpatrick17k_hf/images/img_1579.jpg,keratose_benigne,HAM_HAM_0002357,HAM10000,CC-BY-NC-4.0,
fitzpatrick17k_hf/images/img_1580.jpg,keratose_benigne,HAM_HAM_0005275,HAM10000,CC-BY-NC-4.0,
fitzpatrick17k_hf/images/img_1581.jpg,keratose_benigne,HAM_HAM_0002335,HAM10000,CC-BY-NC-4.0,
fitzpatrick17k_hf/images/img_1582.jpg,keratose_benigne,HAM_HAM_0005527,HAM10000,CC-BY-NC-4.0,
fitzpatrick17k_hf/images/img_1583.jpg,keratose_benigne,HAM_HAM_0004453,HAM10000,CC-BY-NC-4.0,
fitzpatrick17k_hf/images/img_1584.jpg,keratose_benigne,HAM_HAM_0004448,HAM10000,CC-BY-NC-4.0,
fitzpatrick17k_hf/images/img_1585.jpg,keratose_benigne,HAM_HAM_0004883,HAM10000,CC-BY-NC-4.0,
fitzpatrick17k_hf/images/img_1586.jpg,keratose_benigne,HAM_HAM_0003789,HAM10000,CC-BY-NC-4.0,
fitzpatrick17k_hf/images/img_1587.jpg,keratose_benigne,HAM_HAM_0000083,HAM10000,CC-BY-NC-4.0,
fitzpatrick17k_hf/images/img_1588.jpg,keratose_benigne,HAM_HAM_0002810,HAM10000,CC-BY-NC-4.0,
fitzpatrick17k_hf/images/img_1589.jpg,keratose_benigne,HAM_HAM_0003398,HAM10000,CC-BY-NC-4.0,
fitzpatrick17k_hf/images/img_1590.jpg,keratose_benigne,HAM_HAM_0003881,HAM10000,CC-BY-NC-4.0,
fitzpatrick17k_hf/images/img_1591.jpg,keratose_benigne,HAM_HAM_0000382,HAM10000,CC-BY-NC-4.0,
fitzpatrick17k_hf/images/img_1592.jpg,keratose_benigne,HAM_HAM_0003281,HAM10000,CC-BY-NC-4.0,
fitzpatrick17k_hf/images/img_1593.jpg,keratose_benigne,HAM_HAM_0000833,HAM10000,CC-BY-NC-4.0,
fitzpatrick17k_hf/images/img_1594.jpg,keratose_benigne,HAM_HAM_0006652,HAM10000,CC-BY-NC-4.0,
fitzpatrick17k_hf/images/img_1595.jpg,keratose_benigne,HAM_HAM_0001292,HAM10000,CC-BY-NC-4.0,
fitzpatrick17k_hf/images/img_1596.jpg,keratose_benigne,HAM_HAM_0006173,HAM10000,CC-BY-NC-4.0,
fitzpatrick17k_hf/images/img_1597.jpg,keratose_benigne,HAM_HAM_0004341,HAM10000,CC-BY-NC-4.0,
fitzpatrick17k_hf/images/img_1598.jpg,keratose_benigne,HAM_HAM_0001608,HAM10000,CC-BY-NC-4.0,
fitzpatrick17k_hf/images/img_1599.jpg,keratose_benigne,HAM_HAM_0001781,HAM10000,CC-BY-NC-4.0,
fitzpatrick17k_hf/images/img_1600.jpg,keratose_benigne,HAM_HAM_0007100,HAM10000,CC-BY-NC-4.0,
fitzpatrick17k_hf/images/img_1601.jpg,keratose_benigne,HAM_HAM_0003452,HAM10000,CC-BY-NC-4.0,
fitzpatrick17k_hf/images/img_1602.jpg,keratose_benigne,HAM_HAM_0002299,HAM10000,CC-BY-NC-4.0,
fitzpatrick17k_hf/images/img_1603.jpg,keratose_benigne,HAM_HAM_0002303,HAM10000,CC-BY-NC-4.0,
fitzpatrick17k_hf/images/img_1604.jpg,keratose_benigne,HAM_HAM_0005967,HAM10000,CC-BY-NC-4.0,
fitzpatrick17k_hf/images/img_1605.jpg,keratose_benigne,HAM_HAM_0000237,HAM10000,CC-BY-NC-4.0,
fitzpatrick17k_hf/images/img_1606.jpg,keratose_benigne,HAM_HAM_0005420,HAM10000,CC-BY-NC-4.0,
fitzpatrick17k_hf/images/img_1607.jpg,keratose_benigne,HAM_HAM_0001057,HAM10000,CC-BY-NC-4.0,
fitzpatrick17k_hf/images/img_1608.jpg,keratose_benigne,HAM_HAM_0001947,HAM10000,CC-BY-NC-4.0,
fitzpatrick17k_hf/images/img_1609.jpg,keratose_benigne,HAM_HAM_0006630,HAM10000,CC-BY-NC-4.0,
fitzpatrick17k_hf/images/img_1610.jpg,keratose_benigne,HAM_HAM_0002455,HAM10000,CC-BY-NC-4.0,
fitzpatrick17k_hf/images/img_1611.jpg,keratose_benigne,HAM_HAM_0000893,HAM10000,CC-BY-NC-4.0,
fitzpatrick17k_hf/images/img_1612.jpg,keratose_benigne,HAM_HAM_0006064,HAM10000,CC-BY-NC-4.0,
fitzpatrick17k_hf/images/img_1613.jpg,keratose_benigne,HAM_HAM_0003393,HAM10000,CC-BY-NC-4.0,
fitzpatrick17k_hf/images/img_1614.jpg,keratose_benigne,HAM_HAM_0003275,HAM10000,CC-BY-NC-4.0,
fitzpatrick17k_hf/images/img_1615.jpg,keratose_benigne,HAM_HAM_0006170,HAM10000,CC-BY-NC-4.0,
fitzpatrick17k_hf/images/img_1616.jpg,keratose_benigne,HAM_HAM_0002536,HAM10000,CC-BY-NC-4.0,
fitzpatrick17k_hf/images/img_1617.jpg,keratose_benigne,HAM_HAM_0004884,HAM10000,CC-BY-NC-4.0,
fitzpatrick17k_hf/images/img_1618.jpg,keratose_benigne,HAM_HAM_0007571,HAM10000,CC-BY-NC-4.0,
fitzpatrick17k_hf/images/img_1619.jpg,keratose_benigne,HAM_HAM_0007521,HAM10000,CC-BY-NC-4.0,
fitzpatrick17k_hf/images/img_1620.jpg,keratose_benigne,HAM_HAM_0004632,HAM10000,CC-BY-NC-4.0,
fitzpatrick17k_hf/images/img_1621.jpg,keratose_benigne,HAM_HAM_0006143,HAM10000,CC-BY-NC-4.0,
fitzpatrick17k_hf/images/img_1622.jpg,keratose_benigne,HAM_HAM_0004543,HAM10000,CC-BY-NC-4.0,
fitzpatrick17k_hf/images/img_1623.jpg,keratose_benigne,HAM_HAM_0005903,HAM10000,CC-BY-NC-4.0,
fitzpatrick17k_hf/images/img_1624.jpg,keratose_benigne,HAM_HAM_0002169,HAM10000,CC-BY-NC-4.0,
fitzpatrick17k_hf/images/img_1625.jpg,keratose_benigne,HAM_HAM_0002050,HAM10000,CC-BY-NC-4.0,
fitzpatrick17k_hf/images/img_1626.jpg,keratose_benigne,HAM_HAM_0000744,HAM10000,CC-BY-NC-4.0,
fitzpatrick17k_hf/images/img_1627.jpg,keratose_benigne,HAM_HAM_0002268,HAM10000,CC-BY-NC-4.0,
fitzpatrick17k_hf/images/img_1628.jpg,keratose_benigne,HAM_HAM_0005834,HAM10000,CC-BY-NC-4.0,
fitzpatrick17k_hf/images/img_1629.jpg,keratose_benigne,HAM_HAM_0002371,HAM10000,CC-BY-NC-4.0,
fitzpatrick17k_hf/images/img_1630.jpg,keratose_benigne,HAM_HAM_0002839,HAM10000,CC-BY-NC-4.0,
fitzpatrick17k_hf/images/img_1631.jpg,keratose_benigne,HAM_HAM_0003021,HAM10000,CC-BY-NC-4.0,
fitzpatrick17k_hf/images/img_1632.jpg,keratose_benigne,HAM_HAM_0000893,HAM10000,CC-BY-NC-4.0,
fitzpatrick17k_hf/images/img_1633.jpg,keratose_benigne,HAM_HAM_0006558,HAM10000,CC-BY-NC-4.0,
fitzpatrick17k_hf/images/img_1634.jpg,keratose_benigne,HAM_HAM_0001853,HAM10000,CC-BY-NC-4.0,
fitzpatrick17k_hf/images/img_1635.jpg,keratose_benigne,HAM_HAM_0005463,HAM10000,CC-BY-NC-4.0,
fitzpatrick17k_hf/images/img_1636.jpg,keratose_benigne,HAM_HAM_0002184,HAM10000,CC-BY-NC-4.0,
fitzpatrick17k_hf/images/img_1637.jpg,keratose_benigne,HAM_HAM_0000090,HAM10000,CC-BY-NC-4.0,
fitzpatrick17k_hf/images/img_1638.jpg,keratose_benigne,HAM_HAM_0005498,HAM10000,CC-BY-NC-4.0,
fitzpatrick17k_hf/images/img_1639.jpg,keratose_benigne,HAM_HAM_0006294,HAM10000,CC-BY-NC-4.0,
fitzpatrick17k_hf/images/img_1640.jpg,keratose_benigne,HAM_HAM_0006267,HAM10000,CC-BY-NC-4.0,
fitzpatrick17k_hf/images/img_1641.jpg,keratose_benigne,HAM_HAM_0002419,HAM10000,CC-BY-NC-4.0,
fitzpatrick17k_hf/images/img_1642.jpg,keratose_benigne,HAM_HAM_0003206,HAM10000,CC-BY-NC-4.0,
fitzpatrick17k_hf/images/img_1643.jpg,keratose_benigne,HAM_HAM_0001493,HAM10000,CC-BY-NC-4.0,
fitzpatrick17k_hf/images/img_1644.jpg,keratose_benigne,HAM_HAM_0001417,HAM10000,CC-BY-NC-4.0,
fitzpatrick17k_hf/images/img_1645.jpg,keratose_benigne,HAM_HAM_0005967,HAM10000,CC-BY-NC-4.0,
fitzpatrick17k_hf/images/img_1646.jpg,keratose_benigne,HAM_HAM_0001949,HAM10000,CC-BY-NC-4.0,
fitzpatrick17k_hf/images/img_1647.jpg,keratose_benigne,HAM_HAM_0006173,HAM10000,CC-BY-NC-4.0,
fitzpatrick17k_hf/images/img_1648.jpg,keratose_benigne,HAM_HAM_0003015,HAM10000,CC-BY-NC-4.0,
fitzpatrick17k_hf/images/img_1649.jpg,keratose_benigne,HAM_HAM_0006876,HAM10000,CC-BY-NC-4.0,
fitzpatrick17k_hf/images/img_1650.jpg,keratose_benigne,HAM_HAM_0003326,HAM10000,CC-BY-NC-4.0,
fitzpatrick17k_hf/images/img_1651.jpg,keratose_benigne,HAM_HAM_0002769,HAM10000,CC-BY-NC-4.0,
fitzpatrick17k_hf/images/img_1652.jpg,keratose_benigne,HAM_HAM_0002121,HAM10000,CC-BY-NC-4.0,
fitzpatrick17k_hf/images/img_1653.jpg,keratose_benigne,HAM_HAM_0001011,HAM10000,CC-BY-NC-4.0,
fitzpatrick17k_hf/images/img_1654.jpg,keratose_benigne,HAM_HAM_0000527,HAM10000,CC-BY-NC-4.0,
fitzpatrick17k_hf/images/img_1655.jpg,keratose_benigne,HAM_HAM_0007101,HAM10000,CC-BY-NC-4.0,
fitzpatrick17k_hf/images/img_1656.jpg,keratose_benigne,HAM_HAM_0004332,HAM10000,CC-BY-NC-4.0,
fitzpatrick17k_hf/images/img_1657.jpg,keratose_benigne,HAM_HAM_0000802,HAM10000,CC-BY-NC-4.0,
fitzpatrick17k_hf/images/img_1658.jpg,keratose_benigne,HAM_HAM_0006654,HAM10000,CC-BY-NC-4.0,
fitzpatrick17k_hf/images/img_1659.jpg,keratose_benigne,HAM_HAM_0003927,HAM10000,CC-BY-NC-4.0,
fitzpatrick17k_hf/images/img_1660.jpg,keratose_benigne,HAM_HAM_0006801,HAM10000,CC-BY-NC-4.0,
fitzpatrick17k_hf/images/img_1661.jpg,keratose_benigne,HAM_HAM_0000790,HAM10000,CC-BY-NC-4.0,
fitzpatrick17k_hf/images/img_1662.jpg,keratose_benigne,HAM_HAM_0007101,HAM10000,CC-BY-NC-4.0,
fitzpatrick17k_hf/images/img_1663.jpg,keratose_benigne,HAM_HAM_0001772,HAM10000,CC-BY-NC-4.0,
fitzpatrick17k_hf/images/img_1664.jpg,keratose_benigne,HAM_HAM_0004142,HAM10000,CC-BY-NC-4.0,
fitzpatrick17k_hf/images/img_1665.jpg,keratose_benigne,HAM_HAM_0000790,HAM10000,CC-BY-NC-4.0,
fitzpatrick17k_hf/images/img_1666.jpg,keratose_benigne,HAM_HAM_0003807,HAM10000,CC-BY-NC-4.0,
fitzpatrick17k_hf/images/img_1667.jpg,keratose_benigne,HAM_HAM_0002928,HAM10000,CC-BY-NC-4.0,
fitzpatrick17k_hf/images/img_1668.jpg,keratose_benigne,HAM_HAM_0004091,HAM10000,CC-BY-NC-4.0,
fitzpatrick17k_hf/images/img_1669.jpg,keratose_benigne,HAM_HAM_0000208,HAM10000,CC-BY-NC-4.0,
fitzpatrick17k_hf/images/img_1670.jpg,keratose_benigne,HAM_HAM_0006801,HAM10000,CC-BY-NC-4.0,
fitzpatrick17k_hf/images/img_1671.jpg,keratose_benigne,HAM_HAM_0000208,HAM10000,CC-BY-NC-4.0,
fitzpatrick17k_hf/images/img_1672.jpg,keratose_benigne,HAM_HAM_0006673,HAM10000,CC-BY-NC-4.0,
fitzpatrick17k_hf/images/img_1673.jpg,keratose_benigne,HAM_HAM_0007384,HAM10000,CC-BY-NC-4.0,
fitzpatrick17k_hf/images/img_1674.jpg,keratose_benigne,HAM_HAM_0005299,HAM10000,CC-BY-NC-4.0,
fitzpatrick17k_hf/images/img_1675.jpg,keratose_benigne,HAM_HAM_0001561,HAM10000,CC-BY-NC-4.0,
fitzpatrick17k_hf/images/img_1676.jpg,keratose_benigne,HAM_HAM_0003927,HAM10000,CC-BY-NC-4.0,
fitzpatrick17k_hf/images/img_1677.jpg,keratose_benigne,HAM_HAM_0000527,HAM10000,CC-BY-NC-4.0,
fitzpatrick17k_hf/images/img_1678.jpg,keratose_benigne,HAM_HAM_0006528,HAM10000,CC-BY-NC-4.0,
fitzpatrick17k_hf/images/img_1679.jpg,keratose_benigne,HAM_HAM_0000571,HAM10000,CC-BY-NC-4.0,
fitzpatrick17k_hf/images/img_1680.jpg,keratose_benigne,HAM_HAM_0001954,HAM10000,CC-BY-NC-4.0,
fitzpatrick17k_hf/images/img_1681.jpg,keratose_benigne,HAM_HAM_0005299,HAM10000,CC-BY-NC-4.0,
fitzpatrick17k_hf/images/img_1682.jpg,keratose_benigne,HAM_HAM_0006026,HAM10000,CC-BY-NC-4.0,
fitzpatrick17k_hf/images/img_1683.jpg,keratose_benigne,HAM_HAM_0000581,HAM10000,CC-BY-NC-4.0,
fitzpatrick17k_hf/images/img_1684.jpg,keratose_benigne,HAM_HAM_0006003,HAM10000,CC-BY-NC-4.0,
fitzpatrick17k_hf/images/img_1685.jpg,keratose_benigne,HAM_HAM_0003845,HAM10000,CC-BY-NC-4.0,
fitzpatrick17k_hf/images/img_1686.jpg,keratose_benigne,HAM_HAM_0004788,HAM10000,CC-BY-NC-4.0,
fitzpatrick17k_hf/images/img_1687.jpg,keratose_benigne,HAM_HAM_0007101,HAM10000,CC-BY-NC-4.0,
fitzpatrick17k_hf/images/img_1688.jpg,keratose_benigne,HAM_HAM_0005749,HAM10000,CC-BY-NC-4.0,
fitzpatrick17k_hf/images/img_1689.jpg,keratose_benigne,HAM_HAM_0004975,HAM10000,CC-BY-NC-4.0,
fitzpatrick17k_hf/images/img_1690.jpg,keratose_benigne,HAM_HAM_0001309,HAM10000,CC-BY-NC-4.0,
fitzpatrick17k_hf/images/img_1691.jpg,keratose_benigne,HAM_HAM_0003770,HAM10000,CC-BY-NC-4.0,
fitzpatrick17k_hf/images/img_1692.jpg,keratose_benigne,HAM_HAM_0002327,HAM10000,CC-BY-NC-4.0,
fitzpatrick17k_hf/images/img_1693.jpg,keratose_benigne,HAM_HAM_0007341,HAM10000,CC-BY-NC-4.0,
fitzpatrick17k_hf/images/img_1694.jpg,keratose_benigne,HAM_HAM_0003321,HAM10000,CC-BY-NC-4.0,
fitzpatrick17k_hf/images/img_1695.jpg,keratose_benigne,HAM_HAM_0006085,HAM10000,CC-BY-NC-4.0,
fitzpatrick17k_hf/images/img_1696.jpg,keratose_benigne,HAM_HAM_0003321,HAM10000,CC-BY-NC-4.0,
fitzpatrick17k_hf/images/img_1697.jpg,keratose_benigne,HAM_HAM_0000754,HAM10000,CC-BY-NC-4.0,
fitzpatrick17k_hf/images/img_1698.jpg,keratose_benigne,HAM_HAM_0000779,HAM10000,CC-BY-NC-4.0,
fitzpatrick17k_hf/images/img_1699.jpg,keratose_benigne,HAM_HAM_0002008,HAM10000,CC-BY-NC-4.0,
fitzpatrick17k_hf/images/img_1700.jpg,keratose_benigne,HAM_HAM_0003162,HAM10000,CC-BY-NC-4.0,
fitzpatrick17k_hf/images/img_1701.jpg,keratose_benigne,HAM_HAM_0002040,HAM10000,CC-BY-NC-4.0,
fitzpatrick17k_hf/images/img_1702.jpg,keratose_benigne,HAM_HAM_0004406,HAM10000,CC-BY-NC-4.0,
fitzpatrick17k_hf/images/img_1703.jpg,keratose_benigne,HAM_HAM_0007402,HAM10000,CC-BY-NC-4.0,
fitzpatrick17k_hf/images/img_1704.jpg,keratose_benigne,HAM_HAM_0003927,HAM10000,CC-BY-NC-4.0,
fitzpatrick17k_hf/images/img_1705.jpg,keratose_benigne,HAM_HAM_0002372,HAM10000,CC-BY-NC-4.0,
fitzpatrick17k_hf/images/img_1706.jpg,keratose_benigne,HAM_HAM_0006085,HAM10000,CC-BY-NC-4.0,
fitzpatrick17k_hf/images/img_1707.jpg,keratose_benigne,HAM_HAM_0002928,HAM10000,CC-BY-NC-4.0,
fitzpatrick17k_hf/images/img_1708.jpg,keratose_benigne,HAM_HAM_0000571,HAM10000,CC-BY-NC-4.0,
fitzpatrick17k_hf/images/img_1709.jpg,keratose_benigne,HAM_HAM_0002792,HAM10000,CC-BY-NC-4.0,
fitzpatrick17k_hf/images/img_1710.jpg,keratose_benigne,HAM_HAM_0004332,HAM10000,CC-BY-NC-4.0,
fitzpatrick17k_hf/images/img_1711.jpg,keratose_benigne,HAM_HAM_0000802,HAM10000,CC-BY-NC-4.0,
fitzpatrick17k_hf/images/img_1712.jpg,keratose_benigne,HAM_HAM_0006673,HAM10000,CC-BY-NC-4.0,
fitzpatrick17k_hf/images/img_1713.jpg,keratose_benigne,HAM_HAM_0004555,HAM10000,CC-BY-NC-4.0,
fitzpatrick17k_hf/images/img_1714.jpg,keratose_benigne,HAM_HAM_0006663,HAM10000,CC-BY-NC-4.0,
fitzpatrick17k_hf/images/img_1715.jpg,keratose_benigne,HAM_HAM_0001385,HAM10000,CC-BY-NC-4.0,
fitzpatrick17k_hf/images/img_1716.jpg,keratose_benigne,HAM_HAM_0001858,HAM10000,CC-BY-NC-4.0,
fitzpatrick17k_hf/images/img_1717.jpg,keratose_benigne,HAM_HAM_0005749,HAM10000,CC-BY-NC-4.0,
fitzpatrick17k_hf/images/img_1718.jpg,keratose_benigne,HAM_HAM_0006801,HAM10000,CC-BY-NC-4.0,
fitzpatrick17k_hf/images/img_1719.jpg,keratose_benigne,HAM_HAM_0004142,HAM10000,CC-BY-NC-4.0,
fitzpatrick17k_hf/images/img_1720.jpg,keratose_benigne,HAM_HAM_0005258,HAM10000,CC-BY-NC-4.0,
fitzpatrick17k_hf/images/img_1721.jpg,keratose_benigne,HAM_HAM_0004255,HAM10000,CC-BY-NC-4.0,
fitzpatrick17k_hf/images/img_1722.jpg,keratose_benigne,HAM_HAM_0001772,HAM10000,CC-BY-NC-4.0,
fitzpatrick17k_hf/images/img_1723.jpg,keratose_benigne,HAM_HAM_0001385,HAM10000,CC-BY-NC-4.0,
fitzpatrick17k_hf/images/img_1724.jpg,keratose_benigne,HAM_HAM_0003218,HAM10000,CC-BY-NC-4.0,
fitzpatrick17k_hf/images/img_1725.jpg,keratose_benigne,HAM_HAM_0000805,HAM10000,CC-BY-NC-4.0,
fitzpatrick17k_hf/images/img_1726.jpg,keratose_benigne,HAM_HAM_0000332,HAM10000,CC-BY-NC-4.0,
fitzpatrick17k_hf/images/img_1727.jpg,keratose_benigne,HAM_HAM_0001354,HAM10000,CC-BY-NC-4.0,
fitzpatrick17k_hf/images/img_1728.jpg,keratose_benigne,HAM_HAM_0006085,HAM10000,CC-BY-NC-4.0,
fitzpatrick17k_hf/images/img_1729.jpg,keratose_benigne,HAM_HAM_0002040,HAM10000,CC-BY-NC-4.0,
fitzpatrick17k_hf/images/img_1730.jpg,keratose_benigne,HAM_HAM_0007625,HAM10000,CC-BY-NC-4.0,
fitzpatrick17k_hf/images/img_1731.jpg,keratose_benigne,HAM_HAM_0002008,HAM10000,CC-BY-NC-4.0,
fitzpatrick17k_hf/images/img_1732.jpg,keratose_benigne,HAM_HAM_0001186,HAM10000,CC-BY-NC-4.0,
fitzpatrick17k_hf/images/img_1733.jpg,keratose_benigne,HAM_HAM_0001384,HAM10000,CC-BY-NC-4.0,
fitzpatrick17k_hf/images/img_1734.jpg,keratose_benigne,HAM_HAM_0005258,HAM10000,CC-BY-NC-4.0,
fitzpatrick17k_hf/images/img_1735.jpg,keratose_benigne,HAM_HAM_0005898,HAM10000,CC-BY-NC-4.0,
fitzpatrick17k_hf/images/img_1736.jpg,keratose_benigne,HAM_HAM_0007384,HAM10000,CC-BY-NC-4.0,
fitzpatrick17k_hf/images/img_1737.jpg,keratose_benigne,HAM_HAM_0001384,HAM10000,CC-BY-NC-4.0,
fitzpatrick17k_hf/images/img_1738.jpg,keratose_benigne,HAM_HAM_0000802,HAM10000,CC-BY-NC-4.0,
fitzpatrick17k_hf/images/img_1739.jpg,keratose_benigne,HAM_HAM_0002008,HAM10000,CC-BY-NC-4.0,
fitzpatrick17k_hf/images/img_1740.jpg,keratose_benigne,HAM_HAM_0004555,HAM10000,CC-BY-NC-4.0,
fitzpatrick17k_hf/images/img_1741.jpg,keratose_benigne,HAM_HAM_0003659,HAM10000,CC-BY-NC-4.0,
fitzpatrick17k_hf/images/img_1742.jpg,keratose_benigne,HAM_HAM_0004458,HAM10000,CC-BY-NC-4.0,
fitzpatrick17k_hf/images/img_1743.jpg,keratose_benigne,HAM_HAM_0005847,HAM10000,CC-BY-NC-4.0,
fitzpatrick17k_hf/images/img_1744.jpg,keratose_benigne,HAM_HAM_0000112,HAM10000,CC-BY-NC-4.0,
fitzpatrick17k_hf/images/img_1745.jpg,keratose_benigne,HAM_HAM_0005299,HAM10000,CC-BY-NC-4.0,
fitzpatrick17k_hf/images/img_1746.jpg,keratose_benigne,HAM_HAM_0004788,HAM10000,CC-BY-NC-4.0,
fitzpatrick17k_hf/images/img_1747.jpg,keratose_benigne,HAM_HAM_0006663,HAM10000,CC-BY-NC-4.0,
fitzpatrick17k_hf/images/img_1748.jpg,keratose_benigne,HAM_HAM_0006018,HAM10000,CC-BY-NC-4.0,
fitzpatrick17k_hf/images/img_1749.jpg,keratose_benigne,HAM_HAM_0007341,HAM10000,CC-BY-NC-4.0,
fitzpatrick17k_hf/images/img_1750.jpg,keratose_benigne,HAM_HAM_0000983,HAM10000,CC-BY-NC-4.0,
fitzpatrick17k_hf/images/img_1751.jpg,keratose_benigne,HAM_HAM_0007427,HAM10000,CC-BY-NC-4.0,
fitzpatrick17k_hf/images/img_1752.jpg,keratose_benigne,HAM_HAM_0005386,HAM10000,CC-BY-NC-4.0,
fitzpatrick17k_hf/images/img_1753.jpg,keratose_benigne,HAM_HAM_0006281,HAM10000,CC-BY-NC-4.0,
fitzpatrick17k_hf/images/img_1754.jpg,keratose_benigne,HAM_HAM_0000208,HAM10000,CC-BY-NC-4.0,
fitzpatrick17k_hf/images/img_1755.jpg,keratose_benigne,HAM_HAM_0003770,HAM10000,CC-BY-NC-4.0,
fitzpatrick17k_hf/images/img_1756.jpg,keratose_benigne,HAM_HAM_0000080,HAM10000,CC-BY-NC-4.0,
fitzpatrick17k_hf/images/img_1757.jpg,keratose_benigne,HAM_HAM_0003162,HAM10000,CC-BY-NC-4.0,
fitzpatrick17k_hf/images/img_1758.jpg,keratose_benigne,HAM_HAM_0006026,HAM10000,CC-BY-NC-4.0,
fitzpatrick17k_hf/images/img_1759.jpg,keratose_benigne,HAM_HAM_0001728,HAM10000,CC-BY-NC-4.0,
fitzpatrick17k_hf/images/img_1760.jpg,keratose_benigne,HAM_HAM_0005898,HAM10000,CC-BY-NC-4.0,
fitzpatrick17k_hf/images/img_1761.jpg,keratose_benigne,HAM_HAM_0004442,HAM10000,CC-BY-NC-4.0,
fitzpatrick17k_hf/images/img_1762.jpg,keratose_benigne,HAM_HAM_0001855,HAM10000,CC-BY-NC-4.0,
fitzpatrick17k_hf/images/img_1763.jpg,keratose_benigne,HAM_HAM_0004442,HAM10000,CC-BY-NC-4.0,
fitzpatrick17k_hf/images/img_1764.jpg,keratose_benigne,HAM_HAM_0000112,HAM10000,CC-BY-NC-4.0,
fitzpatrick17k_hf/images/img_1765.jpg,keratose_benigne,HAM_HAM_0004091,HAM10000,CC-BY-NC-4.0,
fitzpatrick17k_hf/images/img_1766.jpg,keratose_benigne,HAM_HAM_0003743,HAM10000,CC-BY-NC-4.0,
fitzpatrick17k_hf/images/img_1767.jpg,keratose_benigne,HAM_HAM_0003845,HAM10000,CC-BY-NC-4.0,
fitzpatrick17k_hf/images/img_1768.jpg,keratose_benigne,HAM_HAM_0002327,HAM10000,CC-BY-NC-4.0,
fitzpatrick17k_hf/images/img_1769.jpg,keratose_benigne,HAM_HAM_0006938,HAM10000,CC-BY-NC-4.0,
fitzpatrick17k_hf/images/img_1770.jpg,keratose_benigne,HAM_HAM_0003807,HAM10000,CC-BY-NC-4.0,
fitzpatrick17k_hf/images/img_1771.jpg,keratose_benigne,HAM_HAM_0001309,HAM10000,CC-BY-NC-4.0,
fitzpatrick17k_hf/images/img_1772.jpg,keratose_benigne,HAM_HAM_0000948,HAM10000,CC-BY-NC-4.0,
fitzpatrick17k_hf/images/img_1773.jpg,keratose_benigne,HAM_HAM_0001837,HAM10000,CC-BY-NC-4.0,
fitzpatrick17k_hf/images/img_1774.jpg,keratose_benigne,HAM_HAM_0006018,HAM10000,CC-BY-NC-4.0,
fitzpatrick17k_hf/images/img_1775.jpg,keratose_benigne,HAM_HAM_0003743,HAM10000,CC-BY-NC-4.0,
fitzpatrick17k_hf/images/img_1776.jpg,keratose_benigne,HAM_HAM_0003050,HAM10000,CC-BY-NC-4.0,
fitzpatrick17k_hf/images/img_1777.jpg,keratose_benigne,HAM_HAM_0007427,HAM10000,CC-BY-NC-4.0,
fitzpatrick17k_hf/images/img_1778.jpg,keratose_benigne,HAM_HAM_0003659,HAM10000,CC-BY-NC-4.0,
fitzpatrick17k_hf/images/img_1779.jpg,keratose_benigne,HAM_HAM_0005258,HAM10000,CC-BY-NC-4.0,
fitzpatrick17k_hf/images/img_1780.jpg,keratose_benigne,HAM_HAM_0000372,HAM10000,CC-BY-NC-4.0,
fitzpatrick17k_hf/images/img_1781.jpg,keratose_benigne,HAM_HAM_0006654,HAM10000,CC-BY-NC-4.0,
fitzpatrick17k_hf/images/img_1782.jpg,keratose_benigne,HAM_HAM_0004258,HAM10000,CC-BY-NC-4.0,
fitzpatrick17k_hf/images/img_1783.jpg,keratose_benigne,HAM_HAM_0004245,HAM10000,CC-BY-NC-4.0,
fitzpatrick17k_hf/images/img_1784.jpg,keratose_benigne,HAM_HAM_0000087,HAM10000,CC-BY-NC-4.0,
fitzpatrick17k_hf/images/img_1785.jpg,keratose_benigne,HAM_HAM_0006938,HAM10000,CC-BY-NC-4.0,
fitzpatrick17k_hf/images/img_1786.jpg,keratose_benigne,HAM_HAM_0006438,HAM10000,CC-BY-NC-4.0,
fitzpatrick17k_hf/images/img_1787.jpg,keratose_benigne,HAM_HAM_0004142,HAM10000,CC-BY-NC-4.0,
fitzpatrick17k_hf/images/img_1788.jpg,keratose_benigne,HAM_HAM_0007625,HAM10000,CC-BY-NC-4.0,
fitzpatrick17k_hf/images/img_1789.jpg,keratose_benigne,HAM_HAM_0003050,HAM10000,CC-BY-NC-4.0,
fitzpatrick17k_hf/images/img_1790.jpg,keratose_benigne,HAM_HAM_0002660,HAM10000,CC-BY-NC-4.0,
fitzpatrick17k_hf/images/img_1791.jpg,keratose_benigne,HAM_HAM_0007341,HAM10000,CC-BY-NC-4.0,
fitzpatrick17k_hf/images/img_1792.jpg,keratose_benigne,HAM_HAM_0005386,HAM10000,CC-BY-NC-4.0,
fitzpatrick17k_hf/images/img_1793.jpg,keratose_benigne,HAM_HAM_0001385,HAM10000,CC-BY-NC-4.0,
fitzpatrick17k_hf/images/img_1794.jpg,keratose_benigne,HAM_HAM_0002894,HAM10000,CC-BY-NC-4.0,
fitzpatrick17k_hf/images/img_1795.jpg,keratose_benigne,HAM_HAM_0004975,HAM10000,CC-BY-NC-4.0,
fitzpatrick17k_hf/images/img_1796.jpg,keratose_benigne,HAM_HAM_0004258,HAM10000,CC-BY-NC-4.0,
fitzpatrick17k_hf/images/img_1797.jpg,keratose_benigne,HAM_HAM_0000332,HAM10000,CC-BY-NC-4.0,
fitzpatrick17k_hf/images/img_1798.jpg,keratose_benigne,HAM_HAM_0004332,HAM10000,CC-BY-NC-4.0,
fitzpatrick17k_hf/images/img_1799.jpg,keratose_benigne,HAM_HAM_0006281,HAM10000,CC-BY-NC-4.0,
fitzpatrick17k_hf/images/img_1800.jpg,keratose_benigne,HAM_HAM_0001954,HAM10000,CC-BY-NC-4.0,
fitzpatrick17k_hf/images/img_1801.jpg,keratose_benigne,HAM_HAM_0006074,HAM10000,CC-BY-NC-4.0,
fitzpatrick17k_hf/images/img_1802.jpg,keratose_benigne,HAM_HAM_0004458,HAM10000,CC-BY-NC-4.0,
fitzpatrick17k_hf/images/img_1803.jpg,keratose_benigne,HAM_HAM_0004246,HAM10000,CC-BY-NC-4.0,
fitzpatrick17k_hf/images/img_1804.jpg,keratose_benigne,HAM_HAM_0006157,HAM10000,CC-BY-NC-4.0,
fitzpatrick17k_hf/images/img_1805.jpg,keratose_benigne,HAM_HAM_0000080,HAM10000,CC-BY-NC-4.0,
fitzpatrick17k_hf/images/img_1806.jpg,keratose_benigne,HAM_HAM_0001837,HAM10000,CC-BY-NC-4.0,
fitzpatrick17k_hf/images/img_1807.jpg,keratose_benigne,HAM_HAM_0002040,HAM10000,CC-BY-NC-4.0,
fitzpatrick17k_hf/images/img_1808.jpg,keratose_benigne,HAM_HAM_0003978,HAM10000,CC-BY-NC-4.0,
fitzpatrick17k_hf/images/img_1809.jpg,keratose_benigne,HAM_HAM_0006654,HAM10000,CC-BY-NC-4.0,
fitzpatrick17k_hf/images/img_1810.jpg,keratose_benigne,HAM_HAM_0001855,HAM10000,CC-BY-NC-4.0,
fitzpatrick17k_hf/images/img_1811.jpg,keratose_benigne,HAM_HAM_0006026,HAM10000,CC-BY-NC-4.0,
fitzpatrick17k_hf/images/img_1812.jpg,keratose_benigne,HAM_HAM_0007427,HAM10000,CC-BY-NC-4.0,
fitzpatrick17k_hf/images/img_1813.jpg,keratose_benigne,HAM_HAM_0003728,HAM10000,CC-BY-NC-4.0,
fitzpatrick17k_hf/images/img_1814.jpg,keratose_benigne,HAM_HAM_0000516,HAM10000,CC-BY-NC-4.0,
fitzpatrick17k_hf/images/img_1815.jpg,keratose_benigne,HAM_HAM_0005386,HAM10000,CC-BY-NC-4.0,
fitzpatrick17k_hf/images/img_1816.jpg,keratose_benigne,HAM_HAM_0006148,HAM10000,CC-BY-NC-4.0,
fitzpatrick17k_hf/images/img_1817.jpg,keratose_benigne,HAM_HAM_0007402,HAM10000,CC-BY-NC-4.0,
fitzpatrick17k_hf/images/img_1818.jpg,keratose_benigne,HAM_HAM_0005131,HAM10000,CC-BY-NC-4.0,
fitzpatrick17k_hf/images/img_1819.jpg,keratose_benigne,HAM_HAM_0006938,HAM10000,CC-BY-NC-4.0,
fitzpatrick17k_hf/images/img_1820.jpg,keratose_benigne,HAM_HAM_0002008,HAM10000,CC-BY-NC-4.0,
fitzpatrick17k_hf/images/img_1821.jpg,keratose_benigne,HAM_HAM_0002372,HAM10000,CC-BY-NC-4.0,
fitzpatrick17k_hf/images/img_1822.jpg,keratose_benigne,HAM_HAM_0001309,HAM10000,CC-BY-NC-4.0,
fitzpatrick17k_hf/images/img_1823.jpg,keratose_benigne,HAM_HAM_0003808,HAM10000,CC-BY-NC-4.0,
fitzpatrick17k_hf/images/img_1824.jpg,keratose_benigne,HAM_HAM_0005442,HAM10000,CC-BY-NC-4.0,
fitzpatrick17k_hf/images/img_1825.jpg,keratose_benigne,HAM_HAM_0002327,HAM10000,CC-BY-NC-4.0,
fitzpatrick17k_hf/images/img_1826.jpg,keratose_benigne,HAM_HAM_0001384,HAM10000,CC-BY-NC-4.0,
fitzpatrick17k_hf/images/img_1827.jpg,keratose_benigne,HAM_HAM_0004406,HAM10000,CC-BY-NC-4.0,
fitzpatrick17k_hf/images/img_1828.jpg,keratose_benigne,HAM_HAM_0004458,HAM10000,CC-BY-NC-4.0,
fitzpatrick17k_hf/images/img_1829.jpg,keratose_benigne,HAM_HAM_0000309,HAM10000,CC-BY-NC-4.0,
fitzpatrick17k_hf/images/img_1830.jpg,keratose_benigne,HAM_HAM_0006238,HAM10000,CC-BY-NC-4.0,
fitzpatrick17k_hf/images/img_1831.jpg,keratose_benigne,HAM_HAM_0004113,HAM10000,CC-BY-NC-4.0,
fitzpatrick17k_hf/images/img_1832.jpg,keratose_benigne,HAM_HAM_0003728,HAM10000,CC-BY-NC-4.0,
fitzpatrick17k_hf/images/img_1833.jpg,keratose_benigne,HAM_HAM_0004975,HAM10000,CC-BY-NC-4.0,
fitzpatrick17k_hf/images/img_1834.jpg,keratose_benigne,HAM_HAM_0003770,HAM10000,CC-BY-NC-4.0,
fitzpatrick17k_hf/images/img_1835.jpg,keratose_benigne,HAM_HAM_0000825,HAM10000,CC-BY-NC-4.0,
fitzpatrick17k_hf/images/img_1836.jpg,keratose_benigne,HAM_HAM_0000805,HAM10000,CC-BY-NC-4.0,
fitzpatrick17k_hf/images/img_1837.jpg,keratose_benigne,HAM_HAM_0005442,HAM10000,CC-BY-NC-4.0,
fitzpatrick17k_hf/images/img_1838.jpg,keratose_benigne,HAM_HAM_0000527,HAM10000,CC-BY-NC-4.0,
fitzpatrick17k_hf/images/img_1839.jpg,keratose_benigne,HAM_HAM_0007427,HAM10000,CC-BY-NC-4.0,
fitzpatrick17k_hf/images/img_1840.jpg,keratose_benigne,HAM_HAM_0005131,HAM10000,CC-BY-NC-4.0,
fitzpatrick17k_hf/images/img_1841.jpg,keratose_benigne,HAM_HAM_0006074,HAM10000,CC-BY-NC-4.0,
fitzpatrick17k_hf/images/img_1842.jpg,keratose_benigne,HAM_HAM_0004555,HAM10000,CC-BY-NC-4.0,
fitzpatrick17k_hf/images/img_1843.jpg,keratose_benigne,HAM_HAM_0007427,HAM10000,CC-BY-NC-4.0,
fitzpatrick17k_hf/images/img_1844.jpg,keratose_benigne,HAM_HAM_0007281,HAM10000,CC-BY-NC-4.0,
fitzpatrick17k_hf/images/img_1845.jpg,keratose_benigne,HAM_HAM_0006528,HAM10000,CC-BY-NC-4.0,
fitzpatrick17k_hf/images/img_1846.jpg,keratose_benigne,HAM_HAM_0006528,HAM10000,CC-BY-NC-4.0,
fitzpatrick17k_hf/images/img_1847.jpg,keratose_benigne,HAM_HAM_0002372,HAM10000,CC-BY-NC-4.0,
fitzpatrick17k_hf/images/img_1848.jpg,keratose_benigne,HAM_HAM_0000754,HAM10000,CC-BY-NC-4.0,
fitzpatrick17k_hf/images/img_1849.jpg,keratose_benigne,HAM_HAM_0000344,HAM10000,CC-BY-NC-4.0,
fitzpatrick17k_hf/images/img_1850.jpg,dermatofibrome,HAM_HAM_0002450,HAM10000,CC-BY-NC-4.0,
fitzpatrick17k_hf/images/img_1851.jpg,dermatofibrome,HAM_HAM_0006188,HAM10000,CC-BY-NC-4.0,
fitzpatrick17k_hf/images/img_1852.jpg,dermatofibrome,HAM_HAM_0005112,HAM10000,CC-BY-NC-4.0,
fitzpatrick17k_hf/images/img_1853.jpg,dermatofibrome,HAM_HAM_0002450,HAM10000,CC-BY-NC-4.0,
fitzpatrick17k_hf/images/img_1854.jpg,dermatofibrome,HAM_HAM_0005330,HAM10000,CC-BY-NC-4.0,
fitzpatrick17k_hf/images/img_1855.jpg,dermatofibrome,HAM_HAM_0007227,HAM10000,CC-BY-NC-4.0,
fitzpatrick17k_hf/images/img_1856.jpg,dermatofibrome,HAM_HAM_0002960,HAM10000,CC-BY-NC-4.0,
fitzpatrick17k_hf/images/img_1857.jpg,dermatofibrome,HAM_HAM_0001177,HAM10000,CC-BY-NC-4.0,
fitzpatrick17k_hf/images/img_1858.jpg,dermatofibrome,HAM_HAM_0000827,HAM10000,CC-BY-NC-4.0,
fitzpatrick17k_hf/images/img_1859.jpg,dermatofibrome,HAM_HAM_0007421,HAM10000,CC-BY-NC-4.0,
fitzpatrick17k_hf/images/img_1860.jpg,dermatofibrome,HAM_HAM_0000757,HAM10000,CC-BY-NC-4.0,
fitzpatrick17k_hf/images/img_1861.jpg,dermatofibrome,HAM_HAM_0007569,HAM10000,CC-BY-NC-4.0,
fitzpatrick17k_hf/images/img_1862.jpg,dermatofibrome,HAM_HAM_0005983,HAM10000,CC-BY-NC-4.0,
fitzpatrick17k_hf/images/img_1863.jpg,dermatofibrome,HAM_HAM_0005362,HAM10000,CC-BY-NC-4.0,
fitzpatrick17k_hf/images/img_1864.jpg,dermatofibrome,HAM_HAM_0007051,HAM10000,CC-BY-NC-4.0,
fitzpatrick17k_hf/images/img_1865.jpg,dermatofibrome,HAM_HAM_0001841,HAM10000,CC-BY-NC-4.0,
fitzpatrick17k_hf/images/img_1866.jpg,dermatofibrome,HAM_HAM_0002129,HAM10000,CC-BY-NC-4.0,
fitzpatrick17k_hf/images/img_1867.jpg,dermatofibrome,HAM_HAM_0004648,HAM10000,CC-BY-NC-4.0,
fitzpatrick17k_hf/images/img_1868.jpg,dermatofibrome,HAM_HAM_0005529,HAM10000,CC-BY-NC-4.0,
fitzpatrick17k_hf/images/img_1869.jpg,dermatofibrome,HAM_HAM_0006816,HAM10000,CC-BY-NC-4.0,
fitzpatrick17k_hf/images/img_1870.jpg,dermatofibrome,HAM_HAM_0007418,HAM10000,CC-BY-NC-4.0,
fitzpatrick17k_hf/images/img_1871.jpg,dermatofibrome,HAM_HAM_0005663,HAM10000,CC-BY-NC-4.0,
fitzpatrick17k_hf/images/img_1872.jpg,dermatofibrome,HAM_HAM_0006787,HAM10000,CC-BY-NC-4.0,
fitzpatrick17k_hf/images/img_1873.jpg,dermatofibrome,HAM_HAM_0003110,HAM10000,CC-BY-NC-4.0,
fitzpatrick17k_hf/images/img_1874.jpg,dermatofibrome,HAM_HAM_0004065,HAM10000,CC-BY-NC-4.0,
fitzpatrick17k_hf/images/img_1875.jpg,dermatofibrome,HAM_HAM_0003110,HAM10000,CC-BY-NC-4.0,
fitzpatrick17k_hf/images/img_1876.jpg,dermatofibrome,HAM_HAM_0005276,HAM10000,CC-BY-NC-4.0,
fitzpatrick17k_hf/images/img_1877.jpg,dermatofibrome,HAM_HAM_0002871,HAM10000,CC-BY-NC-4.0,
fitzpatrick17k_hf/images/img_1878.jpg,dermatofibrome,HAM_HAM_0004036,HAM10000,CC-BY-NC-4.0,
fitzpatrick17k_hf/images/img_1879.jpg,dermatofibrome,HAM_HAM_0001164,HAM10000,CC-BY-NC-4.0,
fitzpatrick17k_hf/images/img_1880.jpg,dermatofibrome,HAM_HAM_0000024,HAM10000,CC-BY-NC-4.0,
fitzpatrick17k_hf/images/img_1881.jpg,dermatofibrome,HAM_HAM_0006188,HAM10000,CC-BY-NC-4.0,
fitzpatrick17k_hf/images/img_1882.jpg,dermatofibrome,HAM_HAM_0007129,HAM10000,CC-BY-NC-4.0,
fitzpatrick17k_hf/images/img_1883.jpg,dermatofibrome,HAM_HAM_0003597,HAM10000,CC-BY-NC-4.0,
fitzpatrick17k_hf/images/img_1884.jpg,dermatofibrome,HAM_HAM_0002848,HAM10000,CC-BY-NC-4.0,
fitzpatrick17k_hf/images/img_1885.jpg,dermatofibrome,HAM_HAM_0005684,HAM10000,CC-BY-NC-4.0,
fitzpatrick17k_hf/images/img_1886.jpg,dermatofibrome,HAM_HAM_0004371,HAM10000,CC-BY-NC-4.0,
fitzpatrick17k_hf/images/img_1887.jpg,dermatofibrome,HAM_HAM_0004036,HAM10000,CC-BY-NC-4.0,
fitzpatrick17k_hf/images/img_1888.jpg,dermatofibrome,HAM_HAM_0004036,HAM10000,CC-BY-NC-4.0,
fitzpatrick17k_hf/images/img_1889.jpg,dermatofibrome,HAM_HAM_0000902,HAM10000,CC-BY-NC-4.0,
fitzpatrick17k_hf/images/img_1890.jpg,dermatofibrome,HAM_HAM_0004960,HAM10000,CC-BY-NC-4.0,
fitzpatrick17k_hf/images/img_1891.jpg,dermatofibrome,HAM_HAM_0005861,HAM10000,CC-BY-NC-4.0,
fitzpatrick17k_hf/images/img_1892.jpg,dermatofibrome,HAM_HAM_0004496,HAM10000,CC-BY-NC-4.0,
fitzpatrick17k_hf/images/img_1893.jpg,dermatofibrome,HAM_HAM_0005663,HAM10000,CC-BY-NC-4.0,
fitzpatrick17k_hf/images/img_1894.jpg,dermatofibrome,HAM_HAM_0005276,HAM10000,CC-BY-NC-4.0,
fitzpatrick17k_hf/images/img_1895.jpg,dermatofibrome,HAM_HAM_0004103,HAM10000,CC-BY-NC-4.0,
fitzpatrick17k_hf/images/img_1896.jpg,dermatofibrome,HAM_HAM_0000720,HAM10000,CC-BY-NC-4.0,
fitzpatrick17k_hf/images/img_1897.jpg,dermatofibrome,HAM_HAM_0004317,HAM10000,CC-BY-NC-4.0,
fitzpatrick17k_hf/images/img_1898.jpg,dermatofibrome,HAM_HAM_0002463,HAM10000,CC-BY-NC-4.0,
fitzpatrick17k_hf/images/img_1899.jpg,dermatofibrome,HAM_HAM_0000049,HAM10000,CC-BY-NC-4.0,
fitzpatrick17k_hf/images/img_1900.jpg,dermatofibrome,HAM_HAM_0005918,HAM10000,CC-BY-NC-4.0,
fitzpatrick17k_hf/images/img_1901.jpg,dermatofibrome,HAM_HAM_0004756,HAM10000,CC-BY-NC-4.0,
fitzpatrick17k_hf/images/img_1902.jpg,dermatofibrome,HAM_HAM_0002153,HAM10000,CC-BY-NC-4.0,
fitzpatrick17k_hf/images/img_1903.jpg,dermatofibrome,HAM_HAM_0002895,HAM10000,CC-BY-NC-4.0,
fitzpatrick17k_hf/images/img_1904.jpg,dermatofibrome,HAM_HAM_0004330,HAM10000,CC-BY-NC-4.0,
fitzpatrick17k_hf/images/img_1905.jpg,dermatofibrome,HAM_HAM_0002706,HAM10000,CC-BY-NC-4.0,
fitzpatrick17k_hf/images/img_1906.jpg,dermatofibrome,HAM_HAM_0005362,HAM10000,CC-BY-NC-4.0,
fitzpatrick17k_hf/images/img_1907.jpg,dermatofibrome,HAM_HAM_0007227,HAM10000,CC-BY-NC-4.0,
fitzpatrick17k_hf/images/img_1908.jpg,dermatofibrome,HAM_HAM_0007410,HAM10000,CC-BY-NC-4.0,
fitzpatrick17k_hf/images/img_1909.jpg,dermatofibrome,HAM_HAM_0004960,HAM10000,CC-BY-NC-4.0,
fitzpatrick17k_hf/images/img_1910.jpg,dermatofibrome,HAM_HAM_0002045,HAM10000,CC-BY-NC-4.0,
fitzpatrick17k_hf/images/img_1911.jpg,dermatofibrome,HAM_HAM_0004371,HAM10000,CC-BY-NC-4.0,
fitzpatrick17k_hf/images/img_1912.jpg,dermatofibrome,HAM_HAM_0006542,HAM10000,CC-BY-NC-4.0,
fitzpatrick17k_hf/images/img_1913.jpg,dermatofibrome,HAM_HAM_0001164,HAM10000,CC-BY-NC-4.0,
fitzpatrick17k_hf/images/img_1914.jpg,dermatofibrome,HAM_HAM_0007526,HAM10000,CC-BY-NC-4.0,
fitzpatrick17k_hf/images/img_1915.jpg,dermatofibrome,HAM_HAM_0003555,HAM10000,CC-BY-NC-4.0,
fitzpatrick17k_hf/images/img_1916.jpg,dermatofibrome,HAM_HAM_0004371,HAM10000,CC-BY-NC-4.0,
fitzpatrick17k_hf/images/img_1917.jpg,dermatofibrome,HAM_HAM_0004756,HAM10000,CC-BY-NC-4.0,
fitzpatrick17k_hf/images/img_1918.jpg,dermatofibrome,HAM_HAM_0004330,HAM10000,CC-BY-NC-4.0,
fitzpatrick17k_hf/images/img_1919.jpg,dermatofibrome,HAM_HAM_0002546,HAM10000,CC-BY-NC-4.0,
fitzpatrick17k_hf/images/img_1920.jpg,dermatofibrome,HAM_HAM_0005359,HAM10000,CC-BY-NC-4.0,
fitzpatrick17k_hf/images/img_1921.jpg,dermatofibrome,HAM_HAM_0006794,HAM10000,CC-BY-NC-4.0,
fitzpatrick17k_hf/images/img_1922.jpg,dermatofibrome,HAM_HAM_0006707,HAM10000,CC-BY-NC-4.0,
fitzpatrick17k_hf/images/img_1923.jpg,dermatofibrome,HAM_HAM_0007051,HAM10000,CC-BY-NC-4.0,
fitzpatrick17k_hf/images/img_1924.jpg,dermatofibrome,HAM_HAM_0003487,HAM10000,CC-BY-NC-4.0,
fitzpatrick17k_hf/images/img_1925.jpg,dermatofibrome,HAM_HAM_0004090,HAM10000,CC-BY-NC-4.0,
fitzpatrick17k_hf/images/img_1926.jpg,dermatofibrome,HAM_HAM_0004103,HAM10000,CC-BY-NC-4.0,
fitzpatrick17k_hf/images/img_1927.jpg,dermatofibrome,HAM_HAM_0005861,HAM10000,CC-BY-NC-4.0,
fitzpatrick17k_hf/images/img_1928.jpg,dermatofibrome,HAM_HAM_0003290,HAM10000,CC-BY-NC-4.0,
fitzpatrick17k_hf/images/img_1929.jpg,dermatofibrome,HAM_HAM_0007418,HAM10000,CC-BY-NC-4.0,
fitzpatrick17k_hf/images/img_1930.jpg,dermatofibrome,HAM_HAM_0007225,HAM10000,CC-BY-NC-4.0,
fitzpatrick17k_hf/images/img_1931.jpg,dermatofibrome,HAM_HAM_0000827,HAM10000,CC-BY-NC-4.0,
fitzpatrick17k_hf/images/img_1932.jpg,dermatofibrome,HAM_HAM_0007410,HAM10000,CC-BY-NC-4.0,
fitzpatrick17k_hf/images/img_1933.jpg,dermatofibrome,HAM_HAM_0003290,HAM10000,CC-BY-NC-4.0,
fitzpatrick17k_hf/images/img_1934.jpg,dermatofibrome,HAM_HAM_0003348,HAM10000,CC-BY-NC-4.0,
fitzpatrick17k_hf/images/img_1935.jpg,dermatofibrome,HAM_HAM_0007526,HAM10000,CC-BY-NC-4.0,
fitzpatrick17k_hf/images/img_1936.jpg,dermatofibrome,HAM_HAM_0003110,HAM10000,CC-BY-NC-4.0,
fitzpatrick17k_hf/images/img_1937.jpg,dermatofibrome,HAM_HAM_0005492,HAM10000,CC-BY-NC-4.0,
fitzpatrick17k_hf/images/img_1938.jpg,dermatofibrome,HAM_HAM_0007225,HAM10000,CC-BY-NC-4.0,
fitzpatrick17k_hf/images/img_1939.jpg,dermatofibrome,HAM_HAM_0005518,HAM10000,CC-BY-NC-4.0,
fitzpatrick17k_hf/images/img_1940.jpg,dermatofibrome,HAM_HAM_0005684,HAM10000,CC-BY-NC-4.0,
fitzpatrick17k_hf/images/img_1941.jpg,dermatofibrome,HAM_HAM_0005584,HAM10000,CC-BY-NC-4.0,
fitzpatrick17k_hf/images/img_1942.jpg,dermatofibrome,HAM_HAM_0002909,HAM10000,CC-BY-NC-4.0,
fitzpatrick17k_hf/images/img_1943.jpg,dermatofibrome,HAM_HAM_0001785,HAM10000,CC-BY-NC-4.0,
fitzpatrick17k_hf/images/img_1944.jpg,dermatofibrome,HAM_HAM_0000349,HAM10000,CC-BY-NC-4.0,
fitzpatrick17k_hf/images/img_1945.jpg,dermatofibrome,HAM_HAM_0005584,HAM10000,CC-BY-NC-4.0,
fitzpatrick17k_hf/images/img_1946.jpg,dermatofibrome,HAM_HAM_0003597,HAM10000,CC-BY-NC-4.0,
fitzpatrick17k_hf/images/img_1947.jpg,dermatofibrome,HAM_HAM_0007396,HAM10000,CC-BY-NC-4.0,
fitzpatrick17k_hf/images/img_1948.jpg,dermatofibrome,HAM_HAM_0006371,HAM10000,CC-BY-NC-4.0,
fitzpatrick17k_hf/images/img_1949.jpg,dermatofibrome,HAM_HAM_0002909,HAM10000,CC-BY-NC-4.0,
fitzpatrick17k_hf/images/img_1950.jpg,dermatofibrome,HAM_HAM_0000349,HAM10000,CC-BY-NC-4.0,
fitzpatrick17k_hf/images/img_1951.jpg,dermatofibrome,HAM_HAM_0006371,HAM10000,CC-BY-NC-4.0,
fitzpatrick17k_hf/images/img_1952.jpg,dermatofibrome,HAM_HAM_0002909,HAM10000,CC-BY-NC-4.0,
fitzpatrick17k_hf/images/img_1953.jpg,dermatofibrome,HAM_HAM_0003081,HAM10000,CC-BY-NC-4.0,
fitzpatrick17k_hf/images/img_1954.jpg,dermatofibrome,HAM_HAM_0007396,HAM10000,CC-BY-NC-4.0,
fitzpatrick17k_hf/images/img_1955.jpg,dermatofibrome,HAM_HAM_0003081,HAM10000,CC-BY-NC-4.0,
fitzpatrick17k_hf/images/img_1956.jpg,dermatofibrome,HAM_HAM_0003081,HAM10000,CC-BY-NC-4.0,
fitzpatrick17k_hf/images/img_1957.jpg,dermatofibrome,HAM_HAM_0007396,HAM10000,CC-BY-NC-4.0,
fitzpatrick17k_hf/images/img_1958.jpg,dermatofibrome,HAM_HAM_0006371,HAM10000,CC-BY-NC-4.0,
fitzpatrick17k_hf/images/img_1959.jpg,dermatofibrome,HAM_HAM_0001785,HAM10000,CC-BY-NC-4.0,
fitzpatrick17k_hf/images/img_1960.jpg,naevus,HAM_HAM_0000550,HAM10000,CC-BY-NC-4.0,
fitzpatrick17k_hf/images/img_1961.jpg,naevus,HAM_HAM_0003577,HAM10000,CC-BY-NC-4.0,
fitzpatrick17k_hf/images/img_1962.jpg,naevus,HAM_HAM_0001477,HAM10000,CC-BY-NC-4.0,
fitzpatrick17k_hf/images/img_1963.jpg,naevus,HAM_HAM_0000484,HAM10000,CC-BY-NC-4.0,
fitzpatrick17k_hf/images/img_1964.jpg,naevus,HAM_HAM_0000981,HAM10000,CC-BY-NC-4.0,
fitzpatrick17k_hf/images/img_1965.jpg,naevus,HAM_HAM_0002198,HAM10000,CC-BY-NC-4.0,
fitzpatrick17k_hf/images/img_1966.jpg,naevus,HAM_HAM_0002718,HAM10000,CC-BY-NC-4.0,
fitzpatrick17k_hf/images/img_1967.jpg,naevus,HAM_HAM_0003951,HAM10000,CC-BY-NC-4.0,
fitzpatrick17k_hf/images/img_1968.jpg,naevus,HAM_HAM_0003062,HAM10000,CC-BY-NC-4.0,
fitzpatrick17k_hf/images/img_1969.jpg,naevus,HAM_HAM_0005039,HAM10000,CC-BY-NC-4.0,
fitzpatrick17k_hf/images/img_1970.jpg,naevus,HAM_HAM_0003511,HAM10000,CC-BY-NC-4.0,
fitzpatrick17k_hf/images/img_1971.jpg,naevus,HAM_HAM_0001538,HAM10000,CC-BY-NC-4.0,
fitzpatrick17k_hf/images/img_1972.jpg,naevus,HAM_HAM_0002044,HAM10000,CC-BY-NC-4.0,
fitzpatrick17k_hf/images/img_1973.jpg,naevus,HAM_HAM_0001812,HAM10000,CC-BY-NC-4.0,
fitzpatrick17k_hf/images/img_1974.jpg,naevus,HAM_HAM_0005939,HAM10000,CC-BY-NC-4.0,
fitzpatrick17k_hf/images/img_1975.jpg,naevus,HAM_HAM_0002701,HAM10000,CC-BY-NC-4.0,
fitzpatrick17k_hf/images/img_1976.jpg,naevus,HAM_HAM_0001472,HAM10000,CC-BY-NC-4.0,
fitzpatrick17k_hf/images/img_1977.jpg,naevus,HAM_HAM_0004431,HAM10000,CC-BY-NC-4.0,
fitzpatrick17k_hf/images/img_1978.jpg,naevus,HAM_HAM_0005781,HAM10000,CC-BY-NC-4.0,
fitzpatrick17k_hf/images/img_1979.jpg,naevus,HAM_HAM_0001160,HAM10000,CC-BY-NC-4.0,
fitzpatrick17k_hf/images/img_1980.jpg,naevus,HAM_HAM_0002951,HAM10000,CC-BY-NC-4.0,
fitzpatrick17k_hf/images/img_1981.jpg,naevus,HAM_HAM_0001981,HAM10000,CC-BY-NC-4.0,
fitzpatrick17k_hf/images/img_1982.jpg,naevus,HAM_HAM_0000150,HAM10000,CC-BY-NC-4.0,
fitzpatrick17k_hf/images/img_1983.jpg,naevus,HAM_HAM_0000380,HAM10000,CC-BY-NC-4.0,
fitzpatrick17k_hf/images/img_1984.jpg,naevus,HAM_HAM_0003411,HAM10000,CC-BY-NC-4.0,
fitzpatrick17k_hf/images/img_1985.jpg,naevus,HAM_HAM_0003121,HAM10000,CC-BY-NC-4.0,
fitzpatrick17k_hf/images/img_1986.jpg,naevus,HAM_HAM_0002426,HAM10000,CC-BY-NC-4.0,
fitzpatrick17k_hf/images/img_1987.jpg,naevus,HAM_HAM_0000025,HAM10000,CC-BY-NC-4.0,
fitzpatrick17k_hf/images/img_1988.jpg,naevus,HAM_HAM_0006264,HAM10000,CC-BY-NC-4.0,
fitzpatrick17k_hf/images/img_1989.jpg,naevus,HAM_HAM_0004897,HAM10000,CC-BY-NC-4.0,
fitzpatrick17k_hf/images/img_1990.jpg,naevus,HAM_HAM_0002847,HAM10000,CC-BY-NC-4.0,
fitzpatrick17k_hf/images/img_1991.jpg,naevus,HAM_HAM_0004117,HAM10000,CC-BY-NC-4.0,
fitzpatrick17k_hf/images/img_1992.jpg,naevus,HAM_HAM_0001525,HAM10000,CC-BY-NC-4.0,
fitzpatrick17k_hf/images/img_1993.jpg,naevus,HAM_HAM_0000689,HAM10000,CC-BY-NC-4.0,
fitzpatrick17k_hf/images/img_1994.jpg,naevus,HAM_HAM_0001112,HAM10000,CC-BY-NC-4.0,
fitzpatrick17k_hf/images/img_1995.jpg,naevus,HAM_HAM_0005605,HAM10000,CC-BY-NC-4.0,
fitzpatrick17k_hf/images/img_1996.jpg,naevus,HAM_HAM_0001758,HAM10000,CC-BY-NC-4.0,
fitzpatrick17k_hf/images/img_1997.jpg,naevus,HAM_HAM_0004534,HAM10000,CC-BY-NC-4.0,
fitzpatrick17k_hf/images/img_1998.jpg,naevus,HAM_HAM_0004535,HAM10000,CC-BY-NC-4.0,
fitzpatrick17k_hf/images/img_1999.jpg,naevus,HAM_HAM_0001534,HAM10000,CC-BY-NC-4.0,
fitzpatrick17k_hf/images/img_2000.jpg,naevus,HAM_HAM_0002300,HAM10000,CC-BY-NC-4.0,
fitzpatrick17k_hf/images/img_2001.jpg,naevus,HAM_HAM_0003465,HAM10000,CC-BY-NC-4.0,
fitzpatrick17k_hf/images/img_2002.jpg,naevus,HAM_HAM_0004657,HAM10000,CC-BY-NC-4.0,
fitzpatrick17k_hf/images/img_2003.jpg,naevus,HAM_HAM_0003297,HAM10000,CC-BY-NC-4.0,
fitzpatrick17k_hf/images/img_2004.jpg,naevus,HAM_HAM_0005361,HAM10000,CC-BY-NC-4.0,
fitzpatrick17k_hf/images/img_2005.jpg,naevus,HAM_HAM_0000984,HAM10000,CC-BY-NC-4.0,
fitzpatrick17k_hf/images/img_2006.jpg,naevus,HAM_HAM_0002088,HAM10000,CC-BY-NC-4.0,
fitzpatrick17k_hf/images/img_2007.jpg,naevus,HAM_HAM_0001580,HAM10000,CC-BY-NC-4.0,
fitzpatrick17k_hf/images/img_2008.jpg,naevus,HAM_HAM_0003772,HAM10000,CC-BY-NC-4.0,
fitzpatrick17k_hf/images/img_2009.jpg,naevus,HAM_HAM_0002936,HAM10000,CC-BY-NC-4.0,
fitzpatrick17k_hf/images/img_2010.jpg,naevus,HAM_HAM_0001029,HAM10000,CC-BY-NC-4.0,
fitzpatrick17k_hf/images/img_2011.jpg,naevus,HAM_HAM_0006164,HAM10000,CC-BY-NC-4.0,
fitzpatrick17k_hf/images/img_2012.jpg,naevus,HAM_HAM_0004156,HAM10000,CC-BY-NC-4.0,
fitzpatrick17k_hf/images/img_2013.jpg,naevus,HAM_HAM_0002667,HAM10000,CC-BY-NC-4.0,
fitzpatrick17k_hf/images/img_2014.jpg,naevus,HAM_HAM_0001760,HAM10000,CC-BY-NC-4.0,
fitzpatrick17k_hf/images/img_2015.jpg,naevus,HAM_HAM_0003645,HAM10000,CC-BY-NC-4.0,
fitzpatrick17k_hf/images/img_2016.jpg,naevus,HAM_HAM_0002449,HAM10000,CC-BY-NC-4.0,
fitzpatrick17k_hf/images/img_2017.jpg,naevus,HAM_HAM_0006311,HAM10000,CC-BY-NC-4.0,
fitzpatrick17k_hf/images/img_2018.jpg,naevus,HAM_HAM_0001432,HAM10000,CC-BY-NC-4.0,
fitzpatrick17k_hf/images/img_2019.jpg,naevus,HAM_HAM_0002547,HAM10000,CC-BY-NC-4.0,
fitzpatrick17k_hf/images/img_2020.jpg,naevus,HAM_HAM_0000813,HAM10000,CC-BY-NC-4.0,
fitzpatrick17k_hf/images/img_2021.jpg,naevus,HAM_HAM_0001501,HAM10000,CC-BY-NC-4.0,
fitzpatrick17k_hf/images/img_2022.jpg,naevus,HAM_HAM_0001672,HAM10000,CC-BY-NC-4.0,
fitzpatrick17k_hf/images/img_2023.jpg,naevus,HAM_HAM_0004064,HAM10000,CC-BY-NC-4.0,
fitzpatrick17k_hf/images/img_2024.jpg,naevus,HAM_HAM_0002178,HAM10000,CC-BY-NC-4.0,
fitzpatrick17k_hf/images/img_2025.jpg,naevus,HAM_HAM_0005076,HAM10000,CC-BY-NC-4.0,
fitzpatrick17k_hf/images/img_2026.jpg,naevus,HAM_HAM_0001060,HAM10000,CC-BY-NC-4.0,
fitzpatrick17k_hf/images/img_2027.jpg,naevus,HAM_HAM_0007480,HAM10000,CC-BY-NC-4.0,
fitzpatrick17k_hf/images/img_2028.jpg,naevus,HAM_HAM_0002775,HAM10000,CC-BY-NC-4.0,
fitzpatrick17k_hf/images/img_2029.jpg,naevus,HAM_HAM_0001110,HAM10000,CC-BY-NC-4.0,
fitzpatrick17k_hf/images/img_2030.jpg,naevus,HAM_HAM_0005586,HAM10000,CC-BY-NC-4.0,
fitzpatrick17k_hf/images/img_2031.jpg,naevus,HAM_HAM_0002172,HAM10000,CC-BY-NC-4.0,
fitzpatrick17k_hf/images/img_2032.jpg,naevus,HAM_HAM_0003473,HAM10000,CC-BY-NC-4.0,
fitzpatrick17k_hf/images/img_2033.jpg,naevus,HAM_HAM_0001792,HAM10000,CC-BY-NC-4.0,
fitzpatrick17k_hf/images/img_2034.jpg,naevus,HAM_HAM_0001260,HAM10000,CC-BY-NC-4.0,
fitzpatrick17k_hf/images/img_2035.jpg,naevus,HAM_HAM_0006485,HAM10000,CC-BY-NC-4.0,
fitzpatrick17k_hf/images/img_2036.jpg,naevus,HAM_HAM_0006342,HAM10000,CC-BY-NC-4.0,
fitzpatrick17k_hf/images/img_2037.jpg,naevus,HAM_HAM_0003988,HAM10000,CC-BY-NC-4.0,
fitzpatrick17k_hf/images/img_2038.jpg,naevus,HAM_HAM_0000923,HAM10000,CC-BY-NC-4.0,
fitzpatrick17k_hf/images/img_2039.jpg,naevus,HAM_HAM_0006272,HAM10000,CC-BY-NC-4.0,
fitzpatrick17k_hf/images/img_2040.jpg,naevus,HAM_HAM_0001675,HAM10000,CC-BY-NC-4.0,
fitzpatrick17k_hf/images/img_2041.jpg,naevus,HAM_HAM_0006716,HAM10000,CC-BY-NC-4.0,
fitzpatrick17k_hf/images/img_2042.jpg,naevus,HAM_HAM_0002566,HAM10000,CC-BY-NC-4.0,
fitzpatrick17k_hf/images/img_2043.jpg,naevus,HAM_HAM_0002251,HAM10000,CC-BY-NC-4.0,
fitzpatrick17k_hf/images/img_2044.jpg,naevus,HAM_HAM_0005631,HAM10000,CC-BY-NC-4.0,
fitzpatrick17k_hf/images/img_2045.jpg,naevus,HAM_HAM_0001879,HAM10000,CC-BY-NC-4.0,
fitzpatrick17k_hf/images/img_2046.jpg,naevus,HAM_HAM_0007516,HAM10000,CC-BY-NC-4.0,
fitzpatrick17k_hf/images/img_2047.jpg,naevus,HAM_HAM_0001439,HAM10000,CC-BY-NC-4.0,
fitzpatrick17k_hf/images/img_2048.jpg,naevus,HAM_HAM_0005543,HAM10000,CC-BY-NC-4.0,
fitzpatrick17k_hf/images/img_2049.jpg,naevus,HAM_HAM_0007429,HAM10000,CC-BY-NC-4.0,
fitzpatrick17k_hf/images/img_2050.jpg,naevus,HAM_HAM_0003737,HAM10000,CC-BY-NC-4.0,
fitzpatrick17k_hf/images/img_2051.jpg,naevus,HAM_HAM_0006585,HAM10000,CC-BY-NC-4.0,
fitzpatrick17k_hf/images/img_2052.jpg,naevus,HAM_HAM_0003612,HAM10000,CC-BY-NC-4.0,
fitzpatrick17k_hf/images/img_2053.jpg,naevus,HAM_HAM_0005590,HAM10000,CC-BY-NC-4.0,
fitzpatrick17k_hf/images/img_2054.jpg,naevus,HAM_HAM_0007135,HAM10000,CC-BY-NC-4.0,
fitzpatrick17k_hf/images/img_2055.jpg,naevus,HAM_HAM_0006693,HAM10000,CC-BY-NC-4.0,
fitzpatrick17k_hf/images/img_2056.jpg,naevus,HAM_HAM_0005604,HAM10000,CC-BY-NC-4.0,
fitzpatrick17k_hf/images/img_2057.jpg,naevus,HAM_HAM_0006377,HAM10000,CC-BY-NC-4.0,
fitzpatrick17k_hf/images/img_2058.jpg,naevus,HAM_HAM_0001891,HAM10000,CC-BY-NC-4.0,
fitzpatrick17k_hf/images/img_2059.jpg,naevus,HAM_HAM_0001468,HAM10000,CC-BY-NC-4.0,
fitzpatrick17k_hf/images/img_2060.jpg,naevus,HAM_HAM_0001414,HAM10000,CC-BY-NC-4.0,
fitzpatrick17k_hf/images/img_2061.jpg,naevus,HAM_HAM_0002102,HAM10000,CC-BY-NC-4.0,
fitzpatrick17k_hf/images/img_2062.jpg,naevus,HAM_HAM_0002007,HAM10000,CC-BY-NC-4.0,
fitzpatrick17k_hf/images/img_2063.jpg,naevus,HAM_HAM_0002682,HAM10000,CC-BY-NC-4.0,
fitzpatrick17k_hf/images/img_2064.jpg,naevus,HAM_HAM_0006469,HAM10000,CC-BY-NC-4.0,
fitzpatrick17k_hf/images/img_2065.jpg,naevus,HAM_HAM_0000866,HAM10000,CC-BY-NC-4.0,
fitzpatrick17k_hf/images/img_2066.jpg,naevus,HAM_HAM_0004266,HAM10000,CC-BY-NC-4.0,
fitzpatrick17k_hf/images/img_2067.jpg,naevus,HAM_HAM_0000278,HAM10000,CC-BY-NC-4.0,
fitzpatrick17k_hf/images/img_2068.jpg,naevus,HAM_HAM_0006172,HAM10000,CC-BY-NC-4.0,
fitzpatrick17k_hf/images/img_2069.jpg,naevus,HAM_HAM_0002002,HAM10000,CC-BY-NC-4.0,
fitzpatrick17k_hf/images/img_2070.jpg,naevus,HAM_HAM_0007053,HAM10000,CC-BY-NC-4.0,
fitzpatrick17k_hf/images/img_2071.jpg,naevus,HAM_HAM_0003783,HAM10000,CC-BY-NC-4.0,
fitzpatrick17k_hf/images/img_2072.jpg,naevus,HAM_HAM_0002452,HAM10000,CC-BY-NC-4.0,
fitzpatrick17k_hf/images/img_2073.jpg,naevus,HAM_HAM_0006736,HAM10000,CC-BY-NC-4.0,
fitzpatrick17k_hf/images/img_2074.jpg,naevus,HAM_HAM_0006689,HAM10000,CC-BY-NC-4.0,
fitzpatrick17k_hf/images/img_2075.jpg,naevus,HAM_HAM_0006757,HAM10000,CC-BY-NC-4.0,
fitzpatrick17k_hf/images/img_2076.jpg,naevus,HAM_HAM_0000708,HAM10000,CC-BY-NC-4.0,
fitzpatrick17k_hf/images/img_2077.jpg,naevus,HAM_HAM_0004465,HAM10000,CC-BY-NC-4.0,
fitzpatrick17k_hf/images/img_2078.jpg,naevus,HAM_HAM_0007044,HAM10000,CC-BY-NC-4.0,
fitzpatrick17k_hf/images/img_2079.jpg,naevus,HAM_HAM_0001732,HAM10000,CC-BY-NC-4.0,
fitzpatrick17k_hf/images/img_2080.jpg,naevus,HAM_HAM_0001142,HAM10000,CC-BY-NC-4.0,
fitzpatrick17k_hf/images/img_2081.jpg,naevus,HAM_HAM_0004340,HAM10000,CC-BY-NC-4.0,
fitzpatrick17k_hf/images/img_2082.jpg,naevus,HAM_HAM_0001017,HAM10000,CC-BY-NC-4.0,
fitzpatrick17k_hf/images/img_2083.jpg,naevus,HAM_HAM_0006598,HAM10000,CC-BY-NC-4.0,
fitzpatrick17k_hf/images/img_2084.jpg,naevus,HAM_HAM_0002966,HAM10000,CC-BY-NC-4.0,
fitzpatrick17k_hf/images/img_2085.jpg,naevus,HAM_HAM_0000539,HAM10000,CC-BY-NC-4.0,
fitzpatrick17k_hf/images/img_2086.jpg,naevus,HAM_HAM_0003712,HAM10000,CC-BY-NC-4.0,
fitzpatrick17k_hf/images/img_2087.jpg,naevus,HAM_HAM_0002201,HAM10000,CC-BY-NC-4.0,
fitzpatrick17k_hf/images/img_2088.jpg,naevus,HAM_HAM_0007543,HAM10000,CC-BY-NC-4.0,
fitzpatrick17k_hf/images/img_2089.jpg,naevus,HAM_HAM_0003113,HAM10000,CC-BY-NC-4.0,
fitzpatrick17k_hf/images/img_2090.jpg,naevus,HAM_HAM_0007330,HAM10000,CC-BY-NC-4.0,
fitzpatrick17k_hf/images/img_2091.jpg,naevus,HAM_HAM_0006246,HAM10000,CC-BY-NC-4.0,
fitzpatrick17k_hf/images/img_2092.jpg,naevus,HAM_HAM_0000468,HAM10000,CC-BY-NC-4.0,
fitzpatrick17k_hf/images/img_2093.jpg,naevus,HAM_HAM_0000290,HAM10000,CC-BY-NC-4.0,
fitzpatrick17k_hf/images/img_2094.jpg,naevus,HAM_HAM_0001278,HAM10000,CC-BY-NC-4.0,
fitzpatrick17k_hf/images/img_2095.jpg,naevus,HAM_HAM_0002857,HAM10000,CC-BY-NC-4.0,
fitzpatrick17k_hf/images/img_2096.jpg,naevus,HAM_HAM_0004432,HAM10000,CC-BY-NC-4.0,
fitzpatrick17k_hf/images/img_2097.jpg,naevus,HAM_HAM_0001235,HAM10000,CC-BY-NC-4.0,
fitzpatrick17k_hf/images/img_2098.jpg,naevus,HAM_HAM_0006552,HAM10000,CC-BY-NC-4.0,
fitzpatrick17k_hf/images/img_2099.jpg,naevus,HAM_HAM_0004415,HAM10000,CC-BY-NC-4.0,
fitzpatrick17k_hf/images/img_2100.jpg,naevus,HAM_HAM_0003239,HAM10000,CC-BY-NC-4.0,
fitzpatrick17k_hf/images/img_2101.jpg,naevus,HAM_HAM_0003207,HAM10000,CC-BY-NC-4.0,
fitzpatrick17k_hf/images/img_2102.jpg,naevus,HAM_HAM_0001287,HAM10000,CC-BY-NC-4.0,
fitzpatrick17k_hf/images/img_2103.jpg,naevus,HAM_HAM_0003273,HAM10000,CC-BY-NC-4.0,
fitzpatrick17k_hf/images/img_2104.jpg,naevus,HAM_HAM_0000397,HAM10000,CC-BY-NC-4.0,
fitzpatrick17k_hf/images/img_2105.jpg,naevus,HAM_HAM_0000159,HAM10000,CC-BY-NC-4.0,
fitzpatrick17k_hf/images/img_2106.jpg,naevus,HAM_HAM_0004502,HAM10000,CC-BY-NC-4.0,
fitzpatrick17k_hf/images/img_2107.jpg,naevus,HAM_HAM_0000224,HAM10000,CC-BY-NC-4.0,
fitzpatrick17k_hf/images/img_2108.jpg,naevus,HAM_HAM_0004749,HAM10000,CC-BY-NC-4.0,
fitzpatrick17k_hf/images/img_2109.jpg,naevus,HAM_HAM_0007336,HAM10000,CC-BY-NC-4.0,
fitzpatrick17k_hf/images/img_2110.jpg,naevus,HAM_HAM_0007441,HAM10000,CC-BY-NC-4.0,
fitzpatrick17k_hf/images/img_2111.jpg,naevus,HAM_HAM_0002385,HAM10000,CC-BY-NC-4.0,
fitzpatrick17k_hf/images/img_2112.jpg,naevus,HAM_HAM_0002629,HAM10000,CC-BY-NC-4.0,
fitzpatrick17k_hf/images/img_2113.jpg,naevus,HAM_HAM_0004407,HAM10000,CC-BY-NC-4.0,
fitzpatrick17k_hf/images/img_2114.jpg,naevus,HAM_HAM_0003151,HAM10000,CC-BY-NC-4.0,
fitzpatrick17k_hf/images/img_2115.jpg,naevus,HAM_HAM_0001247,HAM10000,CC-BY-NC-4.0,
fitzpatrick17k_hf/images/img_2116.jpg,naevus,HAM_HAM_0003041,HAM10000,CC-BY-NC-4.0,
fitzpatrick17k_hf/images/img_2117.jpg,naevus,HAM_HAM_0003257,HAM10000,CC-BY-NC-4.0,
fitzpatrick17k_hf/images/img_2118.jpg,naevus,HAM_HAM_0000886,HAM10000,CC-BY-NC-4.0,
fitzpatrick17k_hf/images/img_2119.jpg,naevus,HAM_HAM_0000707,HAM10000,CC-BY-NC-4.0,
fitzpatrick17k_hf/images/img_2120.jpg,naevus,HAM_HAM_0000497,HAM10000,CC-BY-NC-4.0,
fitzpatrick17k_hf/images/img_2121.jpg,naevus,HAM_HAM_0005486,HAM10000,CC-BY-NC-4.0,
fitzpatrick17k_hf/images/img_2122.jpg,naevus,HAM_HAM_0005755,HAM10000,CC-BY-NC-4.0,
fitzpatrick17k_hf/images/img_2123.jpg,naevus,HAM_HAM_0000628,HAM10000,CC-BY-NC-4.0,
fitzpatrick17k_hf/images/img_2124.jpg,naevus,HAM_HAM_0007386,HAM10000,CC-BY-NC-4.0,
fitzpatrick17k_hf/images/img_2125.jpg,naevus,HAM_HAM_0002046,HAM10000,CC-BY-NC-4.0,
fitzpatrick17k_hf/images/img_2126.jpg,naevus,HAM_HAM_0006307,HAM10000,CC-BY-NC-4.0,
fitzpatrick17k_hf/images/img_2127.jpg,naevus,HAM_HAM_0005390,HAM10000,CC-BY-NC-4.0,
fitzpatrick17k_hf/images/img_2128.jpg,naevus,HAM_HAM_0003936,HAM10000,CC-BY-NC-4.0,
fitzpatrick17k_hf/images/img_2129.jpg,naevus,HAM_HAM_0005531,HAM10000,CC-BY-NC-4.0,
fitzpatrick17k_hf/images/img_2130.jpg,naevus,HAM_HAM_0004518,HAM10000,CC-BY-NC-4.0,
fitzpatrick17k_hf/images/img_2131.jpg,naevus,HAM_HAM_0003405,HAM10000,CC-BY-NC-4.0,
fitzpatrick17k_hf/images/img_2132.jpg,naevus,HAM_HAM_0004652,HAM10000,CC-BY-NC-4.0,
fitzpatrick17k_hf/images/img_2133.jpg,naevus,HAM_HAM_0001391,HAM10000,CC-BY-NC-4.0,
fitzpatrick17k_hf/images/img_2134.jpg,naevus,HAM_HAM_0004230,HAM10000,CC-BY-NC-4.0,
fitzpatrick17k_hf/images/img_2135.jpg,naevus,HAM_HAM_0002645,HAM10000,CC-BY-NC-4.0,
fitzpatrick17k_hf/images/img_2136.jpg,naevus,HAM_HAM_0006931,HAM10000,CC-BY-NC-4.0,
fitzpatrick17k_hf/images/img_2137.jpg,naevus,HAM_HAM_0000413,HAM10000,CC-BY-NC-4.0,
fitzpatrick17k_hf/images/img_2138.jpg,naevus,HAM_HAM_0006068,HAM10000,CC-BY-NC-4.0,
fitzpatrick17k_hf/images/img_2139.jpg,naevus,HAM_HAM_0007369,HAM10000,CC-BY-NC-4.0,
fitzpatrick17k_hf/images/img_2140.jpg,naevus,HAM_HAM_0000892,HAM10000,CC-BY-NC-4.0,
fitzpatrick17k_hf/images/img_2141.jpg,naevus,HAM_HAM_0004802,HAM10000,CC-BY-NC-4.0,
fitzpatrick17k_hf/images/img_2142.jpg,naevus,HAM_HAM_0003303,HAM10000,CC-BY-NC-4.0,
fitzpatrick17k_hf/images/img_2143.jpg,naevus,HAM_HAM_0000748,HAM10000,CC-BY-NC-4.0,
fitzpatrick17k_hf/images/img_2144.jpg,naevus,HAM_HAM_0004839,HAM10000,CC-BY-NC-4.0,
fitzpatrick17k_hf/images/img_2145.jpg,naevus,HAM_HAM_0002499,HAM10000,CC-BY-NC-4.0,
fitzpatrick17k_hf/images/img_2146.jpg,naevus,HAM_HAM_0001874,HAM10000,CC-BY-NC-4.0,
fitzpatrick17k_hf/images/img_2147.jpg,naevus,HAM_HAM_0006141,HAM10000,CC-BY-NC-4.0,
fitzpatrick17k_hf/images/img_2148.jpg,naevus,HAM_HAM_0003767,HAM10000,CC-BY-NC-4.0,
fitzpatrick17k_hf/images/img_2149.jpg,naevus,HAM_HAM_0001045,HAM10000,CC-BY-NC-4.0,
fitzpatrick17k_hf/images/img_2150.jpg,naevus,HAM_HAM_0006576,HAM10000,CC-BY-NC-4.0,
fitzpatrick17k_hf/images/img_2151.jpg,naevus,HAM_HAM_0002563,HAM10000,CC-BY-NC-4.0,
fitzpatrick17k_hf/images/img_2152.jpg,naevus,HAM_HAM_0000231,HAM10000,CC-BY-NC-4.0,
fitzpatrick17k_hf/images/img_2153.jpg,naevus,HAM_HAM_0003498,HAM10000,CC-BY-NC-4.0,
fitzpatrick17k_hf/images/img_2154.jpg,naevus,HAM_HAM_0002676,HAM10000,CC-BY-NC-4.0,
fitzpatrick17k_hf/images/img_2155.jpg,naevus,HAM_HAM_0000385,HAM10000,CC-BY-NC-4.0,
fitzpatrick17k_hf/images/img_2156.jpg,naevus,HAM_HAM_0001291,HAM10000,CC-BY-NC-4.0,
fitzpatrick17k_hf/images/img_2157.jpg,naevus,HAM_HAM_0001257,HAM10000,CC-BY-NC-4.0,
fitzpatrick17k_hf/images/img_2158.jpg,naevus,HAM_HAM_0003308,HAM10000,CC-BY-NC-4.0,
fitzpatrick17k_hf/images/img_2159.jpg,naevus,HAM_HAM_0004241,HAM10000,CC-BY-NC-4.0,
fitzpatrick17k_hf/images/img_2160.jpg,naevus,HAM_HAM_0003035,HAM10000,CC-BY-NC-4.0,
fitzpatrick17k_hf/images/img_2161.jpg,naevus,HAM_HAM_0006030,HAM10000,CC-BY-NC-4.0,
fitzpatrick17k_hf/images/img_2162.jpg,naevus,HAM_HAM_0006829,HAM10000,CC-BY-NC-4.0,
fitzpatrick17k_hf/images/img_2163.jpg,naevus,HAM_HAM_0001881,HAM10000,CC-BY-NC-4.0,
fitzpatrick17k_hf/images/img_2164.jpg,naevus,HAM_HAM_0000314,HAM10000,CC-BY-NC-4.0,
fitzpatrick17k_hf/images/img_2165.jpg,naevus,HAM_HAM_0004771,HAM10000,CC-BY-NC-4.0,
fitzpatrick17k_hf/images/img_2166.jpg,naevus,HAM_HAM_0005780,HAM10000,CC-BY-NC-4.0,
fitzpatrick17k_hf/images/img_2167.jpg,naevus,HAM_HAM_0002454,HAM10000,CC-BY-NC-4.0,
fitzpatrick17k_hf/images/img_2168.jpg,naevus,HAM_HAM_0005793,HAM10000,CC-BY-NC-4.0,
fitzpatrick17k_hf/images/img_2169.jpg,naevus,HAM_HAM_0000046,HAM10000,CC-BY-NC-4.0,
fitzpatrick17k_hf/images/img_2170.jpg,naevus,HAM_HAM_0006254,HAM10000,CC-BY-NC-4.0,
fitzpatrick17k_hf/images/img_2171.jpg,naevus,HAM_HAM_0001987,HAM10000,CC-BY-NC-4.0,
fitzpatrick17k_hf/images/img_2172.jpg,naevus,HAM_HAM_0006812,HAM10000,CC-BY-NC-4.0,
fitzpatrick17k_hf/images/img_2173.jpg,naevus,HAM_HAM_0002850,HAM10000,CC-BY-NC-4.0,
fitzpatrick17k_hf/images/img_2174.jpg,naevus,HAM_HAM_0003797,HAM10000,CC-BY-NC-4.0,
fitzpatrick17k_hf/images/img_2175.jpg,naevus,HAM_HAM_0000947,HAM10000,CC-BY-NC-4.0,
fitzpatrick17k_hf/images/img_2176.jpg,naevus,HAM_HAM_0000004,HAM10000,CC-BY-NC-4.0,
fitzpatrick17k_hf/images/img_2177.jpg,naevus,HAM_HAM_0002304,HAM10000,CC-BY-NC-4.0,
fitzpatrick17k_hf/images/img_2178.jpg,naevus,HAM_HAM_0001151,HAM10000,CC-BY-NC-4.0,
fitzpatrick17k_hf/images/img_2179.jpg,naevus,HAM_HAM_0003324,HAM10000,CC-BY-NC-4.0,
fitzpatrick17k_hf/images/img_2180.jpg,naevus,HAM_HAM_0003525,HAM10000,CC-BY-NC-4.0,
fitzpatrick17k_hf/images/img_2181.jpg,naevus,HAM_HAM_0000013,HAM10000,CC-BY-NC-4.0,
fitzpatrick17k_hf/images/img_2182.jpg,naevus,HAM_HAM_0003779,HAM10000,CC-BY-NC-4.0,
fitzpatrick17k_hf/images/img_2183.jpg,naevus,HAM_HAM_0003127,HAM10000,CC-BY-NC-4.0,
fitzpatrick17k_hf/images/img_2184.jpg,naevus,HAM_HAM_0001514,HAM10000,CC-BY-NC-4.0,
fitzpatrick17k_hf/images/img_2185.jpg,naevus,HAM_HAM_0001441,HAM10000,CC-BY-NC-4.0,
fitzpatrick17k_hf/images/img_2186.jpg,naevus,HAM_HAM_0000743,HAM10000,CC-BY-NC-4.0,
fitzpatrick17k_hf/images/img_2187.jpg,naevus,HAM_HAM_0000640,HAM10000,CC-BY-NC-4.0,
fitzpatrick17k_hf/images/img_2188.jpg,naevus,HAM_HAM_0001604,HAM10000,CC-BY-NC-4.0,
fitzpatrick17k_hf/images/img_2189.jpg,naevus,HAM_HAM_0000248,HAM10000,CC-BY-NC-4.0,
fitzpatrick17k_hf/images/img_2190.jpg,naevus,HAM_HAM_0005007,HAM10000,CC-BY-NC-4.0,
fitzpatrick17k_hf/images/img_2191.jpg,naevus,HAM_HAM_0002935,HAM10000,CC-BY-NC-4.0,
fitzpatrick17k_hf/images/img_2192.jpg,naevus,HAM_HAM_0001098,HAM10000,CC-BY-NC-4.0,
fitzpatrick17k_hf/images/img_2193.jpg,naevus,HAM_HAM_0007096,HAM10000,CC-BY-NC-4.0,
fitzpatrick17k_hf/images/img_2194.jpg,naevus,HAM_HAM_0003337,HAM10000,CC-BY-NC-4.0,
fitzpatrick17k_hf/images/img_2195.jpg,naevus,HAM_HAM_0000011,HAM10000,CC-BY-NC-4.0,
fitzpatrick17k_hf/images/img_2196.jpg,naevus,HAM_HAM_0006323,HAM10000,CC-BY-NC-4.0,
fitzpatrick17k_hf/images/img_2197.jpg,naevus,HAM_HAM_0006341,HAM10000,CC-BY-NC-4.0,
fitzpatrick17k_hf/images/img_2198.jpg,naevus,HAM_HAM_0006913,HAM10000,CC-BY-NC-4.0,
fitzpatrick17k_hf/images/img_2199.jpg,naevus,HAM_HAM_0002481,HAM10000,CC-BY-NC-4.0,
fitzpatrick17k_hf/images/img_2200.jpg,naevus,HAM_HAM_0006798,HAM10000,CC-BY-NC-4.0,
fitzpatrick17k_hf/images/img_2201.jpg,naevus,HAM_HAM_0001051,HAM10000,CC-BY-NC-4.0,
fitzpatrick17k_hf/images/img_2202.jpg,naevus,HAM_HAM_0005247,HAM10000,CC-BY-NC-4.0,
fitzpatrick17k_hf/images/img_2203.jpg,naevus,HAM_HAM_0000610,HAM10000,CC-BY-NC-4.0,
fitzpatrick17k_hf/images/img_2204.jpg,naevus,HAM_HAM_0005295,HAM10000,CC-BY-NC-4.0,
fitzpatrick17k_hf/images/img_2205.jpg,naevus,HAM_HAM_0001201,HAM10000,CC-BY-NC-4.0,
fitzpatrick17k_hf/images/img_2206.jpg,naevus,HAM_HAM_0004744,HAM10000,CC-BY-NC-4.0,
fitzpatrick17k_hf/images/img_2207.jpg,naevus,HAM_HAM_0000559,HAM10000,CC-BY-NC-4.0,
fitzpatrick17k_hf/images/img_2208.jpg,naevus,HAM_HAM_0001130,HAM10000,CC-BY-NC-4.0,
fitzpatrick17k_hf/images/img_2209.jpg,naevus,HAM_HAM_0006529,HAM10000,CC-BY-NC-4.0,
fitzpatrick17k_hf/images/img_2210.jpg,naevus,HAM_HAM_0006108,HAM10000,CC-BY-NC-4.0,
fitzpatrick17k_hf/images/img_2211.jpg,naevus,HAM_HAM_0001751,HAM10000,CC-BY-NC-4.0,
fitzpatrick17k_hf/images/img_2212.jpg,naevus,HAM_HAM_0007605,HAM10000,CC-BY-NC-4.0,
fitzpatrick17k_hf/images/img_2213.jpg,naevus,HAM_HAM_0001936,HAM10000,CC-BY-NC-4.0,
fitzpatrick17k_hf/images/img_2214.jpg,naevus,HAM_HAM_0002364,HAM10000,CC-BY-NC-4.0,
fitzpatrick17k_hf/images/img_2215.jpg,naevus,HAM_HAM_0005955,HAM10000,CC-BY-NC-4.0,
fitzpatrick17k_hf/images/img_2216.jpg,naevus,HAM_HAM_0002715,HAM10000,CC-BY-NC-4.0,
fitzpatrick17k_hf/images/img_2217.jpg,naevus,HAM_HAM_0003815,HAM10000,CC-BY-NC-4.0,
fitzpatrick17k_hf/images/img_2218.jpg,naevus,HAM_HAM_0001058,HAM10000,CC-BY-NC-4.0,
fitzpatrick17k_hf/images/img_2219.jpg,naevus,HAM_HAM_0004887,HAM10000,CC-BY-NC-4.0,
fitzpatrick17k_hf/images/img_2220.jpg,naevus,HAM_HAM_0003345,HAM10000,CC-BY-NC-4.0,
fitzpatrick17k_hf/images/img_2221.jpg,naevus,HAM_HAM_0007154,HAM10000,CC-BY-NC-4.0,
fitzpatrick17k_hf/images/img_2222.jpg,naevus,HAM_HAM_0002076,HAM10000,CC-BY-NC-4.0,
fitzpatrick17k_hf/images/img_2223.jpg,naevus,HAM_HAM_0005466,HAM10000,CC-BY-NC-4.0,
fitzpatrick17k_hf/images/img_2224.jpg,naevus,HAM_HAM_0005452,HAM10000,CC-BY-NC-4.0,
fitzpatrick17k_hf/images/img_2225.jpg,naevus,HAM_HAM_0007373,HAM10000,CC-BY-NC-4.0,
fitzpatrick17k_hf/images/img_2226.jpg,naevus,HAM_HAM_0000679,HAM10000,CC-BY-NC-4.0,
fitzpatrick17k_hf/images/img_2227.jpg,naevus,HAM_HAM_0006720,HAM10000,CC-BY-NC-4.0,
fitzpatrick17k_hf/images/img_2228.jpg,naevus,HAM_HAM_0004700,HAM10000,CC-BY-NC-4.0,
fitzpatrick17k_hf/images/img_2229.jpg,naevus,HAM_HAM_0005098,HAM10000,CC-BY-NC-4.0,
fitzpatrick17k_hf/images/img_2230.jpg,naevus,HAM_HAM_0003188,HAM10000,CC-BY-NC-4.0,
fitzpatrick17k_hf/images/img_2231.jpg,naevus,HAM_HAM_0001298,HAM10000,CC-BY-NC-4.0,
fitzpatrick17k_hf/images/img_2232.jpg,naevus,HAM_HAM_0007445,HAM10000,CC-BY-NC-4.0,
fitzpatrick17k_hf/images/img_2233.jpg,naevus,HAM_HAM_0006378,HAM10000,CC-BY-NC-4.0,
fitzpatrick17k_hf/images/img_2234.jpg,naevus,HAM_HAM_0003762,HAM10000,CC-BY-NC-4.0,
fitzpatrick17k_hf/images/img_2235.jpg,naevus,HAM_HAM_0003219,HAM10000,CC-BY-NC-4.0,
fitzpatrick17k_hf/images/img_2236.jpg,naevus,HAM_HAM_0000203,HAM10000,CC-BY-NC-4.0,
fitzpatrick17k_hf/images/img_2237.jpg,naevus,HAM_HAM_0000111,HAM10000,CC-BY-NC-4.0,
fitzpatrick17k_hf/images/img_2238.jpg,naevus,HAM_HAM_0004434,HAM10000,CC-BY-NC-4.0,
fitzpatrick17k_hf/images/img_2239.jpg,naevus,HAM_HAM_0007437,HAM10000,CC-BY-NC-4.0,
fitzpatrick17k_hf/images/img_2240.jpg,naevus,HAM_HAM_0004623,HAM10000,CC-BY-NC-4.0,
fitzpatrick17k_hf/images/img_2241.jpg,naevus,HAM_HAM_0005204,HAM10000,CC-BY-NC-4.0,
fitzpatrick17k_hf/images/img_2242.jpg,naevus,HAM_HAM_0000616,HAM10000,CC-BY-NC-4.0,
fitzpatrick17k_hf/images/img_2243.jpg,naevus,HAM_HAM_0004870,HAM10000,CC-BY-NC-4.0,
fitzpatrick17k_hf/images/img_2244.jpg,naevus,HAM_HAM_0004895,HAM10000,CC-BY-NC-4.0,
fitzpatrick17k_hf/images/img_2245.jpg,naevus,HAM_HAM_0007042,HAM10000,CC-BY-NC-4.0,
fitzpatrick17k_hf/images/img_2246.jpg,naevus,HAM_HAM_0006133,HAM10000,CC-BY-NC-4.0,
fitzpatrick17k_hf/images/img_2247.jpg,naevus,HAM_HAM_0004370,HAM10000,CC-BY-NC-4.0,
fitzpatrick17k_hf/images/img_2248.jpg,naevus,HAM_HAM_0006249,HAM10000,CC-BY-NC-4.0,
fitzpatrick17k_hf/images/img_2249.jpg,naevus,HAM_HAM_0005154,HAM10000,CC-BY-NC-4.0,
fitzpatrick17k_hf/images/img_2250.jpg,naevus,HAM_HAM_0007246,HAM10000,CC-BY-NC-4.0,
fitzpatrick17k_hf/images/img_2251.jpg,naevus,HAM_HAM_0005087,HAM10000,CC-BY-NC-4.0,
fitzpatrick17k_hf/images/img_2252.jpg,naevus,HAM_HAM_0004386,HAM10000,CC-BY-NC-4.0,
fitzpatrick17k_hf/images/img_2253.jpg,naevus,HAM_HAM_0003024,HAM10000,CC-BY-NC-4.0,
fitzpatrick17k_hf/images/img_2254.jpg,naevus,HAM_HAM_0002863,HAM10000,CC-BY-NC-4.0,
fitzpatrick17k_hf/images/img_2255.jpg,naevus,HAM_HAM_0004561,HAM10000,CC-BY-NC-4.0,
fitzpatrick17k_hf/images/img_2256.jpg,naevus,HAM_HAM_0000209,HAM10000,CC-BY-NC-4.0,
fitzpatrick17k_hf/images/img_2257.jpg,naevus,HAM_HAM_0001895,HAM10000,CC-BY-NC-4.0,
fitzpatrick17k_hf/images/img_2258.jpg,naevus,HAM_HAM_0001115,HAM10000,CC-BY-NC-4.0,
fitzpatrick17k_hf/images/img_2259.jpg,naevus,HAM_HAM_0003631,HAM10000,CC-BY-NC-4.0,
fitzpatrick17k_hf/images/img_2260.jpg,naevus,HAM_HAM_0002374,HAM10000,CC-BY-NC-4.0,
fitzpatrick17k_hf/images/img_2261.jpg,naevus,HAM_HAM_0003919,HAM10000,CC-BY-NC-4.0,
fitzpatrick17k_hf/images/img_2262.jpg,naevus,HAM_HAM_0007223,HAM10000,CC-BY-NC-4.0,
fitzpatrick17k_hf/images/img_2263.jpg,naevus,HAM_HAM_0001479,HAM10000,CC-BY-NC-4.0,
fitzpatrick17k_hf/images/img_2264.jpg,naevus,HAM_HAM_0004926,HAM10000,CC-BY-NC-4.0,
fitzpatrick17k_hf/images/img_2265.jpg,naevus,HAM_HAM_0001121,HAM10000,CC-BY-NC-4.0,
fitzpatrick17k_hf/images/img_2266.jpg,naevus,HAM_HAM_0004575,HAM10000,CC-BY-NC-4.0,
fitzpatrick17k_hf/images/img_2267.jpg,naevus,HAM_HAM_0001941,HAM10000,CC-BY-NC-4.0,
fitzpatrick17k_hf/images/img_2268.jpg,naevus,HAM_HAM_0002940,HAM10000,CC-BY-NC-4.0,
fitzpatrick17k_hf/images/img_2269.jpg,naevus,HAM_HAM_0000996,HAM10000,CC-BY-NC-4.0,
fitzpatrick17k_hf/images/img_2270.jpg,naevus,HAM_HAM_0006811,HAM10000,CC-BY-NC-4.0,
fitzpatrick17k_hf/images/img_2271.jpg,naevus,HAM_HAM_0003052,HAM10000,CC-BY-NC-4.0,
fitzpatrick17k_hf/images/img_2272.jpg,naevus,HAM_HAM_0000828,HAM10000,CC-BY-NC-4.0,
fitzpatrick17k_hf/images/img_2273.jpg,naevus,HAM_HAM_0000044,HAM10000,CC-BY-NC-4.0,
fitzpatrick17k_hf/images/img_2274.jpg,naevus,HAM_HAM_0003635,HAM10000,CC-BY-NC-4.0,
fitzpatrick17k_hf/images/img_2275.jpg,naevus,HAM_HAM_0002156,HAM10000,CC-BY-NC-4.0,
fitzpatrick17k_hf/images/img_2276.jpg,naevus,HAM_HAM_0001168,HAM10000,CC-BY-NC-4.0,
fitzpatrick17k_hf/images/img_2277.jpg,naevus,HAM_HAM_0006733,HAM10000,CC-BY-NC-4.0,
fitzpatrick17k_hf/images/img_2278.jpg,naevus,HAM_HAM_0006922,HAM10000,CC-BY-NC-4.0,
fitzpatrick17k_hf/images/img_2279.jpg,naevus,HAM_HAM_0000668,HAM10000,CC-BY-NC-4.0,
fitzpatrick17k_hf/images/img_2280.jpg,naevus,HAM_HAM_0003874,HAM10000,CC-BY-NC-4.0,
fitzpatrick17k_hf/images/img_2281.jpg,naevus,HAM_HAM_0001628,HAM10000,CC-BY-NC-4.0,
fitzpatrick17k_hf/images/img_2282.jpg,naevus,HAM_HAM_0007452,HAM10000,CC-BY-NC-4.0,
fitzpatrick17k_hf/images/img_2283.jpg,naevus,HAM_HAM_0000036,HAM10000,CC-BY-NC-4.0,
fitzpatrick17k_hf/images/img_2284.jpg,naevus,HAM_HAM_0006742,HAM10000,CC-BY-NC-4.0,
fitzpatrick17k_hf/images/img_2285.jpg,naevus,HAM_HAM_0005166,HAM10000,CC-BY-NC-4.0,
fitzpatrick17k_hf/images/img_2286.jpg,naevus,HAM_HAM_0007434,HAM10000,CC-BY-NC-4.0,
fitzpatrick17k_hf/images/img_2287.jpg,naevus,HAM_HAM_0000447,HAM10000,CC-BY-NC-4.0,
fitzpatrick17k_hf/images/img_2288.jpg,naevus,HAM_HAM_0006645,HAM10000,CC-BY-NC-4.0,
fitzpatrick17k_hf/images/img_2289.jpg,naevus,HAM_HAM_0002063,HAM10000,CC-BY-NC-4.0,
fitzpatrick17k_hf/images/img_2290.jpg,naevus,HAM_HAM_0005843,HAM10000,CC-BY-NC-4.0,
fitzpatrick17k_hf/images/img_2291.jpg,naevus,HAM_HAM_0001172,HAM10000,CC-BY-NC-4.0,
fitzpatrick17k_hf/images/img_2292.jpg,naevus,HAM_HAM_0006131,HAM10000,CC-BY-NC-4.0,
fitzpatrick17k_hf/images/img_2293.jpg,naevus,HAM_HAM_0005188,HAM10000,CC-BY-NC-4.0,
fitzpatrick17k_hf/images/img_2294.jpg,naevus,HAM_HAM_0000522,HAM10000,CC-BY-NC-4.0,
fitzpatrick17k_hf/images/img_2295.jpg,naevus,HAM_HAM_0001125,HAM10000,CC-BY-NC-4.0,
fitzpatrick17k_hf/images/img_2296.jpg,naevus,HAM_HAM_0001587,HAM10000,CC-BY-NC-4.0,
fitzpatrick17k_hf/images/img_2297.jpg,naevus,HAM_HAM_0001410,HAM10000,CC-BY-NC-4.0,
fitzpatrick17k_hf/images/img_2298.jpg,naevus,HAM_HAM_0007468,HAM10000,CC-BY-NC-4.0,
fitzpatrick17k_hf/images/img_2299.jpg,naevus,HAM_HAM_0003345,HAM10000,CC-BY-NC-4.0,
fitzpatrick17k_hf/images/img_2300.jpg,naevus,HAM_HAM_0006357,HAM10000,CC-BY-NC-4.0,
fitzpatrick17k_hf/images/img_2301.jpg,naevus,HAM_HAM_0002291,HAM10000,CC-BY-NC-4.0,
fitzpatrick17k_hf/images/img_2302.jpg,naevus,HAM_HAM_0000509,HAM10000,CC-BY-NC-4.0,
fitzpatrick17k_hf/images/img_2303.jpg,naevus,HAM_HAM_0002264,HAM10000,CC-BY-NC-4.0,
fitzpatrick17k_hf/images/img_2304.jpg,naevus,HAM_HAM_0006705,HAM10000,CC-BY-NC-4.0,
fitzpatrick17k_hf/images/img_2305.jpg,naevus,HAM_HAM_0002368,HAM10000,CC-BY-NC-4.0,
fitzpatrick17k_hf/images/img_2306.jpg,naevus,HAM_HAM_0000977,HAM10000,CC-BY-NC-4.0,
fitzpatrick17k_hf/images/img_2307.jpg,naevus,HAM_HAM_0007217,HAM10000,CC-BY-NC-4.0,
fitzpatrick17k_hf/images/img_2308.jpg,naevus,HAM_HAM_0001212,HAM10000,CC-BY-NC-4.0,
fitzpatrick17k_hf/images/img_2309.jpg,naevus,HAM_HAM_0003570,HAM10000,CC-BY-NC-4.0,
fitzpatrick17k_hf/images/img_2310.jpg,naevus,HAM_HAM_0004573,HAM10000,CC-BY-NC-4.0,
fitzpatrick17k_hf/images/img_2311.jpg,naevus,HAM_HAM_0003870,HAM10000,CC-BY-NC-4.0,
fitzpatrick17k_hf/images/img_2312.jpg,naevus,HAM_HAM_0000226,HAM10000,CC-BY-NC-4.0,
fitzpatrick17k_hf/images/img_2313.jpg,naevus,HAM_HAM_0003627,HAM10000,CC-BY-NC-4.0,
fitzpatrick17k_hf/images/img_2314.jpg,naevus,HAM_HAM_0004009,HAM10000,CC-BY-NC-4.0,
fitzpatrick17k_hf/images/img_2315.jpg,naevus,HAM_HAM_0004360,HAM10000,CC-BY-NC-4.0,
fitzpatrick17k_hf/images/img_2316.jpg,naevus,HAM_HAM_0004732,HAM10000,CC-BY-NC-4.0,
fitzpatrick17k_hf/images/img_2317.jpg,naevus,HAM_HAM_0003390,HAM10000,CC-BY-NC-4.0,
fitzpatrick17k_hf/images/img_2318.jpg,naevus,HAM_HAM_0002765,HAM10000,CC-BY-NC-4.0,
fitzpatrick17k_hf/images/img_2319.jpg,naevus,HAM_HAM_0005892,HAM10000,CC-BY-NC-4.0,
fitzpatrick17k_hf/images/img_2320.jpg,naevus,HAM_HAM_0007422,HAM10000,CC-BY-NC-4.0,
fitzpatrick17k_hf/images/img_2321.jpg,naevus,HAM_HAM_0002359,HAM10000,CC-BY-NC-4.0,
fitzpatrick17k_hf/images/img_2322.jpg,naevus,HAM_HAM_0007068,HAM10000,CC-BY-NC-4.0,
fitzpatrick17k_hf/images/img_2323.jpg,naevus,HAM_HAM_0003080,HAM10000,CC-BY-NC-4.0,
fitzpatrick17k_hf/images/img_2324.jpg,naevus,HAM_HAM_0007373,HAM10000,CC-BY-NC-4.0,
fitzpatrick17k_hf/images/img_2325.jpg,naevus,HAM_HAM_0003686,HAM10000,CC-BY-NC-4.0,
fitzpatrick17k_hf/images/img_2326.jpg,naevus,HAM_HAM_0005823,HAM10000,CC-BY-NC-4.0,
fitzpatrick17k_hf/images/img_2327.jpg,naevus,HAM_HAM_0004925,HAM10000,CC-BY-NC-4.0,
fitzpatrick17k_hf/images/img_2328.jpg,naevus,HAM_HAM_0000403,HAM10000,CC-BY-NC-4.0,
fitzpatrick17k_hf/images/img_2329.jpg,naevus,HAM_HAM_0004680,HAM10000,CC-BY-NC-4.0,
fitzpatrick17k_hf/images/img_2330.jpg,naevus,HAM_HAM_0005635,HAM10000,CC-BY-NC-4.0,
fitzpatrick17k_hf/images/img_2331.jpg,naevus,HAM_HAM_0001387,HAM10000,CC-BY-NC-4.0,
fitzpatrick17k_hf/images/img_2332.jpg,naevus,HAM_HAM_0000961,HAM10000,CC-BY-NC-4.0,
fitzpatrick17k_hf/images/img_2333.jpg,naevus,HAM_HAM_0001140,HAM10000,CC-BY-NC-4.0,
fitzpatrick17k_hf/images/img_2334.jpg,naevus,HAM_HAM_0003457,HAM10000,CC-BY-NC-4.0,
fitzpatrick17k_hf/images/img_2335.jpg,naevus,HAM_HAM_0006199,HAM10000,CC-BY-NC-4.0,
fitzpatrick17k_hf/images/img_2336.jpg,naevus,HAM_HAM_0000197,HAM10000,CC-BY-NC-4.0,
fitzpatrick17k_hf/images/img_2337.jpg,naevus,HAM_HAM_0004763,HAM10000,CC-BY-NC-4.0,
fitzpatrick17k_hf/images/img_2338.jpg,naevus,HAM_HAM_0001419,HAM10000,CC-BY-NC-4.0,
fitzpatrick17k_hf/images/img_2339.jpg,naevus,HAM_HAM_0003879,HAM10000,CC-BY-NC-4.0,
fitzpatrick17k_hf/images/img_2340.jpg,naevus,HAM_HAM_0004797,HAM10000,CC-BY-NC-4.0,
fitzpatrick17k_hf/images/img_2341.jpg,naevus,HAM_HAM_0003711,HAM10000,CC-BY-NC-4.0,
fitzpatrick17k_hf/images/img_2342.jpg,naevus,HAM_HAM_0002033,HAM10000,CC-BY-NC-4.0,
fitzpatrick17k_hf/images/img_2343.jpg,naevus,HAM_HAM_0001606,HAM10000,CC-BY-NC-4.0,
fitzpatrick17k_hf/images/img_2344.jpg,naevus,HAM_HAM_0000505,HAM10000,CC-BY-NC-4.0,
fitzpatrick17k_hf/images/img_2345.jpg,naevus,HAM_HAM_0007392,HAM10000,CC-BY-NC-4.0,
fitzpatrick17k_hf/images/img_2346.jpg,naevus,HAM_HAM_0002217,HAM10000,CC-BY-NC-4.0,
fitzpatrick17k_hf/images/img_2347.jpg,naevus,HAM_HAM_0007196,HAM10000,CC-BY-NC-4.0,
fitzpatrick17k_hf/images/img_2348.jpg,naevus,HAM_HAM_0003241,HAM10000,CC-BY-NC-4.0,
fitzpatrick17k_hf/images/img_2349.jpg,naevus,HAM_HAM_0007613,HAM10000,CC-BY-NC-4.0,
fitzpatrick17k_hf/images/img_2350.jpg,naevus,HAM_HAM_0000100,HAM10000,CC-BY-NC-4.0,
fitzpatrick17k_hf/images/img_2351.jpg,naevus,HAM_HAM_0003590,HAM10000,CC-BY-NC-4.0,
fitzpatrick17k_hf/images/img_2352.jpg,naevus,HAM_HAM_0007280,HAM10000,CC-BY-NC-4.0,
fitzpatrick17k_hf/images/img_2353.jpg,naevus,HAM_HAM_0006349,HAM10000,CC-BY-NC-4.0,
fitzpatrick17k_hf/images/img_2354.jpg,naevus,HAM_HAM_0005731,HAM10000,CC-BY-NC-4.0,
fitzpatrick17k_hf/images/img_2355.jpg,naevus,HAM_HAM_0005936,HAM10000,CC-BY-NC-4.0,
fitzpatrick17k_hf/images/img_2356.jpg,naevus,HAM_HAM_0003223,HAM10000,CC-BY-NC-4.0,
fitzpatrick17k_hf/images/img_2357.jpg,naevus,HAM_HAM_0004724,HAM10000,CC-BY-NC-4.0,
fitzpatrick17k_hf/images/img_2358.jpg,naevus,HAM_HAM_0006367,HAM10000,CC-BY-NC-4.0,
fitzpatrick17k_hf/images/img_2359.jpg,naevus,HAM_HAM_0002964,HAM10000,CC-BY-NC-4.0,
fitzpatrick17k_hf/images/img_2360.jpg,naevus,HAM_HAM_0004239,HAM10000,CC-BY-NC-4.0,
fitzpatrick17k_hf/images/img_2361.jpg,naevus,HAM_HAM_0000266,HAM10000,CC-BY-NC-4.0,
fitzpatrick17k_hf/images/img_2362.jpg,naevus,HAM_HAM_0002652,HAM10000,CC-BY-NC-4.0,
fitzpatrick17k_hf/images/img_2363.jpg,naevus,HAM_HAM_0005160,HAM10000,CC-BY-NC-4.0,
fitzpatrick17k_hf/images/img_2364.jpg,naevus,HAM_HAM_0006363,HAM10000,CC-BY-NC-4.0,
fitzpatrick17k_hf/images/img_2365.jpg,naevus,HAM_HAM_0006318,HAM10000,CC-BY-NC-4.0,
fitzpatrick17k_hf/images/img_2366.jpg,naevus,HAM_HAM_0001817,HAM10000,CC-BY-NC-4.0,
fitzpatrick17k_hf/images/img_2367.jpg,naevus,HAM_HAM_0000074,HAM10000,CC-BY-NC-4.0,
fitzpatrick17k_hf/images/img_2368.jpg,naevus,HAM_HAM_0004133,HAM10000,CC-BY-NC-4.0,
fitzpatrick17k_hf/images/img_2369.jpg,naevus,HAM_HAM_0002220,HAM10000,CC-BY-NC-4.0,
fitzpatrick17k_hf/images/img_2370.jpg,naevus,HAM_HAM_0003296,HAM10000,CC-BY-NC-4.0,
fitzpatrick17k_hf/images/img_2371.jpg,naevus,HAM_HAM_0004863,HAM10000,CC-BY-NC-4.0,
fitzpatrick17k_hf/images/img_2372.jpg,naevus,HAM_HAM_0006493,HAM10000,CC-BY-NC-4.0,
fitzpatrick17k_hf/images/img_2373.jpg,naevus,HAM_HAM_0000252,HAM10000,CC-BY-NC-4.0,
fitzpatrick17k_hf/images/img_2374.jpg,naevus,HAM_HAM_0006175,HAM10000,CC-BY-NC-4.0,
fitzpatrick17k_hf/images/img_2375.jpg,naevus,HAM_HAM_0001956,HAM10000,CC-BY-NC-4.0,
fitzpatrick17k_hf/images/img_2376.jpg,naevus,HAM_HAM_0005904,HAM10000,CC-BY-NC-4.0,
fitzpatrick17k_hf/images/img_2377.jpg,naevus,HAM_HAM_0005179,HAM10000,CC-BY-NC-4.0,
fitzpatrick17k_hf/images/img_2378.jpg,naevus,HAM_HAM_0000485,HAM10000,CC-BY-NC-4.0,
fitzpatrick17k_hf/images/img_2379.jpg,naevus,HAM_HAM_0000489,HAM10000,CC-BY-NC-4.0,
fitzpatrick17k_hf/images/img_2380.jpg,naevus,HAM_HAM_0005620,HAM10000,CC-BY-NC-4.0,
fitzpatrick17k_hf/images/img_2381.jpg,naevus,HAM_HAM_0007251,HAM10000,CC-BY-NC-4.0,
fitzpatrick17k_hf/images/img_2382.jpg,naevus,HAM_HAM_0000733,HAM10000,CC-BY-NC-4.0,
fitzpatrick17k_hf/images/img_2383.jpg,naevus,HAM_HAM_0004137,HAM10000,CC-BY-NC-4.0,
fitzpatrick17k_hf/images/img_2384.jpg,naevus,HAM_HAM_0000128,HAM10000,CC-BY-NC-4.0,
fitzpatrick17k_hf/images/img_2385.jpg,naevus,HAM_HAM_0002675,HAM10000,CC-BY-NC-4.0,
fitzpatrick17k_hf/images/img_2386.jpg,naevus,HAM_HAM_0006093,HAM10000,CC-BY-NC-4.0,
fitzpatrick17k_hf/images/img_2387.jpg,naevus,HAM_HAM_0003276,HAM10000,CC-BY-NC-4.0,
fitzpatrick17k_hf/images/img_2388.jpg,naevus,HAM_HAM_0006789,HAM10000,CC-BY-NC-4.0,
fitzpatrick17k_hf/images/img_2389.jpg,naevus,HAM_HAM_0007224,HAM10000,CC-BY-NC-4.0,
fitzpatrick17k_hf/images/img_2390.jpg,naevus,HAM_HAM_0003629,HAM10000,CC-BY-NC-4.0,
fitzpatrick17k_hf/images/img_2391.jpg,naevus,HAM_HAM_0006490,HAM10000,CC-BY-NC-4.0,
fitzpatrick17k_hf/images/img_2392.jpg,naevus,HAM_HAM_0005806,HAM10000,CC-BY-NC-4.0,
fitzpatrick17k_hf/images/img_2393.jpg,naevus,HAM_HAM_0006584,HAM10000,CC-BY-NC-4.0,
fitzpatrick17k_hf/images/img_2394.jpg,naevus,HAM_HAM_0002900,HAM10000,CC-BY-NC-4.0,
fitzpatrick17k_hf/images/img_2395.jpg,naevus,HAM_HAM_0000573,HAM10000,CC-BY-NC-4.0,
fitzpatrick17k_hf/images/img_2396.jpg,naevus,HAM_HAM_0002035,HAM10000,CC-BY-NC-4.0,
fitzpatrick17k_hf/images/img_2397.jpg,naevus,HAM_HAM_0005430,HAM10000,CC-BY-NC-4.0,
fitzpatrick17k_hf/images/img_2398.jpg,naevus,HAM_HAM_0003267,HAM10000,CC-BY-NC-4.0,
fitzpatrick17k_hf/images/img_2399.jpg,naevus,HAM_HAM_0004740,HAM10000,CC-BY-NC-4.0,
fitzpatrick17k_hf/images/img_2400.jpg,naevus,HAM_HAM_0000147,HAM10000,CC-BY-NC-4.0,
fitzpatrick17k_hf/images/img_2401.jpg,naevus,HAM_HAM_0003650,HAM10000,CC-BY-NC-4.0,
fitzpatrick17k_hf/images/img_2402.jpg,naevus,HAM_HAM_0005658,HAM10000,CC-BY-NC-4.0,
fitzpatrick17k_hf/images/img_2403.jpg,naevus,HAM_HAM_0007516,HAM10000,CC-BY-NC-4.0,
fitzpatrick17k_hf/images/img_2404.jpg,naevus,HAM_HAM_0001643,HAM10000,CC-BY-NC-4.0,
fitzpatrick17k_hf/images/img_2405.jpg,naevus,HAM_HAM_0003235,HAM10000,CC-BY-NC-4.0,
fitzpatrick17k_hf/images/img_2406.jpg,naevus,HAM_HAM_0006023,HAM10000,CC-BY-NC-4.0,
fitzpatrick17k_hf/images/img_2407.jpg,naevus,HAM_HAM_0004269,HAM10000,CC-BY-NC-4.0,
fitzpatrick17k_hf/images/img_2408.jpg,naevus,HAM_HAM_0005043,HAM10000,CC-BY-NC-4.0,
fitzpatrick17k_hf/images/img_2409.jpg,naevus,HAM_HAM_0007218,HAM10000,CC-BY-NC-4.0,
fitzpatrick17k_hf/images/img_2410.jpg,naevus,HAM_HAM_0001558,HAM10000,CC-BY-NC-4.0,
fitzpatrick17k_hf/images/img_2411.jpg,naevus,HAM_HAM_0002349,HAM10000,CC-BY-NC-4.0,
fitzpatrick17k_hf/images/img_2412.jpg,naevus,HAM_HAM_0007278,HAM10000,CC-BY-NC-4.0,
fitzpatrick17k_hf/images/img_2413.jpg,naevus,HAM_HAM_0002590,HAM10000,CC-BY-NC-4.0,
fitzpatrick17k_hf/images/img_2414.jpg,naevus,HAM_HAM_0002700,HAM10000,CC-BY-NC-4.0,
fitzpatrick17k_hf/images/img_2415.jpg,naevus,HAM_HAM_0000873,HAM10000,CC-BY-NC-4.0,
fitzpatrick17k_hf/images/img_2416.jpg,naevus,HAM_HAM_0001154,HAM10000,CC-BY-NC-4.0,
fitzpatrick17k_hf/images/img_2417.jpg,naevus,HAM_HAM_0000066,HAM10000,CC-BY-NC-4.0,
fitzpatrick17k_hf/images/img_2418.jpg,naevus,HAM_HAM_0004119,HAM10000,CC-BY-NC-4.0,
fitzpatrick17k_hf/images/img_2419.jpg,naevus,HAM_HAM_0006874,HAM10000,CC-BY-NC-4.0,
fitzpatrick17k_hf/images/img_2420.jpg,naevus,HAM_HAM_0001669,HAM10000,CC-BY-NC-4.0,
fitzpatrick17k_hf/images/img_2421.jpg,naevus,HAM_HAM_0002222,HAM10000,CC-BY-NC-4.0,
fitzpatrick17k_hf/images/img_2422.jpg,naevus,HAM_HAM_0001158,HAM10000,CC-BY-NC-4.0,
fitzpatrick17k_hf/images/img_2423.jpg,naevus,HAM_HAM_0006381,HAM10000,CC-BY-NC-4.0,
fitzpatrick17k_hf/images/img_2424.jpg,naevus,HAM_HAM_0002562,HAM10000,CC-BY-NC-4.0,
fitzpatrick17k_hf/images/img_2425.jpg,naevus,HAM_HAM_0004781,HAM10000,CC-BY-NC-4.0,
fitzpatrick17k_hf/images/img_2426.jpg,naevus,HAM_HAM_0000173,HAM10000,CC-BY-NC-4.0,
fitzpatrick17k_hf/images/img_2427.jpg,naevus,HAM_HAM_0004479,HAM10000,CC-BY-NC-4.0,
fitzpatrick17k_hf/images/img_2428.jpg,naevus,HAM_HAM_0003231,HAM10000,CC-BY-NC-4.0,
fitzpatrick17k_hf/images/img_2429.jpg,naevus,HAM_HAM_0001205,HAM10000,CC-BY-NC-4.0,
fitzpatrick17k_hf/images/img_2430.jpg,naevus,HAM_HAM_0003724,HAM10000,CC-BY-NC-4.0,
fitzpatrick17k_hf/images/img_2431.jpg,naevus,HAM_HAM_0002893,HAM10000,CC-BY-NC-4.0,
fitzpatrick17k_hf/images/img_2432.jpg,naevus,HAM_HAM_0005457,HAM10000,CC-BY-NC-4.0,
fitzpatrick17k_hf/images/img_2433.jpg,naevus,HAM_HAM_0001307,HAM10000,CC-BY-NC-4.0,
fitzpatrick17k_hf/images/img_2434.jpg,naevus,HAM_HAM_0004610,HAM10000,CC-BY-NC-4.0,
fitzpatrick17k_hf/images/img_2435.jpg,naevus,HAM_HAM_0007385,HAM10000,CC-BY-NC-4.0,
fitzpatrick17k_hf/images/img_2436.jpg,naevus,HAM_HAM_0000339,HAM10000,CC-BY-NC-4.0,
fitzpatrick17k_hf/images/img_2437.jpg,naevus,HAM_HAM_0001745,HAM10000,CC-BY-NC-4.0,
fitzpatrick17k_hf/images/img_2438.jpg,naevus,HAM_HAM_0006149,HAM10000,CC-BY-NC-4.0,
fitzpatrick17k_hf/images/img_2439.jpg,naevus,HAM_HAM_0005734,HAM10000,CC-BY-NC-4.0,
fitzpatrick17k_hf/images/img_2440.jpg,naevus,HAM_HAM_0001757,HAM10000,CC-BY-NC-4.0,
fitzpatrick17k_hf/images/img_2441.jpg,naevus,HAM_HAM_0002807,HAM10000,CC-BY-NC-4.0,
fitzpatrick17k_hf/images/img_2442.jpg,naevus,HAM_HAM_0000896,HAM10000,CC-BY-NC-4.0,
fitzpatrick17k_hf/images/img_2443.jpg,naevus,HAM_HAM_0005661,HAM10000,CC-BY-NC-4.0,
fitzpatrick17k_hf/images/img_2444.jpg,naevus,HAM_HAM_0005864,HAM10000,CC-BY-NC-4.0,
fitzpatrick17k_hf/images/img_2445.jpg,naevus,HAM_HAM_0006660,HAM10000,CC-BY-NC-4.0,
fitzpatrick17k_hf/images/img_2446.jpg,naevus,HAM_HAM_0007155,HAM10000,CC-BY-NC-4.0,
fitzpatrick17k_hf/images/img_2447.jpg,naevus,HAM_HAM_0005217,HAM10000,CC-BY-NC-4.0,
fitzpatrick17k_hf/images/img_2448.jpg,naevus,HAM_HAM_0005959,HAM10000,CC-BY-NC-4.0,
fitzpatrick17k_hf/images/img_2449.jpg,naevus,HAM_HAM_0000450,HAM10000,CC-BY-NC-4.0,
fitzpatrick17k_hf/images/img_2450.jpg,naevus,HAM_HAM_0004394,HAM10000,CC-BY-NC-4.0,
fitzpatrick17k_hf/images/img_2451.jpg,naevus,HAM_HAM_0001265,HAM10000,CC-BY-NC-4.0,
fitzpatrick17k_hf/images/img_2452.jpg,naevus,HAM_HAM_0001418,HAM10000,CC-BY-NC-4.0,
fitzpatrick17k_hf/images/img_2453.jpg,naevus,HAM_HAM_0005273,HAM10000,CC-BY-NC-4.0,
fitzpatrick17k_hf/images/img_2454.jpg,naevus,HAM_HAM_0007432,HAM10000,CC-BY-NC-4.0,
fitzpatrick17k_hf/images/img_2455.jpg,naevus,HAM_HAM_0002913,HAM10000,CC-BY-NC-4.0,
fitzpatrick17k_hf/images/img_2456.jpg,naevus,HAM_HAM_0006986,HAM10000,CC-BY-NC-4.0,
fitzpatrick17k_hf/images/img_2457.jpg,naevus,HAM_HAM_0006712,HAM10000,CC-BY-NC-4.0,
fitzpatrick17k_hf/images/img_2458.jpg,naevus,HAM_HAM_0002217,HAM10000,CC-BY-NC-4.0,
fitzpatrick17k_hf/images/img_2459.jpg,naevus,HAM_HAM_0003456,HAM10000,CC-BY-NC-4.0,
fitzpatrick17k_hf/images/img_2460.jpg,naevus,HAM_HAM_0001512,HAM10000,CC-BY-NC-4.0,
fitzpatrick17k_hf/images/img_2461.jpg,naevus,HAM_HAM_0005103,HAM10000,CC-BY-NC-4.0,
fitzpatrick17k_hf/images/img_2462.jpg,naevus,HAM_HAM_0000158,HAM10000,CC-BY-NC-4.0,
fitzpatrick17k_hf/images/img_2463.jpg,naevus,HAM_HAM_0001522,HAM10000,CC-BY-NC-4.0,
fitzpatrick17k_hf/images/img_2464.jpg,naevus,HAM_HAM_0004359,HAM10000,CC-BY-NC-4.0,
fitzpatrick17k_hf/images/img_2465.jpg,naevus,HAM_HAM_0002423,HAM10000,CC-BY-NC-4.0,
fitzpatrick17k_hf/images/img_2466.jpg,naevus,HAM_HAM_0007258,HAM10000,CC-BY-NC-4.0,
fitzpatrick17k_hf/images/img_2467.jpg,naevus,HAM_HAM_0000124,HAM10000,CC-BY-NC-4.0,
fitzpatrick17k_hf/images/img_2468.jpg,naevus,HAM_HAM_0001984,HAM10000,CC-BY-NC-4.0,
fitzpatrick17k_hf/images/img_2469.jpg,naevus,HAM_HAM_0003970,HAM10000,CC-BY-NC-4.0,
fitzpatrick17k_hf/images/img_2470.jpg,naevus,HAM_HAM_0002067,HAM10000,CC-BY-NC-4.0,
fitzpatrick17k_hf/images/img_2471.jpg,naevus,HAM_HAM_0006847,HAM10000,CC-BY-NC-4.0,
fitzpatrick17k_hf/images/img_2472.jpg,naevus,HAM_HAM_0000182,HAM10000,CC-BY-NC-4.0,
fitzpatrick17k_hf/images/img_2473.jpg,naevus,HAM_HAM_0005337,HAM10000,CC-BY-NC-4.0,
fitzpatrick17k_hf/images/img_2474.jpg,naevus,HAM_HAM_0000448,HAM10000,CC-BY-NC-4.0,
fitzpatrick17k_hf/images/img_2475.jpg,naevus,HAM_HAM_0005712,HAM10000,CC-BY-NC-4.0,
fitzpatrick17k_hf/images/img_2476.jpg,naevus,HAM_HAM_0007128,HAM10000,CC-BY-NC-4.0,
fitzpatrick17k_hf/images/img_2477.jpg,naevus,HAM_HAM_0000273,HAM10000,CC-BY-NC-4.0,
fitzpatrick17k_hf/images/img_2478.jpg,naevus,HAM_HAM_0001887,HAM10000,CC-BY-NC-4.0,
fitzpatrick17k_hf/images/img_2479.jpg,naevus,HAM_HAM_0007476,HAM10000,CC-BY-NC-4.0,
fitzpatrick17k_hf/images/img_2480.jpg,naevus,HAM_HAM_0005031,HAM10000,CC-BY-NC-4.0,
fitzpatrick17k_hf/images/img_2481.jpg,naevus,HAM_HAM_0001893,HAM10000,CC-BY-NC-4.0,
fitzpatrick17k_hf/images/img_2482.jpg,naevus,HAM_HAM_0005819,HAM10000,CC-BY-NC-4.0,
fitzpatrick17k_hf/images/img_2483.jpg,naevus,HAM_HAM_0005755,HAM10000,CC-BY-NC-4.0,
fitzpatrick17k_hf/images/img_2484.jpg,naevus,HAM_HAM_0006995,HAM10000,CC-BY-NC-4.0,
fitzpatrick17k_hf/images/img_2485.jpg,naevus,HAM_HAM_0004316,HAM10000,CC-BY-NC-4.0,
fitzpatrick17k_hf/images/img_2486.jpg,naevus,HAM_HAM_0005880,HAM10000,CC-BY-NC-4.0,
fitzpatrick17k_hf/images/img_2487.jpg,naevus,HAM_HAM_0004909,HAM10000,CC-BY-NC-4.0,
fitzpatrick17k_hf/images/img_2488.jpg,naevus,HAM_HAM_0002859,HAM10000,CC-BY-NC-4.0,
fitzpatrick17k_hf/images/img_2489.jpg,naevus,HAM_HAM_0000551,HAM10000,CC-BY-NC-4.0,
fitzpatrick17k_hf/images/img_2490.jpg,naevus,HAM_HAM_0000057,HAM10000,CC-BY-NC-4.0,
fitzpatrick17k_hf/images/img_2491.jpg,naevus,HAM_HAM_0001126,HAM10000,CC-BY-NC-4.0,
fitzpatrick17k_hf/images/img_2492.jpg,naevus,HAM_HAM_0004484,HAM10000,CC-BY-NC-4.0,
fitzpatrick17k_hf/images/img_2493.jpg,naevus,HAM_HAM_0006338,HAM10000,CC-BY-NC-4.0,
fitzpatrick17k_hf/images/img_2494.jpg,naevus,HAM_HAM_0002953,HAM10000,CC-BY-NC-4.0,
fitzpatrick17k_hf/images/img_2495.jpg,naevus,HAM_HAM_0006826,HAM10000,CC-BY-NC-4.0,
fitzpatrick17k_hf/images/img_2496.jpg,naevus,HAM_HAM_0005319,HAM10000,CC-BY-NC-4.0,
fitzpatrick17k_hf/images/img_2497.jpg,naevus,HAM_HAM_0000357,HAM10000,CC-BY-NC-4.0,
fitzpatrick17k_hf/images/img_2498.jpg,naevus,HAM_HAM_0000530,HAM10000,CC-BY-NC-4.0,
fitzpatrick17k_hf/images/img_2499.jpg,naevus,HAM_HAM_0004152,HAM10000,CC-BY-NC-4.0,
fitzpatrick17k_hf/images/img_2500.jpg,naevus,HAM_HAM_0002174,HAM10000,CC-BY-NC-4.0,
fitzpatrick17k_hf/images/img_2501.jpg,naevus,HAM_HAM_0007584,HAM10000,CC-BY-NC-4.0,
fitzpatrick17k_hf/images/img_2502.jpg,naevus,HAM_HAM_0006599,HAM10000,CC-BY-NC-4.0,
fitzpatrick17k_hf/images/img_2503.jpg,naevus,HAM_HAM_0004163,HAM10000,CC-BY-NC-4.0,
fitzpatrick17k_hf/images/img_2504.jpg,naevus,HAM_HAM_0000561,HAM10000,CC-BY-NC-4.0,
fitzpatrick17k_hf/images/img_2505.jpg,naevus,HAM_HAM_0000228,HAM10000,CC-BY-NC-4.0,
fitzpatrick17k_hf/images/img_2506.jpg,naevus,HAM_HAM_0004425,HAM10000,CC-BY-NC-4.0,
fitzpatrick17k_hf/images/img_2507.jpg,naevus,HAM_HAM_0002511,HAM10000,CC-BY-NC-4.0,
fitzpatrick17k_hf/images/img_2508.jpg,naevus,HAM_HAM_0000904,HAM10000,CC-BY-NC-4.0,
fitzpatrick17k_hf/images/img_2509.jpg,naevus,HAM_HAM_0003482,HAM10000,CC-BY-NC-4.0,
fitzpatrick17k_hf/images/img_2510.jpg,naevus,HAM_HAM_0007309,HAM10000,CC-BY-NC-4.0,
fitzpatrick17k_hf/images/img_2511.jpg,naevus,HAM_HAM_0000044,HAM10000,CC-BY-NC-4.0,
fitzpatrick17k_hf/images/img_2512.jpg,naevus,HAM_HAM_0002106,HAM10000,CC-BY-NC-4.0,
fitzpatrick17k_hf/images/img_2513.jpg,naevus,HAM_HAM_0007300,HAM10000,CC-BY-NC-4.0,
fitzpatrick17k_hf/images/img_2514.jpg,naevus,HAM_HAM_0000283,HAM10000,CC-BY-NC-4.0,
fitzpatrick17k_hf/images/img_2515.jpg,naevus,HAM_HAM_0000268,HAM10000,CC-BY-NC-4.0,
fitzpatrick17k_hf/images/img_2516.jpg,naevus,HAM_HAM_0006715,HAM10000,CC-BY-NC-4.0,
fitzpatrick17k_hf/images/img_2517.jpg,naevus,HAM_HAM_0003353,HAM10000,CC-BY-NC-4.0,
fitzpatrick17k_hf/images/img_2518.jpg,naevus,HAM_HAM_0002320,HAM10000,CC-BY-NC-4.0,
fitzpatrick17k_hf/images/img_2519.jpg,naevus,HAM_HAM_0005405,HAM10000,CC-BY-NC-4.0,
fitzpatrick17k_hf/images/img_2520.jpg,naevus,HAM_HAM_0003033,HAM10000,CC-BY-NC-4.0,
fitzpatrick17k_hf/images/img_2521.jpg,naevus,HAM_HAM_0005285,HAM10000,CC-BY-NC-4.0,
fitzpatrick17k_hf/images/img_2522.jpg,naevus,HAM_HAM_0003035,HAM10000,CC-BY-NC-4.0,
fitzpatrick17k_hf/images/img_2523.jpg,naevus,HAM_HAM_0002025,HAM10000,CC-BY-NC-4.0,
fitzpatrick17k_hf/images/img_2524.jpg,naevus,HAM_HAM_0003113,HAM10000,CC-BY-NC-4.0,
fitzpatrick17k_hf/images/img_2525.jpg,naevus,HAM_HAM_0005666,HAM10000,CC-BY-NC-4.0,
fitzpatrick17k_hf/images/img_2526.jpg,naevus,HAM_HAM_0003305,HAM10000,CC-BY-NC-4.0,
fitzpatrick17k_hf/images/img_2527.jpg,naevus,HAM_HAM_0000376,HAM10000,CC-BY-NC-4.0,
fitzpatrick17k_hf/images/img_2528.jpg,naevus,HAM_HAM_0000817,HAM10000,CC-BY-NC-4.0,
fitzpatrick17k_hf/images/img_2529.jpg,naevus,HAM_HAM_0002124,HAM10000,CC-BY-NC-4.0,
fitzpatrick17k_hf/images/img_2530.jpg,naevus,HAM_HAM_0002864,HAM10000,CC-BY-NC-4.0,
fitzpatrick17k_hf/images/img_2531.jpg,naevus,HAM_HAM_0001248,HAM10000,CC-BY-NC-4.0,
fitzpatrick17k_hf/images/img_2532.jpg,naevus,HAM_HAM_0005762,HAM10000,CC-BY-NC-4.0,
fitzpatrick17k_hf/images/img_2533.jpg,naevus,HAM_HAM_0001347,HAM10000,CC-BY-NC-4.0,
fitzpatrick17k_hf/images/img_2534.jpg,naevus,HAM_HAM_0006383,HAM10000,CC-BY-NC-4.0,
fitzpatrick17k_hf/images/img_2535.jpg,naevus,HAM_HAM_0007178,HAM10000,CC-BY-NC-4.0,
fitzpatrick17k_hf/images/img_2536.jpg,naevus,HAM_HAM_0006971,HAM10000,CC-BY-NC-4.0,
fitzpatrick17k_hf/images/img_2537.jpg,naevus,HAM_HAM_0002586,HAM10000,CC-BY-NC-4.0,
fitzpatrick17k_hf/images/img_2538.jpg,naevus,HAM_HAM_0004335,HAM10000,CC-BY-NC-4.0,
fitzpatrick17k_hf/images/img_2539.jpg,naevus,HAM_HAM_0007185,HAM10000,CC-BY-NC-4.0,
fitzpatrick17k_hf/images/img_2540.jpg,naevus,HAM_HAM_0006096,HAM10000,CC-BY-NC-4.0,
fitzpatrick17k_hf/images/img_2541.jpg,naevus,HAM_HAM_0001341,HAM10000,CC-BY-NC-4.0,
fitzpatrick17k_hf/images/img_2542.jpg,naevus,HAM_HAM_0004982,HAM10000,CC-BY-NC-4.0,
fitzpatrick17k_hf/images/img_2543.jpg,naevus,HAM_HAM_0006469,HAM10000,CC-BY-NC-4.0,
fitzpatrick17k_hf/images/img_2544.jpg,naevus,HAM_HAM_0005512,HAM10000,CC-BY-NC-4.0,
fitzpatrick17k_hf/images/img_2545.jpg,naevus,HAM_HAM_0006408,HAM10000,CC-BY-NC-4.0,
fitzpatrick17k_hf/images/img_2546.jpg,naevus,HAM_HAM_0002388,HAM10000,CC-BY-NC-4.0,
fitzpatrick17k_hf/images/img_2547.jpg,naevus,HAM_HAM_0000377,HAM10000,CC-BY-NC-4.0,
fitzpatrick17k_hf/images/img_2548.jpg,naevus,HAM_HAM_0007039,HAM10000,CC-BY-NC-4.0,
fitzpatrick17k_hf/images/img_2549.jpg,naevus,HAM_HAM_0004048,HAM10000,CC-BY-NC-4.0,
fitzpatrick17k_hf/images/img_2550.jpg,naevus,HAM_HAM_0000919,HAM10000,CC-BY-NC-4.0,
fitzpatrick17k_hf/images/img_2551.jpg,naevus,HAM_HAM_0007204,HAM10000,CC-BY-NC-4.0,
fitzpatrick17k_hf/images/img_2552.jpg,naevus,HAM_HAM_0004395,HAM10000,CC-BY-NC-4.0,
fitzpatrick17k_hf/images/img_2553.jpg,naevus,HAM_HAM_0000397,HAM10000,CC-BY-NC-4.0,
fitzpatrick17k_hf/images/img_2554.jpg,naevus,HAM_HAM_0006478,HAM10000,CC-BY-NC-4.0,
fitzpatrick17k_hf/images/img_2555.jpg,naevus,HAM_HAM_0003245,HAM10000,CC-BY-NC-4.0,
fitzpatrick17k_hf/images/img_2556.jpg,naevus,HAM_HAM_0003474,HAM10000,CC-BY-NC-4.0,
fitzpatrick17k_hf/images/img_2557.jpg,naevus,HAM_HAM_0003150,HAM10000,CC-BY-NC-4.0,
fitzpatrick17k_hf/images/img_2558.jpg,naevus,HAM_HAM_0004356,HAM10000,CC-BY-NC-4.0,
fitzpatrick17k_hf/images/img_2559.jpg,naevus,HAM_HAM_0006495,HAM10000,CC-BY-NC-4.0,
fitzpatrick17k_hf/images/img_2560.jpg,naevus,HAM_HAM_0007549,HAM10000,CC-BY-NC-4.0,
fitzpatrick17k_hf/images/img_2561.jpg,naevus,HAM_HAM_0001664,HAM10000,CC-BY-NC-4.0,
fitzpatrick17k_hf/images/img_2562.jpg,naevus,HAM_HAM_0003093,HAM10000,CC-BY-NC-4.0,
fitzpatrick17k_hf/images/img_2563.jpg,naevus,HAM_HAM_0006638,HAM10000,CC-BY-NC-4.0,
fitzpatrick17k_hf/images/img_2564.jpg,naevus,HAM_HAM_0002294,HAM10000,CC-BY-NC-4.0,
fitzpatrick17k_hf/images/img_2565.jpg,naevus,HAM_HAM_0000572,HAM10000,CC-BY-NC-4.0,
fitzpatrick17k_hf/images/img_2566.jpg,naevus,HAM_HAM_0000284,HAM10000,CC-BY-NC-4.0,
fitzpatrick17k_hf/images/img_2567.jpg,naevus,HAM_HAM_0004919,HAM10000,CC-BY-NC-4.0,
fitzpatrick17k_hf/images/img_2568.jpg,naevus,HAM_HAM_0004717,HAM10000,CC-BY-NC-4.0,
fitzpatrick17k_hf/images/img_2569.jpg,naevus,HAM_HAM_0004892,HAM10000,CC-BY-NC-4.0,
fitzpatrick17k_hf/images/img_2570.jpg,naevus,HAM_HAM_0001966,HAM10000,CC-BY-NC-4.0,
fitzpatrick17k_hf/images/img_2571.jpg,naevus,HAM_HAM_0001817,HAM10000,CC-BY-NC-4.0,
fitzpatrick17k_hf/images/img_2572.jpg,naevus,HAM_HAM_0003588,HAM10000,CC-BY-NC-4.0,
fitzpatrick17k_hf/images/img_2573.jpg,naevus,HAM_HAM_0003718,HAM10000,CC-BY-NC-4.0,
fitzpatrick17k_hf/images/img_2574.jpg,naevus,HAM_HAM_0004262,HAM10000,CC-BY-NC-4.0,
fitzpatrick17k_hf/images/img_2575.jpg,naevus,HAM_HAM_0001701,HAM10000,CC-BY-NC-4.0,
fitzpatrick17k_hf/images/img_2576.jpg,naevus,HAM_HAM_0003462,HAM10000,CC-BY-NC-4.0,
fitzpatrick17k_hf/images/img_2577.jpg,naevus,HAM_HAM_0002348,HAM10000,CC-BY-NC-4.0,
fitzpatrick17k_hf/images/img_2578.jpg,naevus,HAM_HAM_0002710,HAM10000,CC-BY-NC-4.0,
fitzpatrick17k_hf/images/img_2579.jpg,naevus,HAM_HAM_0002747,HAM10000,CC-BY-NC-4.0,
fitzpatrick17k_hf/images/img_2580.jpg,naevus,HAM_HAM_0001933,HAM10000,CC-BY-NC-4.0,
fitzpatrick17k_hf/images/img_2581.jpg,naevus,HAM_HAM_0004020,HAM10000,CC-BY-NC-4.0,
fitzpatrick17k_hf/images/img_2582.jpg,naevus,HAM_HAM_0001042,HAM10000,CC-BY-NC-4.0,
fitzpatrick17k_hf/images/img_2583.jpg,naevus,HAM_HAM_0000956,HAM10000,CC-BY-NC-4.0,
fitzpatrick17k_hf/images/img_2584.jpg,naevus,HAM_HAM_0007239,HAM10000,CC-BY-NC-4.0,
fitzpatrick17k_hf/images/img_2585.jpg,naevus,HAM_HAM_0005365,HAM10000,CC-BY-NC-4.0,
fitzpatrick17k_hf/images/img_2586.jpg,naevus,HAM_HAM_0006914,HAM10000,CC-BY-NC-4.0,
fitzpatrick17k_hf/images/img_2587.jpg,naevus,HAM_HAM_0007142,HAM10000,CC-BY-NC-4.0,
fitzpatrick17k_hf/images/img_2588.jpg,naevus,HAM_HAM_0006774,HAM10000,CC-BY-NC-4.0,
fitzpatrick17k_hf/images/img_2589.jpg,naevus,HAM_HAM_0000639,HAM10000,CC-BY-NC-4.0,
fitzpatrick17k_hf/images/img_2590.jpg,naevus,HAM_HAM_0006519,HAM10000,CC-BY-NC-4.0,
fitzpatrick17k_hf/images/img_2591.jpg,naevus,HAM_HAM_0003306,HAM10000,CC-BY-NC-4.0,
fitzpatrick17k_hf/images/img_2592.jpg,naevus,HAM_HAM_0002796,HAM10000,CC-BY-NC-4.0,
fitzpatrick17k_hf/images/img_2593.jpg,naevus,HAM_HAM_0005879,HAM10000,CC-BY-NC-4.0,
fitzpatrick17k_hf/images/img_2594.jpg,naevus,HAM_HAM_0003705,HAM10000,CC-BY-NC-4.0,
fitzpatrick17k_hf/images/img_2595.jpg,naevus,HAM_HAM_0000626,HAM10000,CC-BY-NC-4.0,
fitzpatrick17k_hf/images/img_2596.jpg,naevus,HAM_HAM_0004155,HAM10000,CC-BY-NC-4.0,
fitzpatrick17k_hf/images/img_2597.jpg,naevus,HAM_HAM_0004764,HAM10000,CC-BY-NC-4.0,
fitzpatrick17k_hf/images/img_2598.jpg,naevus,HAM_HAM_0004915,HAM10000,CC-BY-NC-4.0,
fitzpatrick17k_hf/images/img_2599.jpg,naevus,HAM_HAM_0004840,HAM10000,CC-BY-NC-4.0,
fitzpatrick17k_hf/images/img_2600.jpg,naevus,HAM_HAM_0001504,HAM10000,CC-BY-NC-4.0,
fitzpatrick17k_hf/images/img_2601.jpg,naevus,HAM_HAM_0002795,HAM10000,CC-BY-NC-4.0,
fitzpatrick17k_hf/images/img_2602.jpg,naevus,HAM_HAM_0000756,HAM10000,CC-BY-NC-4.0,
fitzpatrick17k_hf/images/img_2603.jpg,naevus,HAM_HAM_0001583,HAM10000,CC-BY-NC-4.0,
fitzpatrick17k_hf/images/img_2604.jpg,naevus,HAM_HAM_0007416,HAM10000,CC-BY-NC-4.0,
fitzpatrick17k_hf/images/img_2605.jpg,naevus,HAM_HAM_0003923,HAM10000,CC-BY-NC-4.0,
fitzpatrick17k_hf/images/img_2606.jpg,naevus,HAM_HAM_0004693,HAM10000,CC-BY-NC-4.0,
fitzpatrick17k_hf/images/img_2607.jpg,naevus,HAM_HAM_0004965,HAM10000,CC-BY-NC-4.0,
fitzpatrick17k_hf/images/img_2608.jpg,naevus,HAM_HAM_0007595,HAM10000,CC-BY-NC-4.0,
fitzpatrick17k_hf/images/img_2609.jpg,naevus,HAM_HAM_0006110,HAM10000,CC-BY-NC-4.0,
fitzpatrick17k_hf/images/img_2610.jpg,naevus,HAM_HAM_0001340,HAM10000,CC-BY-NC-4.0,
fitzpatrick17k_hf/images/img_2611.jpg,naevus,HAM_HAM_0003616,HAM10000,CC-BY-NC-4.0,
fitzpatrick17k_hf/images/img_2612.jpg,naevus,HAM_HAM_0000885,HAM10000,CC-BY-NC-4.0,
fitzpatrick17k_hf/images/img_2613.jpg,naevus,HAM_HAM_0006015,HAM10000,CC-BY-NC-4.0,
fitzpatrick17k_hf/images/img_2614.jpg,naevus,HAM_HAM_0001230,HAM10000,CC-BY-NC-4.0,
fitzpatrick17k_hf/images/img_2615.jpg,naevus,HAM_HAM_0006862,HAM10000,CC-BY-NC-4.0,
fitzpatrick17k_hf/images/img_2616.jpg,naevus,HAM_HAM_0002815,HAM10000,CC-BY-NC-4.0,
fitzpatrick17k_hf/images/img_2617.jpg,naevus,HAM_HAM_0006221,HAM10000,CC-BY-NC-4.0,
fitzpatrick17k_hf/images/img_2618.jpg,naevus,HAM_HAM_0007149,HAM10000,CC-BY-NC-4.0,
fitzpatrick17k_hf/images/img_2619.jpg,naevus,HAM_HAM_0001492,HAM10000,CC-BY-NC-4.0,
fitzpatrick17k_hf/images/img_2620.jpg,naevus,HAM_HAM_0005271,HAM10000,CC-BY-NC-4.0,
fitzpatrick17k_hf/images/img_2621.jpg,naevus,HAM_HAM_0002362,HAM10000,CC-BY-NC-4.0,
fitzpatrick17k_hf/images/img_2622.jpg,naevus,HAM_HAM_0001821,HAM10000,CC-BY-NC-4.0,
fitzpatrick17k_hf/images/img_2623.jpg,naevus,HAM_HAM_0003937,HAM10000,CC-BY-NC-4.0,
fitzpatrick17k_hf/images/img_2624.jpg,naevus,HAM_HAM_0005017,HAM10000,CC-BY-NC-4.0,
fitzpatrick17k_hf/images/img_2625.jpg,naevus,HAM_HAM_0001594,HAM10000,CC-BY-NC-4.0,
fitzpatrick17k_hf/images/img_2626.jpg,naevus,HAM_HAM_0007084,HAM10000,CC-BY-NC-4.0,
fitzpatrick17k_hf/images/img_2627.jpg,naevus,HAM_HAM_0006653,HAM10000,CC-BY-NC-4.0,
fitzpatrick17k_hf/images/img_2628.jpg,naevus,HAM_HAM_0002798,HAM10000,CC-BY-NC-4.0,
fitzpatrick17k_hf/images/img_2629.jpg,naevus,HAM_HAM_0002561,HAM10000,CC-BY-NC-4.0,
fitzpatrick17k_hf/images/img_2630.jpg,naevus,HAM_HAM_0001971,HAM10000,CC-BY-NC-4.0,
fitzpatrick17k_hf/images/img_2631.jpg,naevus,HAM_HAM_0004834,HAM10000,CC-BY-NC-4.0,
fitzpatrick17k_hf/images/img_2632.jpg,naevus,HAM_HAM_0001056,HAM10000,CC-BY-NC-4.0,
fitzpatrick17k_hf/images/img_2633.jpg,naevus,HAM_HAM_0001261,HAM10000,CC-BY-NC-4.0,
fitzpatrick17k_hf/images/img_2634.jpg,naevus,HAM_HAM_0007515,HAM10000,CC-BY-NC-4.0,
fitzpatrick17k_hf/images/img_2635.jpg,naevus,HAM_HAM_0007356,HAM10000,CC-BY-NC-4.0,
fitzpatrick17k_hf/images/img_2636.jpg,naevus,HAM_HAM_0002925,HAM10000,CC-BY-NC-4.0,
fitzpatrick17k_hf/images/img_2637.jpg,naevus,HAM_HAM_0006968,HAM10000,CC-BY-NC-4.0,
fitzpatrick17k_hf/images/img_2638.jpg,naevus,HAM_HAM_0006352,HAM10000,CC-BY-NC-4.0,
fitzpatrick17k_hf/images/img_2639.jpg,naevus,HAM_HAM_0005293,HAM10000,CC-BY-NC-4.0,
fitzpatrick17k_hf/images/img_2640.jpg,naevus,HAM_HAM_0000937,HAM10000,CC-BY-NC-4.0,
fitzpatrick17k_hf/images/img_2641.jpg,naevus,HAM_HAM_0000000,HAM10000,CC-BY-NC-4.0,
fitzpatrick17k_hf/images/img_2642.jpg,naevus,HAM_HAM_0003776,HAM10000,CC-BY-NC-4.0,
fitzpatrick17k_hf/images/img_2643.jpg,naevus,HAM_HAM_0002688,HAM10000,CC-BY-NC-4.0,
fitzpatrick17k_hf/images/img_2644.jpg,naevus,HAM_HAM_0006139,HAM10000,CC-BY-NC-4.0,
fitzpatrick17k_hf/images/img_2645.jpg,naevus,HAM_HAM_0005159,HAM10000,CC-BY-NC-4.0,
fitzpatrick17k_hf/images/img_2646.jpg,naevus,HAM_HAM_0003148,HAM10000,CC-BY-NC-4.0,
fitzpatrick17k_hf/images/img_2647.jpg,naevus,HAM_HAM_0000126,HAM10000,CC-BY-NC-4.0,
fitzpatrick17k_hf/images/img_2648.jpg,naevus,HAM_HAM_0003027,HAM10000,CC-BY-NC-4.0,
fitzpatrick17k_hf/images/img_2649.jpg,naevus,HAM_HAM_0005320,HAM10000,CC-BY-NC-4.0,
fitzpatrick17k_hf/images/img_2650.jpg,naevus,HAM_HAM_0005118,HAM10000,CC-BY-NC-4.0,
fitzpatrick17k_hf/images/img_2651.jpg,naevus,HAM_HAM_0004517,HAM10000,CC-BY-NC-4.0,
fitzpatrick17k_hf/images/img_2652.jpg,naevus,HAM_HAM_0002006,HAM10000,CC-BY-NC-4.0,
fitzpatrick17k_hf/images/img_2653.jpg,naevus,HAM_HAM_0004901,HAM10000,CC-BY-NC-4.0,
fitzpatrick17k_hf/images/img_2654.jpg,naevus,HAM_HAM_0000692,HAM10000,CC-BY-NC-4.0,
fitzpatrick17k_hf/images/img_2655.jpg,naevus,HAM_HAM_0000532,HAM10000,CC-BY-NC-4.0,
fitzpatrick17k_hf/images/img_2656.jpg,naevus,HAM_HAM_0005859,HAM10000,CC-BY-NC-4.0,
fitzpatrick17k_hf/images/img_2657.jpg,naevus,HAM_HAM_0004896,HAM10000,CC-BY-NC-4.0,
fitzpatrick17k_hf/images/img_2658.jpg,naevus,HAM_HAM_0004869,HAM10000,CC-BY-NC-4.0,
fitzpatrick17k_hf/images/img_2659.jpg,naevus,HAM_HAM_0002272,HAM10000,CC-BY-NC-4.0,
fitzpatrick17k_hf/images/img_2660.jpg,naevus,HAM_HAM_0006120,HAM10000,CC-BY-NC-4.0,
fitzpatrick17k_hf/images/img_2661.jpg,naevus,HAM_HAM_0007600,HAM10000,CC-BY-NC-4.0,
fitzpatrick17k_hf/images/img_2662.jpg,naevus,HAM_HAM_0007211,HAM10000,CC-BY-NC-4.0,
fitzpatrick17k_hf/images/img_2663.jpg,naevus,HAM_HAM_0000587,HAM10000,CC-BY-NC-4.0,
fitzpatrick17k_hf/images/img_2664.jpg,naevus,HAM_HAM_0002967,HAM10000,CC-BY-NC-4.0,
fitzpatrick17k_hf/images/img_2665.jpg,naevus,HAM_HAM_0002324,HAM10000,CC-BY-NC-4.0,
fitzpatrick17k_hf/images/img_2666.jpg,naevus,HAM_HAM_0003793,HAM10000,CC-BY-NC-4.0,
fitzpatrick17k_hf/images/img_2667.jpg,naevus,HAM_HAM_0002623,HAM10000,CC-BY-NC-4.0,
fitzpatrick17k_hf/images/img_2668.jpg,naevus,HAM_HAM_0000596,HAM10000,CC-BY-NC-4.0,
fitzpatrick17k_hf/images/img_2669.jpg,naevus,HAM_HAM_0003686,HAM10000,CC-BY-NC-4.0,
fitzpatrick17k_hf/images/img_2670.jpg,naevus,HAM_HAM_0001631,HAM10000,CC-BY-NC-4.0,
fitzpatrick17k_hf/images/img_2671.jpg,naevus,HAM_HAM_0004358,HAM10000,CC-BY-NC-4.0,
fitzpatrick17k_hf/images/img_2672.jpg,naevus,HAM_HAM_0000371,HAM10000,CC-BY-NC-4.0,
fitzpatrick17k_hf/images/img_2673.jpg,naevus,HAM_HAM_0000019,HAM10000,CC-BY-NC-4.0,
fitzpatrick17k_hf/images/img_2674.jpg,naevus,HAM_HAM_0004402,HAM10000,CC-BY-NC-4.0,
fitzpatrick17k_hf/images/img_2675.jpg,naevus,HAM_HAM_0007193,HAM10000,CC-BY-NC-4.0,
fitzpatrick17k_hf/images/img_2676.jpg,naevus,HAM_HAM_0001992,HAM10000,CC-BY-NC-4.0,
fitzpatrick17k_hf/images/img_2677.jpg,naevus,HAM_HAM_0005173,HAM10000,CC-BY-NC-4.0,
fitzpatrick17k_hf/images/img_2678.jpg,naevus,HAM_HAM_0000842,HAM10000,CC-BY-NC-4.0,
fitzpatrick17k_hf/images/img_2679.jpg,naevus,HAM_HAM_0002703,HAM10000,CC-BY-NC-4.0,
fitzpatrick17k_hf/images/img_2680.jpg,naevus,HAM_HAM_0003589,HAM10000,CC-BY-NC-4.0,
fitzpatrick17k_hf/images/img_2681.jpg,naevus,HAM_HAM_0000251,HAM10000,CC-BY-NC-4.0,
fitzpatrick17k_hf/images/img_2682.jpg,naevus,HAM_HAM_0007279,HAM10000,CC-BY-NC-4.0,
fitzpatrick17k_hf/images/img_2683.jpg,naevus,HAM_HAM_0002073,HAM10000,CC-BY-NC-4.0,
fitzpatrick17k_hf/images/img_2684.jpg,naevus,HAM_HAM_0002226,HAM10000,CC-BY-NC-4.0,
fitzpatrick17k_hf/images/img_2685.jpg,naevus,HAM_HAM_0000469,HAM10000,CC-BY-NC-4.0,
fitzpatrick17k_hf/images/img_2686.jpg,naevus,HAM_HAM_0005541,HAM10000,CC-BY-NC-4.0,
fitzpatrick17k_hf/images/img_2687.jpg,naevus,HAM_HAM_0005110,HAM10000,CC-BY-NC-4.0,
fitzpatrick17k_hf/images/img_2688.jpg,naevus,HAM_HAM_0005683,HAM10000,CC-BY-NC-4.0,
fitzpatrick17k_hf/images/img_2689.jpg,naevus,HAM_HAM_0006571,HAM10000,CC-BY-NC-4.0,
fitzpatrick17k_hf/images/img_2690.jpg,naevus,HAM_HAM_0007537,HAM10000,CC-BY-NC-4.0,
fitzpatrick17k_hf/images/img_2691.jpg,naevus,HAM_HAM_0000395,HAM10000,CC-BY-NC-4.0,
fitzpatrick17k_hf/images/img_2692.jpg,naevus,HAM_HAM_0002572,HAM10000,CC-BY-NC-4.0,
fitzpatrick17k_hf/images/img_2693.jpg,naevus,HAM_HAM_0002229,HAM10000,CC-BY-NC-4.0,
fitzpatrick17k_hf/images/img_2694.jpg,naevus,HAM_HAM_0006464,HAM10000,CC-BY-NC-4.0,
fitzpatrick17k_hf/images/img_2695.jpg,naevus,HAM_HAM_0006677,HAM10000,CC-BY-NC-4.0,
fitzpatrick17k_hf/images/img_2696.jpg,naevus,HAM_HAM_0005339,HAM10000,CC-BY-NC-4.0,
fitzpatrick17k_hf/images/img_2697.jpg,naevus,HAM_HAM_0007547,HAM10000,CC-BY-NC-4.0,
fitzpatrick17k_hf/images/img_2698.jpg,naevus,HAM_HAM_0002972,HAM10000,CC-BY-NC-4.0,
fitzpatrick17k_hf/images/img_2699.jpg,naevus,HAM_HAM_0006920,HAM10000,CC-BY-NC-4.0,
fitzpatrick17k_hf/images/img_2700.jpg,naevus,HAM_HAM_0002619,HAM10000,CC-BY-NC-4.0,
fitzpatrick17k_hf/images/img_2701.jpg,naevus,HAM_HAM_0002556,HAM10000,CC-BY-NC-4.0,
fitzpatrick17k_hf/images/img_2702.jpg,naevus,HAM_HAM_0007273,HAM10000,CC-BY-NC-4.0,
fitzpatrick17k_hf/images/img_2703.jpg,naevus,HAM_HAM_0003697,HAM10000,CC-BY-NC-4.0,
fitzpatrick17k_hf/images/img_2704.jpg,naevus,HAM_HAM_0007403,HAM10000,CC-BY-NC-4.0,
fitzpatrick17k_hf/images/img_2705.jpg,naevus,HAM_HAM_0001198,HAM10000,CC-BY-NC-4.0,
fitzpatrick17k_hf/images/img_2706.jpg,naevus,HAM_HAM_0002652,HAM10000,CC-BY-NC-4.0,
fitzpatrick17k_hf/images/img_2707.jpg,naevus,HAM_HAM_0002497,HAM10000,CC-BY-NC-4.0,
fitzpatrick17k_hf/images/img_2708.jpg,naevus,HAM_HAM_0000427,HAM10000,CC-BY-NC-4.0,
fitzpatrick17k_hf/images/img_2709.jpg,naevus,HAM_HAM_0007536,HAM10000,CC-BY-NC-4.0,
fitzpatrick17k_hf/images/img_2710.jpg,naevus,HAM_HAM_0002364,HAM10000,CC-BY-NC-4.0,
fitzpatrick17k_hf/images/img_2711.jpg,naevus,HAM_HAM_0003248,HAM10000,CC-BY-NC-4.0,
fitzpatrick17k_hf/images/img_2712.jpg,naevus,HAM_HAM_0003733,HAM10000,CC-BY-NC-4.0,
fitzpatrick17k_hf/images/img_2713.jpg,naevus,HAM_HAM_0004482,HAM10000,CC-BY-NC-4.0,
fitzpatrick17k_hf/images/img_2714.jpg,naevus,HAM_HAM_0006187,HAM10000,CC-BY-NC-4.0,
fitzpatrick17k_hf/images/img_2715.jpg,naevus,HAM_HAM_0002504,HAM10000,CC-BY-NC-4.0,
fitzpatrick17k_hf/images/img_2716.jpg,naevus,HAM_HAM_0003158,HAM10000,CC-BY-NC-4.0,
fitzpatrick17k_hf/images/img_2717.jpg,naevus,HAM_HAM_0002108,HAM10000,CC-BY-NC-4.0,
fitzpatrick17k_hf/images/img_2718.jpg,naevus,HAM_HAM_0001604,HAM10000,CC-BY-NC-4.0,
fitzpatrick17k_hf/images/img_2719.jpg,naevus,HAM_HAM_0002727,HAM10000,CC-BY-NC-4.0,
fitzpatrick17k_hf/images/img_2720.jpg,naevus,HAM_HAM_0006820,HAM10000,CC-BY-NC-4.0,
fitzpatrick17k_hf/images/img_2721.jpg,naevus,HAM_HAM_0000852,HAM10000,CC-BY-NC-4.0,
fitzpatrick17k_hf/images/img_2722.jpg,naevus,HAM_HAM_0000367,HAM10000,CC-BY-NC-4.0,
fitzpatrick17k_hf/images/img_2723.jpg,naevus,HAM_HAM_0007075,HAM10000,CC-BY-NC-4.0,
fitzpatrick17k_hf/images/img_2724.jpg,naevus,HAM_HAM_0006704,HAM10000,CC-BY-NC-4.0,
fitzpatrick17k_hf/images/img_2725.jpg,naevus,HAM_HAM_0001939,HAM10000,CC-BY-NC-4.0,
fitzpatrick17k_hf/images/img_2726.jpg,naevus,HAM_HAM_0005319,HAM10000,CC-BY-NC-4.0,
fitzpatrick17k_hf/images/img_2727.jpg,naevus,HAM_HAM_0002726,HAM10000,CC-BY-NC-4.0,
fitzpatrick17k_hf/images/img_2728.jpg,naevus,HAM_HAM_0004271,HAM10000,CC-BY-NC-4.0,
fitzpatrick17k_hf/images/img_2729.jpg,naevus,HAM_HAM_0003196,HAM10000,CC-BY-NC-4.0,
fitzpatrick17k_hf/images/img_2730.jpg,naevus,HAM_HAM_0006052,HAM10000,CC-BY-NC-4.0,
fitzpatrick17k_hf/images/img_2731.jpg,naevus,HAM_HAM_0003125,HAM10000,CC-BY-NC-4.0,
fitzpatrick17k_hf/images/img_2732.jpg,naevus,HAM_HAM_0005499,HAM10000,CC-BY-NC-4.0,
fitzpatrick17k_hf/images/img_2733.jpg,naevus,HAM_HAM_0005220,HAM10000,CC-BY-NC-4.0,
fitzpatrick17k_hf/images/img_2734.jpg,naevus,HAM_HAM_0006990,HAM10000,CC-BY-NC-4.0,
fitzpatrick17k_hf/images/img_2735.jpg,naevus,HAM_HAM_0001909,HAM10000,CC-BY-NC-4.0,
fitzpatrick17k_hf/images/img_2736.jpg,naevus,HAM_HAM_0000328,HAM10000,CC-BY-NC-4.0,
fitzpatrick17k_hf/images/img_2737.jpg,naevus,HAM_HAM_0007170,HAM10000,CC-BY-NC-4.0,
fitzpatrick17k_hf/images/img_2738.jpg,naevus,HAM_HAM_0006784,HAM10000,CC-BY-NC-4.0,
fitzpatrick17k_hf/images/img_2739.jpg,naevus,HAM_HAM_0005690,HAM10000,CC-BY-NC-4.0,
fitzpatrick17k_hf/images/img_2740.jpg,naevus,HAM_HAM_0002295,HAM10000,CC-BY-NC-4.0,
fitzpatrick17k_hf/images/img_2741.jpg,naevus,HAM_HAM_0001840,HAM10000,CC-BY-NC-4.0,
fitzpatrick17k_hf/images/img_2742.jpg,naevus,HAM_HAM_0006608,HAM10000,CC-BY-NC-4.0,
fitzpatrick17k_hf/images/img_2743.jpg,naevus,HAM_HAM_0005631,HAM10000,CC-BY-NC-4.0,
fitzpatrick17k_hf/images/img_2744.jpg,naevus,HAM_HAM_0000614,HAM10000,CC-BY-NC-4.0,
fitzpatrick17k_hf/images/img_2745.jpg,naevus,HAM_HAM_0000677,HAM10000,CC-BY-NC-4.0,
fitzpatrick17k_hf/images/img_2746.jpg,naevus,HAM_HAM_0001275,HAM10000,CC-BY-NC-4.0,
fitzpatrick17k_hf/images/img_2747.jpg,naevus,HAM_HAM_0002996,HAM10000,CC-BY-NC-4.0,
fitzpatrick17k_hf/images/img_2748.jpg,naevus,HAM_HAM_0007006,HAM10000,CC-BY-NC-4.0,
fitzpatrick17k_hf/images/img_2749.jpg,naevus,HAM_HAM_0003518,HAM10000,CC-BY-NC-4.0,
fitzpatrick17k_hf/images/img_2750.jpg,naevus,HAM_HAM_0005696,HAM10000,CC-BY-NC-4.0,
fitzpatrick17k_hf/images/img_2751.jpg,naevus,HAM_HAM_0003483,HAM10000,CC-BY-NC-4.0,
fitzpatrick17k_hf/images/img_2752.jpg,naevus,HAM_HAM_0002125,HAM10000,CC-BY-NC-4.0,
fitzpatrick17k_hf/images/img_2753.jpg,naevus,HAM_HAM_0005423,HAM10000,CC-BY-NC-4.0,
fitzpatrick17k_hf/images/img_2754.jpg,naevus,HAM_HAM_0000836,HAM10000,CC-BY-NC-4.0,
fitzpatrick17k_hf/images/img_2755.jpg,naevus,HAM_HAM_0005393,HAM10000,CC-BY-NC-4.0,
fitzpatrick17k_hf/images/img_2756.jpg,naevus,HAM_HAM_0000705,HAM10000,CC-BY-NC-4.0,
fitzpatrick17k_hf/images/img_2757.jpg,naevus,HAM_HAM_0002979,HAM10000,CC-BY-NC-4.0,
fitzpatrick17k_hf/images/img_2758.jpg,naevus,HAM_HAM_0006791,HAM10000,CC-BY-NC-4.0,
fitzpatrick17k_hf/images/img_2759.jpg,naevus,HAM_HAM_0001512,HAM10000,CC-BY-NC-4.0,
fitzpatrick17k_hf/images/img_2760.jpg,naevus,HAM_HAM_0005848,HAM10000,CC-BY-NC-4.0,
fitzpatrick17k_hf/images/img_2761.jpg,naevus,HAM_HAM_0003698,HAM10000,CC-BY-NC-4.0,
fitzpatrick17k_hf/images/img_2762.jpg,naevus,HAM_HAM_0004969,HAM10000,CC-BY-NC-4.0,
fitzpatrick17k_hf/images/img_2763.jpg,naevus,HAM_HAM_0000454,HAM10000,CC-BY-NC-4.0,
fitzpatrick17k_hf/images/img_2764.jpg,naevus,HAM_HAM_0002725,HAM10000,CC-BY-NC-4.0,
fitzpatrick17k_hf/images/img_2765.jpg,naevus,HAM_HAM_0004260,HAM10000,CC-BY-NC-4.0,
fitzpatrick17k_hf/images/img_2766.jpg,naevus,HAM_HAM_0001500,HAM10000,CC-BY-NC-4.0,
fitzpatrick17k_hf/images/img_2767.jpg,naevus,HAM_HAM_0005597,HAM10000,CC-BY-NC-4.0,
fitzpatrick17k_hf/images/img_2768.jpg,naevus,HAM_HAM_0000438,HAM10000,CC-BY-NC-4.0,
fitzpatrick17k_hf/images/img_2769.jpg,naevus,HAM_HAM_0004836,HAM10000,CC-BY-NC-4.0,
fitzpatrick17k_hf/images/img_2770.jpg,naevus,HAM_HAM_0001268,HAM10000,CC-BY-NC-4.0,
fitzpatrick17k_hf/images/img_2771.jpg,naevus,HAM_HAM_0005035,HAM10000,CC-BY-NC-4.0,
fitzpatrick17k_hf/images/img_2772.jpg,naevus,HAM_HAM_0007257,HAM10000,CC-BY-NC-4.0,
fitzpatrick17k_hf/images/img_2773.jpg,naevus,HAM_HAM_0000661,HAM10000,CC-BY-NC-4.0,
fitzpatrick17k_hf/images/img_2774.jpg,naevus,HAM_HAM_0001083,HAM10000,CC-BY-NC-4.0,
fitzpatrick17k_hf/images/img_2775.jpg,naevus,HAM_HAM_0005880,HAM10000,CC-BY-NC-4.0,
fitzpatrick17k_hf/images/img_2776.jpg,naevus,HAM_HAM_0006685,HAM10000,CC-BY-NC-4.0,
fitzpatrick17k_hf/images/img_2777.jpg,naevus,HAM_HAM_0001420,HAM10000,CC-BY-NC-4.0,
fitzpatrick17k_hf/images/img_2778.jpg,naevus,HAM_HAM_0000751,HAM10000,CC-BY-NC-4.0,
fitzpatrick17k_hf/images/img_2779.jpg,naevus,HAM_HAM_0003299,HAM10000,CC-BY-NC-4.0,
fitzpatrick17k_hf/images/img_2780.jpg,naevus,HAM_HAM_0005128,HAM10000,CC-BY-NC-4.0,
fitzpatrick17k_hf/images/img_2781.jpg,naevus,HAM_HAM_0003022,HAM10000,CC-BY-NC-4.0,
fitzpatrick17k_hf/images/img_2782.jpg,naevus,HAM_HAM_0000218,HAM10000,CC-BY-NC-4.0,
fitzpatrick17k_hf/images/img_2783.jpg,naevus,HAM_HAM_0003619,HAM10000,CC-BY-NC-4.0,
fitzpatrick17k_hf/images/img_2784.jpg,naevus,HAM_HAM_0003951,HAM10000,CC-BY-NC-4.0,
fitzpatrick17k_hf/images/img_2785.jpg,naevus,HAM_HAM_0005311,HAM10000,CC-BY-NC-4.0,
fitzpatrick17k_hf/images/img_2786.jpg,naevus,HAM_HAM_0004933,HAM10000,CC-BY-NC-4.0,
fitzpatrick17k_hf/images/img_2787.jpg,naevus,HAM_HAM_0003894,HAM10000,CC-BY-NC-4.0,
fitzpatrick17k_hf/images/img_2788.jpg,naevus,HAM_HAM_0001313,HAM10000,CC-BY-NC-4.0,
fitzpatrick17k_hf/images/img_2789.jpg,naevus,HAM_HAM_0003153,HAM10000,CC-BY-NC-4.0,
fitzpatrick17k_hf/images/img_2790.jpg,naevus,HAM_HAM_0006117,HAM10000,CC-BY-NC-4.0,
fitzpatrick17k_hf/images/img_2791.jpg,naevus,HAM_HAM_0005162,HAM10000,CC-BY-NC-4.0,
fitzpatrick17k_hf/images/img_2792.jpg,naevus,HAM_HAM_0003009,HAM10000,CC-BY-NC-4.0,
fitzpatrick17k_hf/images/img_2793.jpg,naevus,HAM_HAM_0003985,HAM10000,CC-BY-NC-4.0,
fitzpatrick17k_hf/images/img_2794.jpg,naevus,HAM_HAM_0002888,HAM10000,CC-BY-NC-4.0,
fitzpatrick17k_hf/images/img_2795.jpg,naevus,HAM_HAM_0003268,HAM10000,CC-BY-NC-4.0,
fitzpatrick17k_hf/images/img_2796.jpg,naevus,HAM_HAM_0005583,HAM10000,CC-BY-NC-4.0,
fitzpatrick17k_hf/images/img_2797.jpg,naevus,HAM_HAM_0005894,HAM10000,CC-BY-NC-4.0,
fitzpatrick17k_hf/images/img_2798.jpg,naevus,HAM_HAM_0002938,HAM10000,CC-BY-NC-4.0,
fitzpatrick17k_hf/images/img_2799.jpg,naevus,HAM_HAM_0006358,HAM10000,CC-BY-NC-4.0,
fitzpatrick17k_hf/images/img_2800.jpg,naevus,HAM_HAM_0007423,HAM10000,CC-BY-NC-4.0,
fitzpatrick17k_hf/images/img_2801.jpg,naevus,HAM_HAM_0000576,HAM10000,CC-BY-NC-4.0,
fitzpatrick17k_hf/images/img_2802.jpg,naevus,HAM_HAM_0004498,HAM10000,CC-BY-NC-4.0,
fitzpatrick17k_hf/images/img_2803.jpg,naevus,HAM_HAM_0007510,HAM10000,CC-BY-NC-4.0,
fitzpatrick17k_hf/images/img_2804.jpg,naevus,HAM_HAM_0002207,HAM10000,CC-BY-NC-4.0,
fitzpatrick17k_hf/images/img_2805.jpg,naevus,HAM_HAM_0006819,HAM10000,CC-BY-NC-4.0,
fitzpatrick17k_hf/images/img_2806.jpg,naevus,HAM_HAM_0006446,HAM10000,CC-BY-NC-4.0,
fitzpatrick17k_hf/images/img_2807.jpg,naevus,HAM_HAM_0001957,HAM10000,CC-BY-NC-4.0,
fitzpatrick17k_hf/images/img_2808.jpg,naevus,HAM_HAM_0000192,HAM10000,CC-BY-NC-4.0,
fitzpatrick17k_hf/images/img_2809.jpg,naevus,HAM_HAM_0000284,HAM10000,CC-BY-NC-4.0,
fitzpatrick17k_hf/images/img_2810.jpg,naevus,HAM_HAM_0006402,HAM10000,CC-BY-NC-4.0,
fitzpatrick17k_hf/images/img_2811.jpg,naevus,HAM_HAM_0004903,HAM10000,CC-BY-NC-4.0,
fitzpatrick17k_hf/images/img_2812.jpg,naevus,HAM_HAM_0004757,HAM10000,CC-BY-NC-4.0,
fitzpatrick17k_hf/images/img_2813.jpg,naevus,HAM_HAM_0005906,HAM10000,CC-BY-NC-4.0,
fitzpatrick17k_hf/images/img_2814.jpg,naevus,HAM_HAM_0000446,HAM10000,CC-BY-NC-4.0,
fitzpatrick17k_hf/images/img_2815.jpg,naevus,HAM_HAM_0002089,HAM10000,CC-BY-NC-4.0,
fitzpatrick17k_hf/images/img_2816.jpg,naevus,HAM_HAM_0006568,HAM10000,CC-BY-NC-4.0,
fitzpatrick17k_hf/images/img_2817.jpg,naevus,HAM_HAM_0001612,HAM10000,CC-BY-NC-4.0,
fitzpatrick17k_hf/images/img_2818.jpg,naevus,HAM_HAM_0000801,HAM10000,CC-BY-NC-4.0,
fitzpatrick17k_hf/images/img_2819.jpg,naevus,HAM_HAM_0001818,HAM10000,CC-BY-NC-4.0,
fitzpatrick17k_hf/images/img_2820.jpg,naevus,HAM_HAM_0006439,HAM10000,CC-BY-NC-4.0,
fitzpatrick17k_hf/images/img_2821.jpg,naevus,HAM_HAM_0006783,HAM10000,CC-BY-NC-4.0,
fitzpatrick17k_hf/images/img_2822.jpg,naevus,HAM_HAM_0004497,HAM10000,CC-BY-NC-4.0,
fitzpatrick17k_hf/images/img_2823.jpg,naevus,HAM_HAM_0007177,HAM10000,CC-BY-NC-4.0,
fitzpatrick17k_hf/images/img_2824.jpg,naevus,HAM_HAM_0002977,HAM10000,CC-BY-NC-4.0,
fitzpatrick17k_hf/images/img_2825.jpg,naevus,HAM_HAM_0006312,HAM10000,CC-BY-NC-4.0,
fitzpatrick17k_hf/images/img_2826.jpg,naevus,HAM_HAM_0004223,HAM10000,CC-BY-NC-4.0,
fitzpatrick17k_hf/images/img_2827.jpg,naevus,HAM_HAM_0000783,HAM10000,CC-BY-NC-4.0,
fitzpatrick17k_hf/images/img_2828.jpg,naevus,HAM_HAM_0004135,HAM10000,CC-BY-NC-4.0,
fitzpatrick17k_hf/images/img_2829.jpg,naevus,HAM_HAM_0004639,HAM10000,CC-BY-NC-4.0,
fitzpatrick17k_hf/images/img_2830.jpg,naevus,HAM_HAM_0001579,HAM10000,CC-BY-NC-4.0,
fitzpatrick17k_hf/images/img_2831.jpg,naevus,HAM_HAM_0007003,HAM10000,CC-BY-NC-4.0,
fitzpatrick17k_hf/images/img_2832.jpg,naevus,HAM_HAM_0000014,HAM10000,CC-BY-NC-4.0,
fitzpatrick17k_hf/images/img_2833.jpg,naevus,HAM_HAM_0003468,HAM10000,CC-BY-NC-4.0,
fitzpatrick17k_hf/images/img_2834.jpg,naevus,HAM_HAM_0000156,HAM10000,CC-BY-NC-4.0,
fitzpatrick17k_hf/images/img_2835.jpg,naevus,HAM_HAM_0002543,HAM10000,CC-BY-NC-4.0,
fitzpatrick17k_hf/images/img_2836.jpg,naevus,HAM_HAM_0005988,HAM10000,CC-BY-NC-4.0,
fitzpatrick17k_hf/images/img_2837.jpg,naevus,HAM_HAM_0002798,HAM10000,CC-BY-NC-4.0,
fitzpatrick17k_hf/images/img_2838.jpg,naevus,HAM_HAM_0004298,HAM10000,CC-BY-NC-4.0,
fitzpatrick17k_hf/images/img_2839.jpg,naevus,HAM_HAM_0005269,HAM10000,CC-BY-NC-4.0,
fitzpatrick17k_hf/images/img_2840.jpg,naevus,HAM_HAM_0003965,HAM10000,CC-BY-NC-4.0,
fitzpatrick17k_hf/images/img_2841.jpg,naevus,HAM_HAM_0005347,HAM10000,CC-BY-NC-4.0,
fitzpatrick17k_hf/images/img_2842.jpg,naevus,HAM_HAM_0000759,HAM10000,CC-BY-NC-4.0,
fitzpatrick17k_hf/images/img_2843.jpg,naevus,HAM_HAM_0006730,HAM10000,CC-BY-NC-4.0,
fitzpatrick17k_hf/images/img_2844.jpg,naevus,HAM_HAM_0000941,HAM10000,CC-BY-NC-4.0,
fitzpatrick17k_hf/images/img_2845.jpg,naevus,HAM_HAM_0001952,HAM10000,CC-BY-NC-4.0,
fitzpatrick17k_hf/images/img_2846.jpg,naevus,HAM_HAM_0001525,HAM10000,CC-BY-NC-4.0,
fitzpatrick17k_hf/images/img_2847.jpg,naevus,HAM_HAM_0004619,HAM10000,CC-BY-NC-4.0,
fitzpatrick17k_hf/images/img_2848.jpg,naevus,HAM_HAM_0002661,HAM10000,CC-BY-NC-4.0,
fitzpatrick17k_hf/images/img_2849.jpg,naevus,HAM_HAM_0005882,HAM10000,CC-BY-NC-4.0,
fitzpatrick17k_hf/images/img_2850.jpg,naevus,HAM_HAM_0000762,HAM10000,CC-BY-NC-4.0,
fitzpatrick17k_hf/images/img_2851.jpg,naevus,HAM_HAM_0003860,HAM10000,CC-BY-NC-4.0,
fitzpatrick17k_hf/images/img_2852.jpg,naevus,HAM_HAM_0002332,HAM10000,CC-BY-NC-4.0,
fitzpatrick17k_hf/images/img_2853.jpg,naevus,HAM_HAM_0004783,HAM10000,CC-BY-NC-4.0,
fitzpatrick17k_hf/images/img_2854.jpg,naevus,HAM_HAM_0007123,HAM10000,CC-BY-NC-4.0,
fitzpatrick17k_hf/images/img_2855.jpg,naevus,HAM_HAM_0005089,HAM10000,CC-BY-NC-4.0,
fitzpatrick17k_hf/images/img_2856.jpg,naevus,HAM_HAM_0000557,HAM10000,CC-BY-NC-4.0,
fitzpatrick17k_hf/images/img_2857.jpg,naevus,HAM_HAM_0004082,HAM10000,CC-BY-NC-4.0,
fitzpatrick17k_hf/images/img_2858.jpg,naevus,HAM_HAM_0006836,HAM10000,CC-BY-NC-4.0,
fitzpatrick17k_hf/images/img_2859.jpg,naevus,HAM_HAM_0003695,HAM10000,CC-BY-NC-4.0,
fitzpatrick17k_hf/images/img_2860.jpg,naevus,HAM_HAM_0007228,HAM10000,CC-BY-NC-4.0,
fitzpatrick17k_hf/images/img_2861.jpg,naevus,HAM_HAM_0000391,HAM10000,CC-BY-NC-4.0,
fitzpatrick17k_hf/images/img_2862.jpg,naevus,HAM_HAM_0006941,HAM10000,CC-BY-NC-4.0,
fitzpatrick17k_hf/images/img_2863.jpg,naevus,HAM_HAM_0003029,HAM10000,CC-BY-NC-4.0,
fitzpatrick17k_hf/images/img_2864.jpg,naevus,HAM_HAM_0002146,HAM10000,CC-BY-NC-4.0,
fitzpatrick17k_hf/images/img_2865.jpg,naevus,HAM_HAM_0002097,HAM10000,CC-BY-NC-4.0,
fitzpatrick17k_hf/images/img_2866.jpg,naevus,HAM_HAM_0007612,HAM10000,CC-BY-NC-4.0,
fitzpatrick17k_hf/images/img_2867.jpg,naevus,HAM_HAM_0006629,HAM10000,CC-BY-NC-4.0,
fitzpatrick17k_hf/images/img_2868.jpg,naevus,HAM_HAM_0007282,HAM10000,CC-BY-NC-4.0,
fitzpatrick17k_hf/images/img_2869.jpg,naevus,HAM_HAM_0007378,HAM10000,CC-BY-NC-4.0,
fitzpatrick17k_hf/images/img_2870.jpg,naevus,HAM_HAM_0007057,HAM10000,CC-BY-NC-4.0,
fitzpatrick17k_hf/images/img_2871.jpg,naevus,HAM_HAM_0003667,HAM10000,CC-BY-NC-4.0,
fitzpatrick17k_hf/images/img_2872.jpg,naevus,HAM_HAM_0003459,HAM10000,CC-BY-NC-4.0,
fitzpatrick17k_hf/images/img_2873.jpg,naevus,HAM_HAM_0002654,HAM10000,CC-BY-NC-4.0,
fitzpatrick17k_hf/images/img_2874.jpg,naevus,HAM_HAM_0000359,HAM10000,CC-BY-NC-4.0,
fitzpatrick17k_hf/images/img_2875.jpg,naevus,HAM_HAM_0006347,HAM10000,CC-BY-NC-4.0,
fitzpatrick17k_hf/images/img_2876.jpg,naevus,HAM_HAM_0001253,HAM10000,CC-BY-NC-4.0,
fitzpatrick17k_hf/images/img_2877.jpg,naevus,HAM_HAM_0004961,HAM10000,CC-BY-NC-4.0,
fitzpatrick17k_hf/images/img_2878.jpg,naevus,HAM_HAM_0003138,HAM10000,CC-BY-NC-4.0,
fitzpatrick17k_hf/images/img_2879.jpg,naevus,HAM_HAM_0003178,HAM10000,CC-BY-NC-4.0,
fitzpatrick17k_hf/images/img_2880.jpg,naevus,HAM_HAM_0000458,HAM10000,CC-BY-NC-4.0,
fitzpatrick17k_hf/images/img_2881.jpg,naevus,HAM_HAM_0007111,HAM10000,CC-BY-NC-4.0,
fitzpatrick17k_hf/images/img_2882.jpg,naevus,HAM_HAM_0007461,HAM10000,CC-BY-NC-4.0,
fitzpatrick17k_hf/images/img_2883.jpg,naevus,HAM_HAM_0004464,HAM10000,CC-BY-NC-4.0,
fitzpatrick17k_hf/images/img_2884.jpg,naevus,HAM_HAM_0001963,HAM10000,CC-BY-NC-4.0,
fitzpatrick17k_hf/images/img_2885.jpg,naevus,HAM_HAM_0001590,HAM10000,CC-BY-NC-4.0,
fitzpatrick17k_hf/images/img_2886.jpg,naevus,HAM_HAM_0005552,HAM10000,CC-BY-NC-4.0,
fitzpatrick17k_hf/images/img_2887.jpg,naevus,HAM_HAM_0000056,HAM10000,CC-BY-NC-4.0,
fitzpatrick17k_hf/images/img_2888.jpg,naevus,HAM_HAM_0001120,HAM10000,CC-BY-NC-4.0,
fitzpatrick17k_hf/images/img_2889.jpg,naevus,HAM_HAM_0000130,HAM10000,CC-BY-NC-4.0,
fitzpatrick17k_hf/images/img_2890.jpg,naevus,HAM_HAM_0003921,HAM10000,CC-BY-NC-4.0,
fitzpatrick17k_hf/images/img_2891.jpg,naevus,HAM_HAM_0003609,HAM10000,CC-BY-NC-4.0,
fitzpatrick17k_hf/images/img_2892.jpg,naevus,HAM_HAM_0007374,HAM10000,CC-BY-NC-4.0,
fitzpatrick17k_hf/images/img_2893.jpg,naevus,HAM_HAM_0006509,HAM10000,CC-BY-NC-4.0,
fitzpatrick17k_hf/images/img_2894.jpg,naevus,HAM_HAM_0003099,HAM10000,CC-BY-NC-4.0,
fitzpatrick17k_hf/images/img_2895.jpg,naevus,HAM_HAM_0002349,HAM10000,CC-BY-NC-4.0,
fitzpatrick17k_hf/images/img_2896.jpg,naevus,HAM_HAM_0004948,HAM10000,CC-BY-NC-4.0,
fitzpatrick17k_hf/images/img_2897.jpg,naevus,HAM_HAM_0000091,HAM10000,CC-BY-NC-4.0,
fitzpatrick17k_hf/images/img_2898.jpg,naevus,HAM_HAM_0004378,HAM10000,CC-BY-NC-4.0,
fitzpatrick17k_hf/images/img_2899.jpg,naevus,HAM_HAM_0002036,HAM10000,CC-BY-NC-4.0,
fitzpatrick17k_hf/images/img_2900.jpg,naevus,HAM_HAM_0001308,HAM10000,CC-BY-NC-4.0,
fitzpatrick17k_hf/images/img_2901.jpg,naevus,HAM_HAM_0005732,HAM10000,CC-BY-NC-4.0,
fitzpatrick17k_hf/images/img_2902.jpg,naevus,HAM_HAM_0003723,HAM10000,CC-BY-NC-4.0,
fitzpatrick17k_hf/images/img_2903.jpg,naevus,HAM_HAM_0005444,HAM10000,CC-BY-NC-4.0,
fitzpatrick17k_hf/images/img_2904.jpg,naevus,HAM_HAM_0006911,HAM10000,CC-BY-NC-4.0,
fitzpatrick17k_hf/images/img_2905.jpg,naevus,HAM_HAM_0007294,HAM10000,CC-BY-NC-4.0,
fitzpatrick17k_hf/images/img_2906.jpg,naevus,HAM_HAM_0007056,HAM10000,CC-BY-NC-4.0,
fitzpatrick17k_hf/images/img_2907.jpg,naevus,HAM_HAM_0006797,HAM10000,CC-BY-NC-4.0,
fitzpatrick17k_hf/images/img_2908.jpg,naevus,HAM_HAM_0000608,HAM10000,CC-BY-NC-4.0,
fitzpatrick17k_hf/images/img_2909.jpg,naevus,HAM_HAM_0000695,HAM10000,CC-BY-NC-4.0,
fitzpatrick17k_hf/images/img_2910.jpg,naevus,HAM_HAM_0000014,HAM10000,CC-BY-NC-4.0,
fitzpatrick17k_hf/images/img_2911.jpg,naevus,HAM_HAM_0007015,HAM10000,CC-BY-NC-4.0,
fitzpatrick17k_hf/images/img_2912.jpg,naevus,HAM_HAM_0006073,HAM10000,CC-BY-NC-4.0,
fitzpatrick17k_hf/images/img_2913.jpg,naevus,HAM_HAM_0005189,HAM10000,CC-BY-NC-4.0,
fitzpatrick17k_hf/images/img_2914.jpg,naevus,HAM_HAM_0007508,HAM10000,CC-BY-NC-4.0,
fitzpatrick17k_hf/images/img_2915.jpg,naevus,HAM_HAM_0003270,HAM10000,CC-BY-NC-4.0,
fitzpatrick17k_hf/images/img_2916.jpg,naevus,HAM_HAM_0006781,HAM10000,CC-BY-NC-4.0,
fitzpatrick17k_hf/images/img_2917.jpg,naevus,HAM_HAM_0001943,HAM10000,CC-BY-NC-4.0,
fitzpatrick17k_hf/images/img_2918.jpg,naevus,HAM_HAM_0004913,HAM10000,CC-BY-NC-4.0,
fitzpatrick17k_hf/images/img_2919.jpg,naevus,HAM_HAM_0004633,HAM10000,CC-BY-NC-4.0,
fitzpatrick17k_hf/images/img_2920.jpg,naevus,HAM_HAM_0002709,HAM10000,CC-BY-NC-4.0,
fitzpatrick17k_hf/images/img_2921.jpg,naevus,HAM_HAM_0002233,HAM10000,CC-BY-NC-4.0,
fitzpatrick17k_hf/images/img_2922.jpg,naevus,HAM_HAM_0004516,HAM10000,CC-BY-NC-4.0,
fitzpatrick17k_hf/images/img_2923.jpg,naevus,HAM_HAM_0003785,HAM10000,CC-BY-NC-4.0,
fitzpatrick17k_hf/images/img_2924.jpg,naevus,HAM_HAM_0000609,HAM10000,CC-BY-NC-4.0,
fitzpatrick17k_hf/images/img_2925.jpg,naevus,HAM_HAM_0000960,HAM10000,CC-BY-NC-4.0,
fitzpatrick17k_hf/images/img_2926.jpg,naevus,HAM_HAM_0003276,HAM10000,CC-BY-NC-4.0,
fitzpatrick17k_hf/images/img_2927.jpg,naevus,HAM_HAM_0003652,HAM10000,CC-BY-NC-4.0,
fitzpatrick17k_hf/images/img_2928.jpg,naevus,HAM_HAM_0005110,HAM10000,CC-BY-NC-4.0,
fitzpatrick17k_hf/images/img_2929.jpg,naevus,HAM_HAM_0004260,HAM10000,CC-BY-NC-4.0,
fitzpatrick17k_hf/images/img_2930.jpg,naevus,HAM_HAM_0004469,HAM10000,CC-BY-NC-4.0,
fitzpatrick17k_hf/images/img_2931.jpg,naevus,HAM_HAM_0003591,HAM10000,CC-BY-NC-4.0,
fitzpatrick17k_hf/images/img_2932.jpg,naevus,HAM_HAM_0007249,HAM10000,CC-BY-NC-4.0,
fitzpatrick17k_hf/images/img_2933.jpg,naevus,HAM_HAM_0001634,HAM10000,CC-BY-NC-4.0,
fitzpatrick17k_hf/images/img_2934.jpg,naevus,HAM_HAM_0001810,HAM10000,CC-BY-NC-4.0,
fitzpatrick17k_hf/images/img_2935.jpg,naevus,HAM_HAM_0000054,HAM10000,CC-BY-NC-4.0,
fitzpatrick17k_hf/images/img_2936.jpg,naevus,HAM_HAM_0002830,HAM10000,CC-BY-NC-4.0,
fitzpatrick17k_hf/images/img_2937.jpg,naevus,HAM_HAM_0001698,HAM10000,CC-BY-NC-4.0,
fitzpatrick17k_hf/images/img_2938.jpg,naevus,HAM_HAM_0006881,HAM10000,CC-BY-NC-4.0,
fitzpatrick17k_hf/images/img_2939.jpg,naevus,HAM_HAM_0004132,HAM10000,CC-BY-NC-4.0,
fitzpatrick17k_hf/images/img_2940.jpg,naevus,HAM_HAM_0001199,HAM10000,CC-BY-NC-4.0,
fitzpatrick17k_hf/images/img_2941.jpg,naevus,HAM_HAM_0003948,HAM10000,CC-BY-NC-4.0,
fitzpatrick17k_hf/images/img_2942.jpg,naevus,HAM_HAM_0004663,HAM10000,CC-BY-NC-4.0,
fitzpatrick17k_hf/images/img_2943.jpg,naevus,HAM_HAM_0001767,HAM10000,CC-BY-NC-4.0,
fitzpatrick17k_hf/images/img_2944.jpg,naevus,HAM_HAM_0001915,HAM10000,CC-BY-NC-4.0,
fitzpatrick17k_hf/images/img_2945.jpg,naevus,HAM_HAM_0005036,HAM10000,CC-BY-NC-4.0,
fitzpatrick17k_hf/images/img_2946.jpg,naevus,HAM_HAM_0007122,HAM10000,CC-BY-NC-4.0,
fitzpatrick17k_hf/images/img_2947.jpg,naevus,HAM_HAM_0002542,HAM10000,CC-BY-NC-4.0,
fitzpatrick17k_hf/images/img_2948.jpg,naevus,HAM_HAM_0000177,HAM10000,CC-BY-NC-4.0,
fitzpatrick17k_hf/images/img_2949.jpg,naevus,HAM_HAM_0002528,HAM10000,CC-BY-NC-4.0,
fitzpatrick17k_hf/images/img_2950.jpg,naevus,HAM_HAM_0004404,HAM10000,CC-BY-NC-4.0,
fitzpatrick17k_hf/images/img_2951.jpg,naevus,HAM_HAM_0007425,HAM10000,CC-BY-NC-4.0,
fitzpatrick17k_hf/images/img_2952.jpg,naevus,HAM_HAM_0005799,HAM10000,CC-BY-NC-4.0,
fitzpatrick17k_hf/images/img_2953.jpg,naevus,HAM_HAM_0006515,HAM10000,CC-BY-NC-4.0,
fitzpatrick17k_hf/images/img_2954.jpg,naevus,HAM_HAM_0000409,HAM10000,CC-BY-NC-4.0,
fitzpatrick17k_hf/images/img_2955.jpg,naevus,HAM_HAM_0003131,HAM10000,CC-BY-NC-4.0,
fitzpatrick17k_hf/images/img_2956.jpg,naevus,HAM_HAM_0006837,HAM10000,CC-BY-NC-4.0,
fitzpatrick17k_hf/images/img_2957.jpg,naevus,HAM_HAM_0000380,HAM10000,CC-BY-NC-4.0,
fitzpatrick17k_hf/images/img_2958.jpg,naevus,HAM_HAM_0003385,HAM10000,CC-BY-NC-4.0,
fitzpatrick17k_hf/images/img_2959.jpg,naevus,HAM_HAM_0000618,HAM10000,CC-BY-NC-4.0,
fitzpatrick17k_hf/images/img_2960.jpg,naevus,HAM_HAM_0001210,HAM10000,CC-BY-NC-4.0,
fitzpatrick17k_hf/images/img_2961.jpg,naevus,HAM_HAM_0004098,HAM10000,CC-BY-NC-4.0,
fitzpatrick17k_hf/images/img_2962.jpg,naevus,HAM_HAM_0006840,HAM10000,CC-BY-NC-4.0,
fitzpatrick17k_hf/images/img_2963.jpg,naevus,HAM_HAM_0005868,HAM10000,CC-BY-NC-4.0,
fitzpatrick17k_hf/images/img_2964.jpg,naevus,HAM_HAM_0001077,HAM10000,CC-BY-NC-4.0,
fitzpatrick17k_hf/images/img_2965.jpg,naevus,HAM_HAM_0005609,HAM10000,CC-BY-NC-4.0,
fitzpatrick17k_hf/images/img_2966.jpg,naevus,HAM_HAM_0002310,HAM10000,CC-BY-NC-4.0,
fitzpatrick17k_hf/images/img_2967.jpg,naevus,HAM_HAM_0001153,HAM10000,CC-BY-NC-4.0,
fitzpatrick17k_hf/images/img_2968.jpg,naevus,HAM_HAM_0005611,HAM10000,CC-BY-NC-4.0,
fitzpatrick17k_hf/images/img_2969.jpg,naevus,HAM_HAM_0001403,HAM10000,CC-BY-NC-4.0,
fitzpatrick17k_hf/images/img_2970.jpg,naevus,HAM_HAM_0003897,HAM10000,CC-BY-NC-4.0,
fitzpatrick17k_hf/images/img_2971.jpg,naevus,HAM_HAM_0000360,HAM10000,CC-BY-NC-4.0,
fitzpatrick17k_hf/images/img_2972.jpg,naevus,HAM_HAM_0001279,HAM10000,CC-BY-NC-4.0,
fitzpatrick17k_hf/images/img_2973.jpg,naevus,HAM_HAM_0002091,HAM10000,CC-BY-NC-4.0,
fitzpatrick17k_hf/images/img_2974.jpg,naevus,HAM_HAM_0007473,HAM10000,CC-BY-NC-4.0,
fitzpatrick17k_hf/images/img_2975.jpg,naevus,HAM_HAM_0002837,HAM10000,CC-BY-NC-4.0,
fitzpatrick17k_hf/images/img_2976.jpg,naevus,HAM_HAM_0002726,HAM10000,CC-BY-NC-4.0,
fitzpatrick17k_hf/images/img_2977.jpg,naevus,HAM_HAM_0006917,HAM10000,CC-BY-NC-4.0,
fitzpatrick17k_hf/images/img_2978.jpg,naevus,HAM_HAM_0003515,HAM10000,CC-BY-NC-4.0,
fitzpatrick17k_hf/images/img_2979.jpg,naevus,HAM_HAM_0004156,HAM10000,CC-BY-NC-4.0,
fitzpatrick17k_hf/images/img_2980.jpg,naevus,HAM_HAM_0005630,HAM10000,CC-BY-NC-4.0,
fitzpatrick17k_hf/images/img_2981.jpg,naevus,HAM_HAM_0005160,HAM10000,CC-BY-NC-4.0,
fitzpatrick17k_hf/images/img_2982.jpg,naevus,HAM_HAM_0001882,HAM10000,CC-BY-NC-4.0,
fitzpatrick17k_hf/images/img_2983.jpg,naevus,HAM_HAM_0003251,HAM10000,CC-BY-NC-4.0,
fitzpatrick17k_hf/images/img_2984.jpg,naevus,HAM_HAM_0007356,HAM10000,CC-BY-NC-4.0,
fitzpatrick17k_hf/images/img_2985.jpg,naevus,HAM_HAM_0007606,HAM10000,CC-BY-NC-4.0,
fitzpatrick17k_hf/images/img_2986.jpg,naevus,HAM_HAM_0003904,HAM10000,CC-BY-NC-4.0,
fitzpatrick17k_hf/images/img_2987.jpg,naevus,HAM_HAM_0004973,HAM10000,CC-BY-NC-4.0,
fitzpatrick17k_hf/images/img_2988.jpg,naevus,HAM_HAM_0000722,HAM10000,CC-BY-NC-4.0,
fitzpatrick17k_hf/images/img_2989.jpg,naevus,HAM_HAM_0005123,HAM10000,CC-BY-NC-4.0,
fitzpatrick17k_hf/images/img_2990.jpg,naevus,HAM_HAM_0001231,HAM10000,CC-BY-NC-4.0,
fitzpatrick17k_hf/images/img_2991.jpg,naevus,HAM_HAM_0005744,HAM10000,CC-BY-NC-4.0,
fitzpatrick17k_hf/images/img_2992.jpg,naevus,HAM_HAM_0002571,HAM10000,CC-BY-NC-4.0,
fitzpatrick17k_hf/images/img_2993.jpg,naevus,HAM_HAM_0000978,HAM10000,CC-BY-NC-4.0,
fitzpatrick17k_hf/images/img_2994.jpg,naevus,HAM_HAM_0001999,HAM10000,CC-BY-NC-4.0,
fitzpatrick17k_hf/images/img_2995.jpg,naevus,HAM_HAM_0006741,HAM10000,CC-BY-NC-4.0,
fitzpatrick17k_hf/images/img_2996.jpg,naevus,HAM_HAM_0006390,HAM10000,CC-BY-NC-4.0,
fitzpatrick17k_hf/images/img_2997.jpg,naevus,HAM_HAM_0000584,HAM10000,CC-BY-NC-4.0,
fitzpatrick17k_hf/images/img_2998.jpg,naevus,HAM_HAM_0002801,HAM10000,CC-BY-NC-4.0,
fitzpatrick17k_hf/images/img_2999.jpg,naevus,HAM_HAM_0000646,HAM10000,CC-BY-NC-4.0,
fitzpatrick17k_hf/images/img_3000.jpg,naevus,HAM_HAM_0002754,HAM10000,CC-BY-NC-4.0,
fitzpatrick17k_hf/images/img_3001.jpg,naevus,HAM_HAM_0007156,HAM10000,CC-BY-NC-4.0,
fitzpatrick17k_hf/images/img_3002.jpg,naevus,HAM_HAM_0000017,HAM10000,CC-BY-NC-4.0,
fitzpatrick17k_hf/images/img_3003.jpg,naevus,HAM_HAM_0000478,HAM10000,CC-BY-NC-4.0,
fitzpatrick17k_hf/images/img_3004.jpg,naevus,HAM_HAM_0005922,HAM10000,CC-BY-NC-4.0,
fitzpatrick17k_hf/images/img_3005.jpg,naevus,HAM_HAM_0003539,HAM10000,CC-BY-NC-4.0,
fitzpatrick17k_hf/images/img_3006.jpg,naevus,HAM_HAM_0002332,HAM10000,CC-BY-NC-4.0,
fitzpatrick17k_hf/images/img_3007.jpg,naevus,HAM_HAM_0001552,HAM10000,CC-BY-NC-4.0,
fitzpatrick17k_hf/images/img_3008.jpg,naevus,HAM_HAM_0000943,HAM10000,CC-BY-NC-4.0,
fitzpatrick17k_hf/images/img_3009.jpg,naevus,HAM_HAM_0005562,HAM10000,CC-BY-NC-4.0,
fitzpatrick17k_hf/images/img_3010.jpg,naevus,HAM_HAM_0005966,HAM10000,CC-BY-NC-4.0,
fitzpatrick17k_hf/images/img_3011.jpg,naevus,HAM_HAM_0004138,HAM10000,CC-BY-NC-4.0,
fitzpatrick17k_hf/images/img_3012.jpg,naevus,HAM_HAM_0002658,HAM10000,CC-BY-NC-4.0,
fitzpatrick17k_hf/images/img_3013.jpg,naevus,HAM_HAM_0003785,HAM10000,CC-BY-NC-4.0,
fitzpatrick17k_hf/images/img_3014.jpg,naevus,HAM_HAM_0006856,HAM10000,CC-BY-NC-4.0,
fitzpatrick17k_hf/images/img_3015.jpg,naevus,HAM_HAM_0000235,HAM10000,CC-BY-NC-4.0,
fitzpatrick17k_hf/images/img_3016.jpg,naevus,HAM_HAM_0007449,HAM10000,CC-BY-NC-4.0,
fitzpatrick17k_hf/images/img_3017.jpg,naevus,HAM_HAM_0003409,HAM10000,CC-BY-NC-4.0,
fitzpatrick17k_hf/images/img_3018.jpg,naevus,HAM_HAM_0006962,HAM10000,CC-BY-NC-4.0,
fitzpatrick17k_hf/images/img_3019.jpg,naevus,HAM_HAM_0002382,HAM10000,CC-BY-NC-4.0,
fitzpatrick17k_hf/images/img_3020.jpg,naevus,HAM_HAM_0003500,HAM10000,CC-BY-NC-4.0,
fitzpatrick17k_hf/images/img_3021.jpg,naevus,HAM_HAM_0003078,HAM10000,CC-BY-NC-4.0,
fitzpatrick17k_hf/images/img_3022.jpg,naevus,HAM_HAM_0001085,HAM10000,CC-BY-NC-4.0,
fitzpatrick17k_hf/images/img_3023.jpg,naevus,HAM_HAM_0007194,HAM10000,CC-BY-NC-4.0,
fitzpatrick17k_hf/images/img_3024.jpg,naevus,HAM_HAM_0007099,HAM10000,CC-BY-NC-4.0,
fitzpatrick17k_hf/images/img_3025.jpg,naevus,HAM_HAM_0002473,HAM10000,CC-BY-NC-4.0,
fitzpatrick17k_hf/images/img_3026.jpg,naevus,HAM_HAM_0005370,HAM10000,CC-BY-NC-4.0,
fitzpatrick17k_hf/images/img_3027.jpg,naevus,HAM_HAM_0000803,HAM10000,CC-BY-NC-4.0,
fitzpatrick17k_hf/images/img_3028.jpg,naevus,HAM_HAM_0005854,HAM10000,CC-BY-NC-4.0,
fitzpatrick17k_hf/images/img_3029.jpg,naevus,HAM_HAM_0005195,HAM10000,CC-BY-NC-4.0,
fitzpatrick17k_hf/images/img_3030.jpg,naevus,HAM_HAM_0000154,HAM10000,CC-BY-NC-4.0,
fitzpatrick17k_hf/images/img_3031.jpg,naevus,HAM_HAM_0001407,HAM10000,CC-BY-NC-4.0,
fitzpatrick17k_hf/images/img_3032.jpg,naevus,HAM_HAM_0006095,HAM10000,CC-BY-NC-4.0,
fitzpatrick17k_hf/images/img_3033.jpg,naevus,HAM_HAM_0006395,HAM10000,CC-BY-NC-4.0,
fitzpatrick17k_hf/images/img_3034.jpg,naevus,HAM_HAM_0006029,HAM10000,CC-BY-NC-4.0,
fitzpatrick17k_hf/images/img_3035.jpg,naevus,HAM_HAM_0000889,HAM10000,CC-BY-NC-4.0,
fitzpatrick17k_hf/images/img_3036.jpg,naevus,HAM_HAM_0000904,HAM10000,CC-BY-NC-4.0,
fitzpatrick17k_hf/images/img_3037.jpg,naevus,HAM_HAM_0000302,HAM10000,CC-BY-NC-4.0,
fitzpatrick17k_hf/images/img_3038.jpg,naevus,HAM_HAM_0005634,HAM10000,CC-BY-NC-4.0,
fitzpatrick17k_hf/images/img_3039.jpg,naevus,HAM_HAM_0003833,HAM10000,CC-BY-NC-4.0,
fitzpatrick17k_hf/images/img_3040.jpg,naevus,HAM_HAM_0002411,HAM10000,CC-BY-NC-4.0,
fitzpatrick17k_hf/images/img_3041.jpg,naevus,HAM_HAM_0007060,HAM10000,CC-BY-NC-4.0,
fitzpatrick17k_hf/images/img_3042.jpg,naevus,HAM_HAM_0005050,HAM10000,CC-BY-NC-4.0,
fitzpatrick17k_hf/images/img_3043.jpg,naevus,HAM_HAM_0007477,HAM10000,CC-BY-NC-4.0,
fitzpatrick17k_hf/images/img_3044.jpg,naevus,HAM_HAM_0002200,HAM10000,CC-BY-NC-4.0,
fitzpatrick17k_hf/images/img_3045.jpg,naevus,HAM_HAM_0004678,HAM10000,CC-BY-NC-4.0,
fitzpatrick17k_hf/images/img_3046.jpg,naevus,HAM_HAM_0000741,HAM10000,CC-BY-NC-4.0,
fitzpatrick17k_hf/images/img_3047.jpg,naevus,HAM_HAM_0005609,HAM10000,CC-BY-NC-4.0,
fitzpatrick17k_hf/images/img_3048.jpg,naevus,HAM_HAM_0000947,HAM10000,CC-BY-NC-4.0,
fitzpatrick17k_hf/images/img_3049.jpg,naevus,HAM_HAM_0002142,HAM10000,CC-BY-NC-4.0,
fitzpatrick17k_hf/images/img_3050.jpg,naevus,HAM_HAM_0007290,HAM10000,CC-BY-NC-4.0,
fitzpatrick17k_hf/images/img_3051.jpg,naevus,HAM_HAM_0006297,HAM10000,CC-BY-NC-4.0,
fitzpatrick17k_hf/images/img_3052.jpg,naevus,HAM_HAM_0005210,HAM10000,CC-BY-NC-4.0,
fitzpatrick17k_hf/images/img_3053.jpg,naevus,HAM_HAM_0001553,HAM10000,CC-BY-NC-4.0,
fitzpatrick17k_hf/images/img_3054.jpg,naevus,HAM_HAM_0004518,HAM10000,CC-BY-NC-4.0,
fitzpatrick17k_hf/images/img_3055.jpg,naevus,HAM_HAM_0007490,HAM10000,CC-BY-NC-4.0,
fitzpatrick17k_hf/images/img_3056.jpg,naevus,HAM_HAM_0004369,HAM10000,CC-BY-NC-4.0,
fitzpatrick17k_hf/images/img_3057.jpg,naevus,HAM_HAM_0003033,HAM10000,CC-BY-NC-4.0,
fitzpatrick17k_hf/images/img_3058.jpg,naevus,HAM_HAM_0007164,HAM10000,CC-BY-NC-4.0,
fitzpatrick17k_hf/images/img_3059.jpg,naevus,HAM_HAM_0001770,HAM10000,CC-BY-NC-4.0,
fitzpatrick17k_hf/images/img_3060.jpg,naevus,HAM_HAM_0000565,HAM10000,CC-BY-NC-4.0,
fitzpatrick17k_hf/images/img_3061.jpg,naevus,HAM_HAM_0001225,HAM10000,CC-BY-NC-4.0,
fitzpatrick17k_hf/images/img_3062.jpg,naevus,HAM_HAM_0000523,HAM10000,CC-BY-NC-4.0,
fitzpatrick17k_hf/images/img_3063.jpg,naevus,HAM_HAM_0003470,HAM10000,CC-BY-NC-4.0,
fitzpatrick17k_hf/images/img_3064.jpg,naevus,HAM_HAM_0007499,HAM10000,CC-BY-NC-4.0,
fitzpatrick17k_hf/images/img_3065.jpg,naevus,HAM_HAM_0004025,HAM10000,CC-BY-NC-4.0,
fitzpatrick17k_hf/images/img_3066.jpg,naevus,HAM_HAM_0001242,HAM10000,CC-BY-NC-4.0,
fitzpatrick17k_hf/images/img_3067.jpg,naevus,HAM_HAM_0003033,HAM10000,CC-BY-NC-4.0,
fitzpatrick17k_hf/images/img_3068.jpg,naevus,HAM_HAM_0000609,HAM10000,CC-BY-NC-4.0,
fitzpatrick17k_hf/images/img_3069.jpg,naevus,HAM_HAM_0000595,HAM10000,CC-BY-NC-4.0,
fitzpatrick17k_hf/images/img_3070.jpg,naevus,HAM_HAM_0005232,HAM10000,CC-BY-NC-4.0,
fitzpatrick17k_hf/images/img_3071.jpg,naevus,HAM_HAM_0006655,HAM10000,CC-BY-NC-4.0,
fitzpatrick17k_hf/images/img_3072.jpg,naevus,HAM_HAM_0000914,HAM10000,CC-BY-NC-4.0,
fitzpatrick17k_hf/images/img_3073.jpg,naevus,HAM_HAM_0001256,HAM10000,CC-BY-NC-4.0,
fitzpatrick17k_hf/images/img_3074.jpg,naevus,HAM_HAM_0000370,HAM10000,CC-BY-NC-4.0,
fitzpatrick17k_hf/images/img_3075.jpg,naevus,HAM_HAM_0005286,HAM10000,CC-BY-NC-4.0,
fitzpatrick17k_hf/images/img_3076.jpg,naevus,HAM_HAM_0003071,HAM10000,CC-BY-NC-4.0,
fitzpatrick17k_hf/images/img_3077.jpg,naevus,HAM_HAM_0004907,HAM10000,CC-BY-NC-4.0,
fitzpatrick17k_hf/images/img_3078.jpg,naevus,HAM_HAM_0007371,HAM10000,CC-BY-NC-4.0,
fitzpatrick17k_hf/images/img_3079.jpg,naevus,HAM_HAM_0000951,HAM10000,CC-BY-NC-4.0,
fitzpatrick17k_hf/images/img_3080.jpg,naevus,HAM_HAM_0006479,HAM10000,CC-BY-NC-4.0,
fitzpatrick17k_hf/images/img_3081.jpg,naevus,HAM_HAM_0003889,HAM10000,CC-BY-NC-4.0,
fitzpatrick17k_hf/images/img_3082.jpg,naevus,HAM_HAM_0003583,HAM10000,CC-BY-NC-4.0,
fitzpatrick17k_hf/images/img_3083.jpg,naevus,HAM_HAM_0003931,HAM10000,CC-BY-NC-4.0,
fitzpatrick17k_hf/images/img_3084.jpg,naevus,HAM_HAM_0001934,HAM10000,CC-BY-NC-4.0,
fitzpatrick17k_hf/images/img_3085.jpg,naevus,HAM_HAM_0004916,HAM10000,CC-BY-NC-4.0,
fitzpatrick17k_hf/images/img_3086.jpg,naevus,HAM_HAM_0004513,HAM10000,CC-BY-NC-4.0,
fitzpatrick17k_hf/images/img_3087.jpg,naevus,HAM_HAM_0000028,HAM10000,CC-BY-NC-4.0,
fitzpatrick17k_hf/images/img_3088.jpg,naevus,HAM_HAM_0004671,HAM10000,CC-BY-NC-4.0,
fitzpatrick17k_hf/images/img_3089.jpg,naevus,HAM_HAM_0004095,HAM10000,CC-BY-NC-4.0,
fitzpatrick17k_hf/images/img_3090.jpg,naevus,HAM_HAM_0001768,HAM10000,CC-BY-NC-4.0,
fitzpatrick17k_hf/images/img_3091.jpg,naevus,HAM_HAM_0001550,HAM10000,CC-BY-NC-4.0,
fitzpatrick17k_hf/images/img_3092.jpg,naevus,HAM_HAM_0004013,HAM10000,CC-BY-NC-4.0,
fitzpatrick17k_hf/images/img_3093.jpg,naevus,HAM_HAM_0006725,HAM10000,CC-BY-NC-4.0,
fitzpatrick17k_hf/images/img_3094.jpg,naevus,HAM_HAM_0000815,HAM10000,CC-BY-NC-4.0,
fitzpatrick17k_hf/images/img_3095.jpg,naevus,HAM_HAM_0000666,HAM10000,CC-BY-NC-4.0,
fitzpatrick17k_hf/images/img_3096.jpg,naevus,HAM_HAM_0002396,HAM10000,CC-BY-NC-4.0,
fitzpatrick17k_hf/images/img_3097.jpg,naevus,HAM_HAM_0004492,HAM10000,CC-BY-NC-4.0,
fitzpatrick17k_hf/images/img_3098.jpg,naevus,HAM_HAM_0000509,HAM10000,CC-BY-NC-4.0,
fitzpatrick17k_hf/images/img_3099.jpg,naevus,HAM_HAM_0004133,HAM10000,CC-BY-NC-4.0,
fitzpatrick17k_hf/images/img_3100.jpg,naevus,HAM_HAM_0004225,HAM10000,CC-BY-NC-4.0,
fitzpatrick17k_hf/images/img_3101.jpg,naevus,HAM_HAM_0003580,HAM10000,CC-BY-NC-4.0,
fitzpatrick17k_hf/images/img_3102.jpg,naevus,HAM_HAM_0003261,HAM10000,CC-BY-NC-4.0,
fitzpatrick17k_hf/images/img_3103.jpg,naevus,HAM_HAM_0006370,HAM10000,CC-BY-NC-4.0,
fitzpatrick17k_hf/images/img_3104.jpg,naevus,HAM_HAM_0003319,HAM10000,CC-BY-NC-4.0,
fitzpatrick17k_hf/images/img_3105.jpg,naevus,HAM_HAM_0002103,HAM10000,CC-BY-NC-4.0,
fitzpatrick17k_hf/images/img_3106.jpg,naevus,HAM_HAM_0001043,HAM10000,CC-BY-NC-4.0,
fitzpatrick17k_hf/images/img_3107.jpg,naevus,HAM_HAM_0003038,HAM10000,CC-BY-NC-4.0,
fitzpatrick17k_hf/images/img_3108.jpg,naevus,HAM_HAM_0006756,HAM10000,CC-BY-NC-4.0,
fitzpatrick17k_hf/images/img_3109.jpg,naevus,HAM_HAM_0000724,HAM10000,CC-BY-NC-4.0,
fitzpatrick17k_hf/images/img_3110.jpg,naevus,HAM_HAM_0000797,HAM10000,CC-BY-NC-4.0,
fitzpatrick17k_hf/images/img_3111.jpg,naevus,HAM_HAM_0001072,HAM10000,CC-BY-NC-4.0,
fitzpatrick17k_hf/images/img_3112.jpg,naevus,HAM_HAM_0000362,HAM10000,CC-BY-NC-4.0,
fitzpatrick17k_hf/images/img_3113.jpg,naevus,HAM_HAM_0001208,HAM10000,CC-BY-NC-4.0,
fitzpatrick17k_hf/images/img_3114.jpg,naevus,HAM_HAM_0002271,HAM10000,CC-BY-NC-4.0,
fitzpatrick17k_hf/images/img_3115.jpg,naevus,HAM_HAM_0000773,HAM10000,CC-BY-NC-4.0,
fitzpatrick17k_hf/images/img_3116.jpg,naevus,HAM_HAM_0005473,HAM10000,CC-BY-NC-4.0,
fitzpatrick17k_hf/images/img_3117.jpg,naevus,HAM_HAM_0005813,HAM10000,CC-BY-NC-4.0,
fitzpatrick17k_hf/images/img_3118.jpg,naevus,HAM_HAM_0005770,HAM10000,CC-BY-NC-4.0,
fitzpatrick17k_hf/images/img_3119.jpg,naevus,HAM_HAM_0001319,HAM10000,CC-BY-NC-4.0,
fitzpatrick17k_hf/images/img_3120.jpg,naevus,HAM_HAM_0002943,HAM10000,CC-BY-NC-4.0,
fitzpatrick17k_hf/images/img_3121.jpg,naevus,HAM_HAM_0006605,HAM10000,CC-BY-NC-4.0,
fitzpatrick17k_hf/images/img_3122.jpg,naevus,HAM_HAM_0000038,HAM10000,CC-BY-NC-4.0,
fitzpatrick17k_hf/images/img_3123.jpg,naevus,HAM_HAM_0007361,HAM10000,CC-BY-NC-4.0,
fitzpatrick17k_hf/images/img_3124.jpg,naevus,HAM_HAM_0006970,HAM10000,CC-BY-NC-4.0,
fitzpatrick17k_hf/images/img_3125.jpg,naevus,HAM_HAM_0001973,HAM10000,CC-BY-NC-4.0,
fitzpatrick17k_hf/images/img_3126.jpg,naevus,HAM_HAM_0000625,HAM10000,CC-BY-NC-4.0,
fitzpatrick17k_hf/images/img_3127.jpg,naevus,HAM_HAM_0003139,HAM10000,CC-BY-NC-4.0,
fitzpatrick17k_hf/images/img_3128.jpg,naevus,HAM_HAM_0003714,HAM10000,CC-BY-NC-4.0,
fitzpatrick17k_hf/images/img_3129.jpg,naevus,HAM_HAM_0004554,HAM10000,CC-BY-NC-4.0,
fitzpatrick17k_hf/images/img_3130.jpg,naevus,HAM_HAM_0001599,HAM10000,CC-BY-NC-4.0,
fitzpatrick17k_hf/images/img_3131.jpg,naevus,HAM_HAM_0000431,HAM10000,CC-BY-NC-4.0,
fitzpatrick17k_hf/images/img_3132.jpg,naevus,HAM_HAM_0001190,HAM10000,CC-BY-NC-4.0,
fitzpatrick17k_hf/images/img_3133.jpg,naevus,HAM_HAM_0002751,HAM10000,CC-BY-NC-4.0,
fitzpatrick17k_hf/images/img_3134.jpg,naevus,HAM_HAM_0004134,HAM10000,CC-BY-NC-4.0,
fitzpatrick17k_hf/images/img_3135.jpg,naevus,HAM_HAM_0001361,HAM10000,CC-BY-NC-4.0,
fitzpatrick17k_hf/images/img_3136.jpg,naevus,HAM_HAM_0005592,HAM10000,CC-BY-NC-4.0,
fitzpatrick17k_hf/images/img_3137.jpg,naevus,HAM_HAM_0005108,HAM10000,CC-BY-NC-4.0,
fitzpatrick17k_hf/images/img_3138.jpg,naevus,HAM_HAM_0004683,HAM10000,CC-BY-NC-4.0,
fitzpatrick17k_hf/images/img_3139.jpg,naevus,HAM_HAM_0004762,HAM10000,CC-BY-NC-4.0,
fitzpatrick17k_hf/images/img_3140.jpg,naevus,HAM_HAM_0002379,HAM10000,CC-BY-NC-4.0,
fitzpatrick17k_hf/images/img_3141.jpg,naevus,HAM_HAM_0005879,HAM10000,CC-BY-NC-4.0,
fitzpatrick17k_hf/images/img_3142.jpg,naevus,HAM_HAM_0002378,HAM10000,CC-BY-NC-4.0,
fitzpatrick17k_hf/images/img_3143.jpg,naevus,HAM_HAM_0002958,HAM10000,CC-BY-NC-4.0,
fitzpatrick17k_hf/images/img_3144.jpg,naevus,HAM_HAM_0004704,HAM10000,CC-BY-NC-4.0,
fitzpatrick17k_hf/images/img_3145.jpg,naevus,HAM_HAM_0002297,HAM10000,CC-BY-NC-4.0,
fitzpatrick17k_hf/images/img_3146.jpg,naevus,HAM_HAM_0006543,HAM10000,CC-BY-NC-4.0,
fitzpatrick17k_hf/images/img_3147.jpg,naevus,HAM_HAM_0000921,HAM10000,CC-BY-NC-4.0,
fitzpatrick17k_hf/images/img_3148.jpg,naevus,HAM_HAM_0000634,HAM10000,CC-BY-NC-4.0,
fitzpatrick17k_hf/images/img_3149.jpg,naevus,HAM_HAM_0003698,HAM10000,CC-BY-NC-4.0,
fitzpatrick17k_hf/images/img_3150.jpg,naevus,HAM_HAM_0006841,HAM10000,CC-BY-NC-4.0,
fitzpatrick17k_hf/images/img_3151.jpg,naevus,HAM_HAM_0001669,HAM10000,CC-BY-NC-4.0,
fitzpatrick17k_hf/images/img_3152.jpg,naevus,HAM_HAM_0003159,HAM10000,CC-BY-NC-4.0,
fitzpatrick17k_hf/images/img_3153.jpg,naevus,HAM_HAM_0007503,HAM10000,CC-BY-NC-4.0,
fitzpatrick17k_hf/images/img_3154.jpg,naevus,HAM_HAM_0003295,HAM10000,CC-BY-NC-4.0,
fitzpatrick17k_hf/images/img_3155.jpg,naevus,HAM_HAM_0000374,HAM10000,CC-BY-NC-4.0,
fitzpatrick17k_hf/images/img_3156.jpg,naevus,HAM_HAM_0000301,HAM10000,CC-BY-NC-4.0,
fitzpatrick17k_hf/images/img_3157.jpg,naevus,HAM_HAM_0006375,HAM10000,CC-BY-NC-4.0,
fitzpatrick17k_hf/images/img_3158.jpg,naevus,HAM_HAM_0002855,HAM10000,CC-BY-NC-4.0,
fitzpatrick17k_hf/images/img_3159.jpg,naevus,HAM_HAM_0005827,HAM10000,CC-BY-NC-4.0,
fitzpatrick17k_hf/images/img_3160.jpg,naevus,HAM_HAM_0002415,HAM10000,CC-BY-NC-4.0,
fitzpatrick17k_hf/images/img_3161.jpg,naevus,HAM_HAM_0000666,HAM10000,CC-BY-NC-4.0,
fitzpatrick17k_hf/images/img_3162.jpg,naevus,HAM_HAM_0003491,HAM10000,CC-BY-NC-4.0,
fitzpatrick17k_hf/images/img_3163.jpg,naevus,HAM_HAM_0003078,HAM10000,CC-BY-NC-4.0,
fitzpatrick17k_hf/images/img_3164.jpg,naevus,HAM_HAM_0000861,HAM10000,CC-BY-NC-4.0,
fitzpatrick17k_hf/images/img_3165.jpg,naevus,HAM_HAM_0000025,HAM10000,CC-BY-NC-4.0,
fitzpatrick17k_hf/images/img_3166.jpg,naevus,HAM_HAM_0000199,HAM10000,CC-BY-NC-4.0,
fitzpatrick17k_hf/images/img_3167.jpg,naevus,HAM_HAM_0006033,HAM10000,CC-BY-NC-4.0,
fitzpatrick17k_hf/images/img_3168.jpg,naevus,HAM_HAM_0001035,HAM10000,CC-BY-NC-4.0,
fitzpatrick17k_hf/images/img_3169.jpg,naevus,HAM_HAM_0005144,HAM10000,CC-BY-NC-4.0,
fitzpatrick17k_hf/images/img_3170.jpg,naevus,HAM_HAM_0004833,HAM10000,CC-BY-NC-4.0,
fitzpatrick17k_hf/images/img_3171.jpg,naevus,HAM_HAM_0007119,HAM10000,CC-BY-NC-4.0,
fitzpatrick17k_hf/images/img_3172.jpg,naevus,HAM_HAM_0003145,HAM10000,CC-BY-NC-4.0,
fitzpatrick17k_hf/images/img_3173.jpg,naevus,HAM_HAM_0006669,HAM10000,CC-BY-NC-4.0,
fitzpatrick17k_hf/images/img_3174.jpg,naevus,HAM_HAM_0002973,HAM10000,CC-BY-NC-4.0,
fitzpatrick17k_hf/images/img_3175.jpg,naevus,HAM_HAM_0003525,HAM10000,CC-BY-NC-4.0,
fitzpatrick17k_hf/images/img_3176.jpg,naevus,HAM_HAM_0002776,HAM10000,CC-BY-NC-4.0,
fitzpatrick17k_hf/images/img_3177.jpg,naevus,HAM_HAM_0000023,HAM10000,CC-BY-NC-4.0,
fitzpatrick17k_hf/images/img_3178.jpg,naevus,HAM_HAM_0005326,HAM10000,CC-BY-NC-4.0,
fitzpatrick17k_hf/images/img_3179.jpg,naevus,HAM_HAM_0006888,HAM10000,CC-BY-NC-4.0,
fitzpatrick17k_hf/images/img_3180.jpg,naevus,HAM_HAM_0006983,HAM10000,CC-BY-NC-4.0,
fitzpatrick17k_hf/images/img_3181.jpg,naevus,HAM_HAM_0002975,HAM10000,CC-BY-NC-4.0,
fitzpatrick17k_hf/images/img_3182.jpg,naevus,HAM_HAM_0003932,HAM10000,CC-BY-NC-4.0,
fitzpatrick17k_hf/images/img_3183.jpg,naevus,HAM_HAM_0002458,HAM10000,CC-BY-NC-4.0,
fitzpatrick17k_hf/images/img_3184.jpg,naevus,HAM_HAM_0000787,HAM10000,CC-BY-NC-4.0,
fitzpatrick17k_hf/images/img_3185.jpg,naevus,HAM_HAM_0001639,HAM10000,CC-BY-NC-4.0,
fitzpatrick17k_hf/images/img_3186.jpg,naevus,HAM_HAM_0007407,HAM10000,CC-BY-NC-4.0,
fitzpatrick17k_hf/images/img_3187.jpg,naevus,HAM_HAM_0005525,HAM10000,CC-BY-NC-4.0,
fitzpatrick17k_hf/images/img_3188.jpg,naevus,HAM_HAM_0002872,HAM10000,CC-BY-NC-4.0,
fitzpatrick17k_hf/images/img_3189.jpg,naevus,HAM_HAM_0005950,HAM10000,CC-BY-NC-4.0,
fitzpatrick17k_hf/images/img_3190.jpg,naevus,HAM_HAM_0000562,HAM10000,CC-BY-NC-4.0,
fitzpatrick17k_hf/images/img_3191.jpg,naevus,HAM_HAM_0002013,HAM10000,CC-BY-NC-4.0,
fitzpatrick17k_hf/images/img_3192.jpg,naevus,HAM_HAM_0006785,HAM10000,CC-BY-NC-4.0,
fitzpatrick17k_hf/images/img_3193.jpg,naevus,HAM_HAM_0001010,HAM10000,CC-BY-NC-4.0,
fitzpatrick17k_hf/images/img_3194.jpg,naevus,HAM_HAM_0003255,HAM10000,CC-BY-NC-4.0,
fitzpatrick17k_hf/images/img_3195.jpg,naevus,HAM_HAM_0004130,HAM10000,CC-BY-NC-4.0,
fitzpatrick17k_hf/images/img_3196.jpg,naevus,HAM_HAM_0006953,HAM10000,CC-BY-NC-4.0,
fitzpatrick17k_hf/images/img_3197.jpg,naevus,HAM_HAM_0002223,HAM10000,CC-BY-NC-4.0,
fitzpatrick17k_hf/images/img_3198.jpg,naevus,HAM_HAM_0006583,HAM10000,CC-BY-NC-4.0,
fitzpatrick17k_hf/images/img_3199.jpg,naevus,HAM_HAM_0003523,HAM10000,CC-BY-NC-4.0,
fitzpatrick17k_hf/images/img_3200.jpg,naevus,HAM_HAM_0000755,HAM10000,CC-BY-NC-4.0,
fitzpatrick17k_hf/images/img_3201.jpg,naevus,HAM_HAM_0001560,HAM10000,CC-BY-NC-4.0,
fitzpatrick17k_hf/images/img_3202.jpg,naevus,HAM_HAM_0001265,HAM10000,CC-BY-NC-4.0,
fitzpatrick17k_hf/images/img_3203.jpg,naevus,HAM_HAM_0000732,HAM10000,CC-BY-NC-4.0,
fitzpatrick17k_hf/images/img_3204.jpg,naevus,HAM_HAM_0002524,HAM10000,CC-BY-NC-4.0,
fitzpatrick17k_hf/images/img_3205.jpg,naevus,HAM_HAM_0001897,HAM10000,CC-BY-NC-4.0,
fitzpatrick17k_hf/images/img_3206.jpg,naevus,HAM_HAM_0003258,HAM10000,CC-BY-NC-4.0,
fitzpatrick17k_hf/images/img_3207.jpg,naevus,HAM_HAM_0000926,HAM10000,CC-BY-NC-4.0,
fitzpatrick17k_hf/images/img_3208.jpg,naevus,HAM_HAM_0002571,HAM10000,CC-BY-NC-4.0,
fitzpatrick17k_hf/images/img_3209.jpg,naevus,HAM_HAM_0003084,HAM10000,CC-BY-NC-4.0,
fitzpatrick17k_hf/images/img_3210.jpg,naevus,HAM_HAM_0006419,HAM10000,CC-BY-NC-4.0,
fitzpatrick17k_hf/images/img_3211.jpg,naevus,HAM_HAM_0002384,HAM10000,CC-BY-NC-4.0,
fitzpatrick17k_hf/images/img_3212.jpg,naevus,HAM_HAM_0006632,HAM10000,CC-BY-NC-4.0,
fitzpatrick17k_hf/images/img_3213.jpg,naevus,HAM_HAM_0003678,HAM10000,CC-BY-NC-4.0,
fitzpatrick17k_hf/images/img_3214.jpg,naevus,HAM_HAM_0004729,HAM10000,CC-BY-NC-4.0,
fitzpatrick17k_hf/images/img_3215.jpg,naevus,HAM_HAM_0001880,HAM10000,CC-BY-NC-4.0,
fitzpatrick17k_hf/images/img_3216.jpg,naevus,HAM_HAM_0007198,HAM10000,CC-BY-NC-4.0,
fitzpatrick17k_hf/images/img_3217.jpg,naevus,HAM_HAM_0001339,HAM10000,CC-BY-NC-4.0,
fitzpatrick17k_hf/images/img_3218.jpg,naevus,HAM_HAM_0006219,HAM10000,CC-BY-NC-4.0,
fitzpatrick17k_hf/images/img_3219.jpg,naevus,HAM_HAM_0000670,HAM10000,CC-BY-NC-4.0,
fitzpatrick17k_hf/images/img_3220.jpg,naevus,HAM_HAM_0007201,HAM10000,CC-BY-NC-4.0,
fitzpatrick17k_hf/images/img_3221.jpg,naevus,HAM_HAM_0001111,HAM10000,CC-BY-NC-4.0,
fitzpatrick17k_hf/images/img_3222.jpg,naevus,HAM_HAM_0000448,HAM10000,CC-BY-NC-4.0,
fitzpatrick17k_hf/images/img_3223.jpg,naevus,HAM_HAM_0005366,HAM10000,CC-BY-NC-4.0,
fitzpatrick17k_hf/images/img_3224.jpg,naevus,HAM_HAM_0002256,HAM10000,CC-BY-NC-4.0,
fitzpatrick17k_hf/images/img_3225.jpg,naevus,HAM_HAM_0005519,HAM10000,CC-BY-NC-4.0,
fitzpatrick17k_hf/images/img_3226.jpg,naevus,HAM_HAM_0005762,HAM10000,CC-BY-NC-4.0,
fitzpatrick17k_hf/images/img_3227.jpg,naevus,HAM_HAM_0002205,HAM10000,CC-BY-NC-4.0,
fitzpatrick17k_hf/images/img_3228.jpg,naevus,HAM_HAM_0001541,HAM10000,CC-BY-NC-4.0,
fitzpatrick17k_hf/images/img_3229.jpg,naevus,HAM_HAM_0005042,HAM10000,CC-BY-NC-4.0,
fitzpatrick17k_hf/images/img_3230.jpg,naevus,HAM_HAM_0006676,HAM10000,CC-BY-NC-4.0,
fitzpatrick17k_hf/images/img_3231.jpg,naevus,HAM_HAM_0000464,HAM10000,CC-BY-NC-4.0,
fitzpatrick17k_hf/images/img_3232.jpg,naevus,HAM_HAM_0005589,HAM10000,CC-BY-NC-4.0,
fitzpatrick17k_hf/images/img_3233.jpg,naevus,HAM_HAM_0003781,HAM10000,CC-BY-NC-4.0,
fitzpatrick17k_hf/images/img_3234.jpg,naevus,HAM_HAM_0005755,HAM10000,CC-BY-NC-4.0,
fitzpatrick17k_hf/images/img_3235.jpg,naevus,HAM_HAM_0000986,HAM10000,CC-BY-NC-4.0,
fitzpatrick17k_hf/images/img_3236.jpg,naevus,HAM_HAM_0003168,HAM10000,CC-BY-NC-4.0,
fitzpatrick17k_hf/images/img_3237.jpg,naevus,HAM_HAM_0006581,HAM10000,CC-BY-NC-4.0,
fitzpatrick17k_hf/images/img_3238.jpg,naevus,HAM_HAM_0000912,HAM10000,CC-BY-NC-4.0,
fitzpatrick17k_hf/images/img_3239.jpg,naevus,HAM_HAM_0003729,HAM10000,CC-BY-NC-4.0,
fitzpatrick17k_hf/images/img_3240.jpg,naevus,HAM_HAM_0002649,HAM10000,CC-BY-NC-4.0,
fitzpatrick17k_hf/images/img_3241.jpg,naevus,HAM_HAM_0003299,HAM10000,CC-BY-NC-4.0,
fitzpatrick17k_hf/images/img_3242.jpg,naevus,HAM_HAM_0001375,HAM10000,CC-BY-NC-4.0,
fitzpatrick17k_hf/images/img_3243.jpg,naevus,HAM_HAM_0006429,HAM10000,CC-BY-NC-4.0,
fitzpatrick17k_hf/images/img_3244.jpg,naevus,HAM_HAM_0003412,HAM10000,CC-BY-NC-4.0,
fitzpatrick17k_hf/images/img_3245.jpg,naevus,HAM_HAM_0006306,HAM10000,CC-BY-NC-4.0,
fitzpatrick17k_hf/images/img_3246.jpg,naevus,HAM_HAM_0002230,HAM10000,CC-BY-NC-4.0,
fitzpatrick17k_hf/images/img_3247.jpg,naevus,HAM_HAM_0002095,HAM10000,CC-BY-NC-4.0,
fitzpatrick17k_hf/images/img_3248.jpg,naevus,HAM_HAM_0003788,HAM10000,CC-BY-NC-4.0,
fitzpatrick17k_hf/images/img_3249.jpg,naevus,HAM_HAM_0003955,HAM10000,CC-BY-NC-4.0,
fitzpatrick17k_hf/images/img_3250.jpg,naevus,HAM_HAM_0004380,HAM10000,CC-BY-NC-4.0,
fitzpatrick17k_hf/images/img_3251.jpg,naevus,HAM_HAM_0003651,HAM10000,CC-BY-NC-4.0,
fitzpatrick17k_hf/images/img_3252.jpg,naevus,HAM_HAM_0005170,HAM10000,CC-BY-NC-4.0,
fitzpatrick17k_hf/images/img_3253.jpg,naevus,HAM_HAM_0002221,HAM10000,CC-BY-NC-4.0,
fitzpatrick17k_hf/images/img_3254.jpg,naevus,HAM_HAM_0003960,HAM10000,CC-BY-NC-4.0,
fitzpatrick17k_hf/images/img_3255.jpg,naevus,HAM_HAM_0002630,HAM10000,CC-BY-NC-4.0,
fitzpatrick17k_hf/images/img_3256.jpg,naevus,HAM_HAM_0000761,HAM10000,CC-BY-NC-4.0,
fitzpatrick17k_hf/images/img_3257.jpg,naevus,HAM_HAM_0000187,HAM10000,CC-BY-NC-4.0,
fitzpatrick17k_hf/images/img_3258.jpg,naevus,HAM_HAM_0005067,HAM10000,CC-BY-NC-4.0,
fitzpatrick17k_hf/images/img_3259.jpg,naevus,HAM_HAM_0004782,HAM10000,CC-BY-NC-4.0,
fitzpatrick17k_hf/images/img_3260.jpg,naevus,HAM_HAM_0007325,HAM10000,CC-BY-NC-4.0,
fitzpatrick17k_hf/images/img_3261.jpg,naevus,HAM_HAM_0007205,HAM10000,CC-BY-NC-4.0,
fitzpatrick17k_hf/images/img_3262.jpg,naevus,HAM_HAM_0007103,HAM10000,CC-BY-NC-4.0,
fitzpatrick17k_hf/images/img_3263.jpg,naevus,HAM_HAM_0001901,HAM10000,CC-BY-NC-4.0,
fitzpatrick17k_hf/images/img_3264.jpg,naevus,HAM_HAM_0001081,HAM10000,CC-BY-NC-4.0,
fitzpatrick17k_hf/images/img_3265.jpg,naevus,HAM_HAM_0003243,HAM10000,CC-BY-NC-4.0,
fitzpatrick17k_hf/images/img_3266.jpg,naevus,HAM_HAM_0003654,HAM10000,CC-BY-NC-4.0,
fitzpatrick17k_hf/images/img_3267.jpg,naevus,HAM_HAM_0001252,HAM10000,CC-BY-NC-4.0,
fitzpatrick17k_hf/images/img_3268.jpg,naevus,HAM_HAM_0002361,HAM10000,CC-BY-NC-4.0,
fitzpatrick17k_hf/images/img_3269.jpg,naevus,HAM_HAM_0002412,HAM10000,CC-BY-NC-4.0,
fitzpatrick17k_hf/images/img_3270.jpg,naevus,HAM_HAM_0000932,HAM10000,CC-BY-NC-4.0,
fitzpatrick17k_hf/images/img_3271.jpg,naevus,HAM_HAM_0000477,HAM10000,CC-BY-NC-4.0,
fitzpatrick17k_hf/images/img_3272.jpg,naevus,HAM_HAM_0004897,HAM10000,CC-BY-NC-4.0,
fitzpatrick17k_hf/images/img_3273.jpg,naevus,HAM_HAM_0000848,HAM10000,CC-BY-NC-4.0,
fitzpatrick17k_hf/images/img_3274.jpg,naevus,HAM_HAM_0006967,HAM10000,CC-BY-NC-4.0,
fitzpatrick17k_hf/images/img_3275.jpg,naevus,HAM_HAM_0005762,HAM10000,CC-BY-NC-4.0,
fitzpatrick17k_hf/images/img_3276.jpg,naevus,HAM_HAM_0004856,HAM10000,CC-BY-NC-4.0,
fitzpatrick17k_hf/images/img_3277.jpg,naevus,HAM_HAM_0005411,HAM10000,CC-BY-NC-4.0,
fitzpatrick17k_hf/images/img_3278.jpg,naevus,HAM_HAM_0003751,HAM10000,CC-BY-NC-4.0,
fitzpatrick17k_hf/images/img_3279.jpg,naevus,HAM_HAM_0001680,HAM10000,CC-BY-NC-4.0,
fitzpatrick17k_hf/images/img_3280.jpg,naevus,HAM_HAM_0007200,HAM10000,CC-BY-NC-4.0,
fitzpatrick17k_hf/images/img_3281.jpg,naevus,HAM_HAM_0002216,HAM10000,CC-BY-NC-4.0,
fitzpatrick17k_hf/images/img_3282.jpg,naevus,HAM_HAM_0004456,HAM10000,CC-BY-NC-4.0,
fitzpatrick17k_hf/images/img_3283.jpg,naevus,HAM_HAM_0001365,HAM10000,CC-BY-NC-4.0,
fitzpatrick17k_hf/images/img_3284.jpg,naevus,HAM_HAM_0005714,HAM10000,CC-BY-NC-4.0,
fitzpatrick17k_hf/images/img_3285.jpg,naevus,HAM_HAM_0002285,HAM10000,CC-BY-NC-4.0,
fitzpatrick17k_hf/images/img_3286.jpg,naevus,HAM_HAM_0004385,HAM10000,CC-BY-NC-4.0,
fitzpatrick17k_hf/images/img_3287.jpg,naevus,HAM_HAM_0006927,HAM10000,CC-BY-NC-4.0,
fitzpatrick17k_hf/images/img_3288.jpg,naevus,HAM_HAM_0004918,HAM10000,CC-BY-NC-4.0,
fitzpatrick17k_hf/images/img_3289.jpg,naevus,HAM_HAM_0002589,HAM10000,CC-BY-NC-4.0,
fitzpatrick17k_hf/images/img_3290.jpg,naevus,HAM_HAM_0005564,HAM10000,CC-BY-NC-4.0,
fitzpatrick17k_hf/images/img_3291.jpg,naevus,HAM_HAM_0007624,HAM10000,CC-BY-NC-4.0,
fitzpatrick17k_hf/images/img_3292.jpg,naevus,HAM_HAM_0006104,HAM10000,CC-BY-NC-4.0,
fitzpatrick17k_hf/images/img_3293.jpg,naevus,HAM_HAM_0002442,HAM10000,CC-BY-NC-4.0,
fitzpatrick17k_hf/images/img_3294.jpg,naevus,HAM_HAM_0007609,HAM10000,CC-BY-NC-4.0,
fitzpatrick17k_hf/images/img_3295.jpg,naevus,HAM_HAM_0002881,HAM10000,CC-BY-NC-4.0,
fitzpatrick17k_hf/images/img_3296.jpg,naevus,HAM_HAM_0001479,HAM10000,CC-BY-NC-4.0,
fitzpatrick17k_hf/images/img_3297.jpg,naevus,HAM_HAM_0001803,HAM10000,CC-BY-NC-4.0,
fitzpatrick17k_hf/images/img_3298.jpg,naevus,HAM_HAM_0005940,HAM10000,CC-BY-NC-4.0,
fitzpatrick17k_hf/images/img_3299.jpg,naevus,HAM_HAM_0004339,HAM10000,CC-BY-NC-4.0,
fitzpatrick17k_hf/images/img_3300.jpg,naevus,HAM_HAM_0001356,HAM10000,CC-BY-NC-4.0,
fitzpatrick17k_hf/images/img_3301.jpg,naevus,HAM_HAM_0003550,HAM10000,CC-BY-NC-4.0,
fitzpatrick17k_hf/images/img_3302.jpg,naevus,HAM_HAM_0000905,HAM10000,CC-BY-NC-4.0,
fitzpatrick17k_hf/images/img_3303.jpg,naevus,HAM_HAM_0004951,HAM10000,CC-BY-NC-4.0,
fitzpatrick17k_hf/images/img_3304.jpg,naevus,HAM_HAM_0000794,HAM10000,CC-BY-NC-4.0,
fitzpatrick17k_hf/images/img_3305.jpg,naevus,HAM_HAM_0002176,HAM10000,CC-BY-NC-4.0,
fitzpatrick17k_hf/images/img_3306.jpg,naevus,HAM_HAM_0000051,HAM10000,CC-BY-NC-4.0,
fitzpatrick17k_hf/images/img_3307.jpg,naevus,HAM_HAM_0000221,HAM10000,CC-BY-NC-4.0,
fitzpatrick17k_hf/images/img_3308.jpg,naevus,HAM_HAM_0007140,HAM10000,CC-BY-NC-4.0,
fitzpatrick17k_hf/images/img_3309.jpg,naevus,HAM_HAM_0002729,HAM10000,CC-BY-NC-4.0,
fitzpatrick17k_hf/images/img_3310.jpg,naevus,HAM_HAM_0005318,HAM10000,CC-BY-NC-4.0,
fitzpatrick17k_hf/images/img_3311.jpg,naevus,HAM_HAM_0001002,HAM10000,CC-BY-NC-4.0,
fitzpatrick17k_hf/images/img_3312.jpg,naevus,HAM_HAM_0002278,HAM10000,CC-BY-NC-4.0,
fitzpatrick17k_hf/images/img_3313.jpg,naevus,HAM_HAM_0005288,HAM10000,CC-BY-NC-4.0,
fitzpatrick17k_hf/images/img_3314.jpg,naevus,HAM_HAM_0005015,HAM10000,CC-BY-NC-4.0,
fitzpatrick17k_hf/images/img_3315.jpg,naevus,HAM_HAM_0001039,HAM10000,CC-BY-NC-4.0,
fitzpatrick17k_hf/images/img_3316.jpg,naevus,HAM_HAM_0001718,HAM10000,CC-BY-NC-4.0,
fitzpatrick17k_hf/images/img_3317.jpg,naevus,HAM_HAM_0006469,HAM10000,CC-BY-NC-4.0,
fitzpatrick17k_hf/images/img_3318.jpg,naevus,HAM_HAM_0007504,HAM10000,CC-BY-NC-4.0,
fitzpatrick17k_hf/images/img_3319.jpg,naevus,HAM_HAM_0004537,HAM10000,CC-BY-NC-4.0,
fitzpatrick17k_hf/images/img_3320.jpg,naevus,HAM_HAM_0006745,HAM10000,CC-BY-NC-4.0,
fitzpatrick17k_hf/images/img_3321.jpg,naevus,HAM_HAM_0007022,HAM10000,CC-BY-NC-4.0,
fitzpatrick17k_hf/images/img_3322.jpg,naevus,HAM_HAM_0005236,HAM10000,CC-BY-NC-4.0,
fitzpatrick17k_hf/images/img_3323.jpg,naevus,HAM_HAM_0007311,HAM10000,CC-BY-NC-4.0,
fitzpatrick17k_hf/images/img_3324.jpg,naevus,HAM_HAM_0005946,HAM10000,CC-BY-NC-4.0,
fitzpatrick17k_hf/images/img_3325.jpg,naevus,HAM_HAM_0000272,HAM10000,CC-BY-NC-4.0,
fitzpatrick17k_hf/images/img_3326.jpg,naevus,HAM_HAM_0004360,HAM10000,CC-BY-NC-4.0,
fitzpatrick17k_hf/images/img_3327.jpg,naevus,HAM_HAM_0006478,HAM10000,CC-BY-NC-4.0,
fitzpatrick17k_hf/images/img_3328.jpg,naevus,HAM_HAM_0003736,HAM10000,CC-BY-NC-4.0,
fitzpatrick17k_hf/images/img_3329.jpg,naevus,HAM_HAM_0002238,HAM10000,CC-BY-NC-4.0,
fitzpatrick17k_hf/images/img_3330.jpg,naevus,HAM_HAM_0004041,HAM10000,CC-BY-NC-4.0,
fitzpatrick17k_hf/images/img_3331.jpg,naevus,HAM_HAM_0004418,HAM10000,CC-BY-NC-4.0,
fitzpatrick17k_hf/images/img_3332.jpg,naevus,HAM_HAM_0001019,HAM10000,CC-BY-NC-4.0,
fitzpatrick17k_hf/images/img_3333.jpg,naevus,HAM_HAM_0003658,HAM10000,CC-BY-NC-4.0,
fitzpatrick17k_hf/images/img_3334.jpg,naevus,HAM_HAM_0000533,HAM10000,CC-BY-NC-4.0,
fitzpatrick17k_hf/images/img_3335.jpg,naevus,HAM_HAM_0002274,HAM10000,CC-BY-NC-4.0,
fitzpatrick17k_hf/images/img_3336.jpg,naevus,HAM_HAM_0003222,HAM10000,CC-BY-NC-4.0,
fitzpatrick17k_hf/images/img_3337.jpg,naevus,HAM_HAM_0004039,HAM10000,CC-BY-NC-4.0,
fitzpatrick17k_hf/images/img_3338.jpg,naevus,HAM_HAM_0005127,HAM10000,CC-BY-NC-4.0,
fitzpatrick17k_hf/images/img_3339.jpg,naevus,HAM_HAM_0000577,HAM10000,CC-BY-NC-4.0,
fitzpatrick17k_hf/images/img_3340.jpg,naevus,HAM_HAM_0002885,HAM10000,CC-BY-NC-4.0,
fitzpatrick17k_hf/images/img_3341.jpg,naevus,HAM_HAM_0003240,HAM10000,CC-BY-NC-4.0,
fitzpatrick17k_hf/images/img_3342.jpg,naevus,HAM_HAM_0005447,HAM10000,CC-BY-NC-4.0,
fitzpatrick17k_hf/images/img_3343.jpg,naevus,HAM_HAM_0004066,HAM10000,CC-BY-NC-4.0,
fitzpatrick17k_hf/images/img_3344.jpg,naevus,HAM_HAM_0000057,HAM10000,CC-BY-NC-4.0,
fitzpatrick17k_hf/images/img_3345.jpg,naevus,HAM_HAM_0004305,HAM10000,CC-BY-NC-4.0,
fitzpatrick17k_hf/images/img_3346.jpg,naevus,HAM_HAM_0007134,HAM10000,CC-BY-NC-4.0,
fitzpatrick17k_hf/images/img_3347.jpg,naevus,HAM_HAM_0004734,HAM10000,CC-BY-NC-4.0,
fitzpatrick17k_hf/images/img_3348.jpg,naevus,HAM_HAM_0000340,HAM10000,CC-BY-NC-4.0,
fitzpatrick17k_hf/images/img_3349.jpg,naevus,HAM_HAM_0007324,HAM10000,CC-BY-NC-4.0,
fitzpatrick17k_hf/images/img_3350.jpg,naevus,HAM_HAM_0003344,HAM10000,CC-BY-NC-4.0,
fitzpatrick17k_hf/images/img_3351.jpg,naevus,HAM_HAM_0007167,HAM10000,CC-BY-NC-4.0,
fitzpatrick17k_hf/images/img_3352.jpg,naevus,HAM_HAM_0000889,HAM10000,CC-BY-NC-4.0,
fitzpatrick17k_hf/images/img_3353.jpg,naevus,HAM_HAM_0001452,HAM10000,CC-BY-NC-4.0,
fitzpatrick17k_hf/images/img_3354.jpg,naevus,HAM_HAM_0003663,HAM10000,CC-BY-NC-4.0,
fitzpatrick17k_hf/images/img_3355.jpg,naevus,HAM_HAM_0003727,HAM10000,CC-BY-NC-4.0,
fitzpatrick17k_hf/images/img_3356.jpg,naevus,HAM_HAM_0005964,HAM10000,CC-BY-NC-4.0,
fitzpatrick17k_hf/images/img_3357.jpg,naevus,HAM_HAM_0005510,HAM10000,CC-BY-NC-4.0,
fitzpatrick17k_hf/images/img_3358.jpg,naevus,HAM_HAM_0001736,HAM10000,CC-BY-NC-4.0,
fitzpatrick17k_hf/images/img_3359.jpg,naevus,HAM_HAM_0000271,HAM10000,CC-BY-NC-4.0,
fitzpatrick17k_hf/images/img_3360.jpg,naevus,HAM_HAM_0002104,HAM10000,CC-BY-NC-4.0,
fitzpatrick17k_hf/images/img_3361.jpg,naevus,HAM_HAM_0002873,HAM10000,CC-BY-NC-4.0,
fitzpatrick17k_hf/images/img_3362.jpg,naevus,HAM_HAM_0005431,HAM10000,CC-BY-NC-4.0,
fitzpatrick17k_hf/images/img_3363.jpg,naevus,HAM_HAM_0001022,HAM10000,CC-BY-NC-4.0,
fitzpatrick17k_hf/images/img_3364.jpg,naevus,HAM_HAM_0000520,HAM10000,CC-BY-NC-4.0,
fitzpatrick17k_hf/images/img_3365.jpg,naevus,HAM_HAM_0005831,HAM10000,CC-BY-NC-4.0,
fitzpatrick17k_hf/images/img_3366.jpg,naevus,HAM_HAM_0000752,HAM10000,CC-BY-NC-4.0,
fitzpatrick17k_hf/images/img_3367.jpg,naevus,HAM_HAM_0002067,HAM10000,CC-BY-NC-4.0,
fitzpatrick17k_hf/images/img_3368.jpg,naevus,HAM_HAM_0005267,HAM10000,CC-BY-NC-4.0,
fitzpatrick17k_hf/images/img_3369.jpg,naevus,HAM_HAM_0001919,HAM10000,CC-BY-NC-4.0,
fitzpatrick17k_hf/images/img_3370.jpg,naevus,HAM_HAM_0002971,HAM10000,CC-BY-NC-4.0,
fitzpatrick17k_hf/images/img_3371.jpg,naevus,HAM_HAM_0006034,HAM10000,CC-BY-NC-4.0,
fitzpatrick17k_hf/images/img_3372.jpg,naevus,HAM_HAM_0003667,HAM10000,CC-BY-NC-4.0,
fitzpatrick17k_hf/images/img_3373.jpg,naevus,HAM_HAM_0004931,HAM10000,CC-BY-NC-4.0,
fitzpatrick17k_hf/images/img_3374.jpg,naevus,HAM_HAM_0006118,HAM10000,CC-BY-NC-4.0,
fitzpatrick17k_hf/images/img_3375.jpg,naevus,HAM_HAM_0006268,HAM10000,CC-BY-NC-4.0,
fitzpatrick17k_hf/images/img_3376.jpg,naevus,HAM_HAM_0007414,HAM10000,CC-BY-NC-4.0,
fitzpatrick17k_hf/images/img_3377.jpg,naevus,HAM_HAM_0006532,HAM10000,CC-BY-NC-4.0,
fitzpatrick17k_hf/images/img_3378.jpg,naevus,HAM_HAM_0000260,HAM10000,CC-BY-NC-4.0,
fitzpatrick17k_hf/images/img_3379.jpg,naevus,HAM_HAM_0006251,HAM10000,CC-BY-NC-4.0,
fitzpatrick17k_hf/images/img_3380.jpg,naevus,HAM_HAM_0005018,HAM10000,CC-BY-NC-4.0,
fitzpatrick17k_hf/images/img_3381.jpg,naevus,HAM_HAM_0004288,HAM10000,CC-BY-NC-4.0,
fitzpatrick17k_hf/images/img_3382.jpg,naevus,HAM_HAM_0003573,HAM10000,CC-BY-NC-4.0,
fitzpatrick17k_hf/images/img_3383.jpg,naevus,HAM_HAM_0002659,HAM10000,CC-BY-NC-4.0,
fitzpatrick17k_hf/images/img_3384.jpg,naevus,HAM_HAM_0002284,HAM10000,CC-BY-NC-4.0,
fitzpatrick17k_hf/images/img_3385.jpg,naevus,HAM_HAM_0001784,HAM10000,CC-BY-NC-4.0,
fitzpatrick17k_hf/images/img_3386.jpg,naevus,HAM_HAM_0005712,HAM10000,CC-BY-NC-4.0,
fitzpatrick17k_hf/images/img_3387.jpg,naevus,HAM_HAM_0003311,HAM10000,CC-BY-NC-4.0,
fitzpatrick17k_hf/images/img_3388.jpg,naevus,HAM_HAM_0006210,HAM10000,CC-BY-NC-4.0,
fitzpatrick17k_hf/images/img_3389.jpg,naevus,HAM_HAM_0001027,HAM10000,CC-BY-NC-4.0,
fitzpatrick17k_hf/images/img_3390.jpg,naevus,HAM_HAM_0002241,HAM10000,CC-BY-NC-4.0,
fitzpatrick17k_hf/images/img_3391.jpg,naevus,HAM_HAM_0006792,HAM10000,CC-BY-NC-4.0,
fitzpatrick17k_hf/images/img_3392.jpg,naevus,HAM_HAM_0007523,HAM10000,CC-BY-NC-4.0,
fitzpatrick17k_hf/images/img_3393.jpg,naevus,HAM_HAM_0001845,HAM10000,CC-BY-NC-4.0,
fitzpatrick17k_hf/images/img_3394.jpg,naevus,HAM_HAM_0006948,HAM10000,CC-BY-NC-4.0,
fitzpatrick17k_hf/images/img_3395.jpg,naevus,HAM_HAM_0006168,HAM10000,CC-BY-NC-4.0,
fitzpatrick17k_hf/images/img_3396.jpg,naevus,HAM_HAM_0006661,HAM10000,CC-BY-NC-4.0,
fitzpatrick17k_hf/images/img_3397.jpg,naevus,HAM_HAM_0003553,HAM10000,CC-BY-NC-4.0,
fitzpatrick17k_hf/images/img_3398.jpg,naevus,HAM_HAM_0003314,HAM10000,CC-BY-NC-4.0,
fitzpatrick17k_hf/images/img_3399.jpg,naevus,HAM_HAM_0003950,HAM10000,CC-BY-NC-4.0,
fitzpatrick17k_hf/images/img_3400.jpg,naevus,HAM_HAM_0000303,HAM10000,CC-BY-NC-4.0,
fitzpatrick17k_hf/images/img_3401.jpg,naevus,HAM_HAM_0005656,HAM10000,CC-BY-NC-4.0,
fitzpatrick17k_hf/images/img_3402.jpg,naevus,HAM_HAM_0005576,HAM10000,CC-BY-NC-4.0,
fitzpatrick17k_hf/images/img_3403.jpg,naevus,HAM_HAM_0001902,HAM10000,CC-BY-NC-4.0,
fitzpatrick17k_hf/images/img_3404.jpg,naevus,HAM_HAM_0006788,HAM10000,CC-BY-NC-4.0,
fitzpatrick17k_hf/images/img_3405.jpg,naevus,HAM_HAM_0003118,HAM10000,CC-BY-NC-4.0,
fitzpatrick17k_hf/images/img_3406.jpg,naevus,HAM_HAM_0002608,HAM10000,CC-BY-NC-4.0,
fitzpatrick17k_hf/images/img_3407.jpg,naevus,HAM_HAM_0006414,HAM10000,CC-BY-NC-4.0,
fitzpatrick17k_hf/images/img_3408.jpg,naevus,HAM_HAM_0004845,HAM10000,CC-BY-NC-4.0,
fitzpatrick17k_hf/images/img_3409.jpg,naevus,HAM_HAM_0006430,HAM10000,CC-BY-NC-4.0,
fitzpatrick17k_hf/images/img_3410.jpg,naevus,HAM_HAM_0005387,HAM10000,CC-BY-NC-4.0,
fitzpatrick17k_hf/images/img_3411.jpg,naevus,HAM_HAM_0005786,HAM10000,CC-BY-NC-4.0,
fitzpatrick17k_hf/images/img_3412.jpg,naevus,HAM_HAM_0003156,HAM10000,CC-BY-NC-4.0,
fitzpatrick17k_hf/images/img_3413.jpg,naevus,HAM_HAM_0003977,HAM10000,CC-BY-NC-4.0,
fitzpatrick17k_hf/images/img_3414.jpg,naevus,HAM_HAM_0003627,HAM10000,CC-BY-NC-4.0,
fitzpatrick17k_hf/images/img_3415.jpg,naevus,HAM_HAM_0000054,HAM10000,CC-BY-NC-4.0,
fitzpatrick17k_hf/images/img_3416.jpg,naevus,HAM_HAM_0001216,HAM10000,CC-BY-NC-4.0,
fitzpatrick17k_hf/images/img_3417.jpg,naevus,HAM_HAM_0003583,HAM10000,CC-BY-NC-4.0,
fitzpatrick17k_hf/images/img_3418.jpg,naevus,HAM_HAM_0005107,HAM10000,CC-BY-NC-4.0,
fitzpatrick17k_hf/images/img_3419.jpg,naevus,HAM_HAM_0004148,HAM10000,CC-BY-NC-4.0,
fitzpatrick17k_hf/images/img_3420.jpg,naevus,HAM_HAM_0006091,HAM10000,CC-BY-NC-4.0,
fitzpatrick17k_hf/images/img_3421.jpg,naevus,HAM_HAM_0005807,HAM10000,CC-BY-NC-4.0,
fitzpatrick17k_hf/images/img_3422.jpg,naevus,HAM_HAM_0002428,HAM10000,CC-BY-NC-4.0,
fitzpatrick17k_hf/images/img_3423.jpg,naevus,HAM_HAM_0003974,HAM10000,CC-BY-NC-4.0,
fitzpatrick17k_hf/images/img_3424.jpg,naevus,HAM_HAM_0005910,HAM10000,CC-BY-NC-4.0,
fitzpatrick17k_hf/images/img_3425.jpg,naevus,HAM_HAM_0002779,HAM10000,CC-BY-NC-4.0,
fitzpatrick17k_hf/images/img_3426.jpg,naevus,HAM_HAM_0003532,HAM10000,CC-BY-NC-4.0,
fitzpatrick17k_hf/images/img_3427.jpg,naevus,HAM_HAM_0003646,HAM10000,CC-BY-NC-4.0,
fitzpatrick17k_hf/images/img_3428.jpg,naevus,HAM_HAM_0007255,HAM10000,CC-BY-NC-4.0,
fitzpatrick17k_hf/images/img_3429.jpg,naevus,HAM_HAM_0000642,HAM10000,CC-BY-NC-4.0,
fitzpatrick17k_hf/images/img_3430.jpg,naevus,HAM_HAM_0004939,HAM10000,CC-BY-NC-4.0,
fitzpatrick17k_hf/images/img_3431.jpg,naevus,HAM_HAM_0002438,HAM10000,CC-BY-NC-4.0,
fitzpatrick17k_hf/images/img_3432.jpg,naevus,HAM_HAM_0007109,HAM10000,CC-BY-NC-4.0,
fitzpatrick17k_hf/images/img_3433.jpg,naevus,HAM_HAM_0001159,HAM10000,CC-BY-NC-4.0,
fitzpatrick17k_hf/images/img_3434.jpg,naevus,HAM_HAM_0000365,HAM10000,CC-BY-NC-4.0,
fitzpatrick17k_hf/images/img_3435.jpg,naevus,HAM_HAM_0000691,HAM10000,CC-BY-NC-4.0,
fitzpatrick17k_hf/images/img_3436.jpg,naevus,HAM_HAM_0006480,HAM10000,CC-BY-NC-4.0,
fitzpatrick17k_hf/images/img_3437.jpg,naevus,HAM_HAM_0003278,HAM10000,CC-BY-NC-4.0,
fitzpatrick17k_hf/images/img_3438.jpg,naevus,HAM_HAM_0002778,HAM10000,CC-BY-NC-4.0,
fitzpatrick17k_hf/images/img_3439.jpg,naevus,HAM_HAM_0006929,HAM10000,CC-BY-NC-4.0,
fitzpatrick17k_hf/images/img_3440.jpg,naevus,HAM_HAM_0000599,HAM10000,CC-BY-NC-4.0,
fitzpatrick17k_hf/images/img_3441.jpg,naevus,HAM_HAM_0002581,HAM10000,CC-BY-NC-4.0,
fitzpatrick17k_hf/images/img_3442.jpg,naevus,HAM_HAM_0000971,HAM10000,CC-BY-NC-4.0,
fitzpatrick17k_hf/images/img_3443.jpg,naevus,HAM_HAM_0000436,HAM10000,CC-BY-NC-4.0,
fitzpatrick17k_hf/images/img_3444.jpg,naevus,HAM_HAM_0006255,HAM10000,CC-BY-NC-4.0,
fitzpatrick17k_hf/images/img_3445.jpg,naevus,HAM_HAM_0004672,HAM10000,CC-BY-NC-4.0,
fitzpatrick17k_hf/images/img_3446.jpg,naevus,HAM_HAM_0004802,HAM10000,CC-BY-NC-4.0,
fitzpatrick17k_hf/images/img_3447.jpg,naevus,HAM_HAM_0000900,HAM10000,CC-BY-NC-4.0,
fitzpatrick17k_hf/images/img_3448.jpg,naevus,HAM_HAM_0005828,HAM10000,CC-BY-NC-4.0,
fitzpatrick17k_hf/images/img_3449.jpg,naevus,HAM_HAM_0001335,HAM10000,CC-BY-NC-4.0,
fitzpatrick17k_hf/images/img_3450.jpg,naevus,HAM_HAM_0000598,HAM10000,CC-BY-NC-4.0,
fitzpatrick17k_hf/images/img_3451.jpg,naevus,HAM_HAM_0006514,HAM10000,CC-BY-NC-4.0,
fitzpatrick17k_hf/images/img_3452.jpg,naevus,HAM_HAM_0000896,HAM10000,CC-BY-NC-4.0,
fitzpatrick17k_hf/images/img_3453.jpg,naevus,HAM_HAM_0004546,HAM10000,CC-BY-NC-4.0,
fitzpatrick17k_hf/images/img_3454.jpg,naevus,HAM_HAM_0000429,HAM10000,CC-BY-NC-4.0,
fitzpatrick17k_hf/images/img_3455.jpg,naevus,HAM_HAM_0005526,HAM10000,CC-BY-NC-4.0,
fitzpatrick17k_hf/images/img_3456.jpg,naevus,HAM_HAM_0001659,HAM10000,CC-BY-NC-4.0,
fitzpatrick17k_hf/images/img_3457.jpg,naevus,HAM_HAM_0002465,HAM10000,CC-BY-NC-4.0,
fitzpatrick17k_hf/images/img_3458.jpg,naevus,HAM_HAM_0003740,HAM10000,CC-BY-NC-4.0,
fitzpatrick17k_hf/images/img_3459.jpg,naevus,HAM_HAM_0006150,HAM10000,CC-BY-NC-4.0,
fitzpatrick17k_hf/images/img_3460.jpg,naevus,HAM_HAM_0002728,HAM10000,CC-BY-NC-4.0,
fitzpatrick17k_hf/images/img_3461.jpg,naevus,HAM_HAM_0002583,HAM10000,CC-BY-NC-4.0,
fitzpatrick17k_hf/images/img_3462.jpg,naevus,HAM_HAM_0007001,HAM10000,CC-BY-NC-4.0,
fitzpatrick17k_hf/images/img_3463.jpg,naevus,HAM_HAM_0006835,HAM10000,CC-BY-NC-4.0,
fitzpatrick17k_hf/images/img_3464.jpg,naevus,HAM_HAM_0000601,HAM10000,CC-BY-NC-4.0,
fitzpatrick17k_hf/images/img_3465.jpg,naevus,HAM_HAM_0002022,HAM10000,CC-BY-NC-4.0,
fitzpatrick17k_hf/images/img_3466.jpg,naevus,HAM_HAM_0005008,HAM10000,CC-BY-NC-4.0,
fitzpatrick17k_hf/images/img_3467.jpg,naevus,HAM_HAM_0003747,HAM10000,CC-BY-NC-4.0,
fitzpatrick17k_hf/images/img_3468.jpg,naevus,HAM_HAM_0007329,HAM10000,CC-BY-NC-4.0,
fitzpatrick17k_hf/images/img_3469.jpg,naevus,HAM_HAM_0000459,HAM10000,CC-BY-NC-4.0,
fitzpatrick17k_hf/images/img_3470.jpg,naevus,HAM_HAM_0006507,HAM10000,CC-BY-NC-4.0,
fitzpatrick17k_hf/images/img_3471.jpg,naevus,HAM_HAM_0001124,HAM10000,CC-BY-NC-4.0,
fitzpatrick17k_hf/images/img_3472.jpg,naevus,HAM_HAM_0003821,HAM10000,CC-BY-NC-4.0,
fitzpatrick17k_hf/images/img_3473.jpg,naevus,HAM_HAM_0004089,HAM10000,CC-BY-NC-4.0,
fitzpatrick17k_hf/images/img_3474.jpg,naevus,HAM_HAM_0001406,HAM10000,CC-BY-NC-4.0,
fitzpatrick17k_hf/images/img_3475.jpg,naevus,HAM_HAM_0003383,HAM10000,CC-BY-NC-4.0,
fitzpatrick17k_hf/images/img_3476.jpg,naevus,HAM_HAM_0004795,HAM10000,CC-BY-NC-4.0,
fitzpatrick17k_hf/images/img_3477.jpg,naevus,HAM_HAM_0002339,HAM10000,CC-BY-NC-4.0,
fitzpatrick17k_hf/images/img_3478.jpg,naevus,HAM_HAM_0006602,HAM10000,CC-BY-NC-4.0,
fitzpatrick17k_hf/images/img_3479.jpg,naevus,HAM_HAM_0007144,HAM10000,CC-BY-NC-4.0,
fitzpatrick17k_hf/images/img_3480.jpg,naevus,HAM_HAM_0002319,HAM10000,CC-BY-NC-4.0,
fitzpatrick17k_hf/images/img_3481.jpg,naevus,HAM_HAM_0002899,HAM10000,CC-BY-NC-4.0,
fitzpatrick17k_hf/images/img_3482.jpg,naevus,HAM_HAM_0003571,HAM10000,CC-BY-NC-4.0,
fitzpatrick17k_hf/images/img_3483.jpg,naevus,HAM_HAM_0001306,HAM10000,CC-BY-NC-4.0,
fitzpatrick17k_hf/images/img_3484.jpg,naevus,HAM_HAM_0006979,HAM10000,CC-BY-NC-4.0,
fitzpatrick17k_hf/images/img_3485.jpg,naevus,HAM_HAM_0001497,HAM10000,CC-BY-NC-4.0,
fitzpatrick17k_hf/images/img_3486.jpg,naevus,HAM_HAM_0000162,HAM10000,CC-BY-NC-4.0,
fitzpatrick17k_hf/images/img_3487.jpg,naevus,HAM_HAM_0004279,HAM10000,CC-BY-NC-4.0,
fitzpatrick17k_hf/images/img_3488.jpg,naevus,HAM_HAM_0002470,HAM10000,CC-BY-NC-4.0,
fitzpatrick17k_hf/images/img_3489.jpg,naevus,HAM_HAM_0006561,HAM10000,CC-BY-NC-4.0,
fitzpatrick17k_hf/images/img_3490.jpg,naevus,HAM_HAM_0004116,HAM10000,CC-BY-NC-4.0,
fitzpatrick17k_hf/images/img_3491.jpg,naevus,HAM_HAM_0002532,HAM10000,CC-BY-NC-4.0,
fitzpatrick17k_hf/images/img_3492.jpg,naevus,HAM_HAM_0007105,HAM10000,CC-BY-NC-4.0,
fitzpatrick17k_hf/images/img_3493.jpg,naevus,HAM_HAM_0003804,HAM10000,CC-BY-NC-4.0,
fitzpatrick17k_hf/images/img_3494.jpg,naevus,HAM_HAM_0006916,HAM10000,CC-BY-NC-4.0,
fitzpatrick17k_hf/images/img_3495.jpg,naevus,HAM_HAM_0000730,HAM10000,CC-BY-NC-4.0,
fitzpatrick17k_hf/images/img_3496.jpg,naevus,HAM_HAM_0000435,HAM10000,CC-BY-NC-4.0,
fitzpatrick17k_hf/images/img_3497.jpg,naevus,HAM_HAM_0001494,HAM10000,CC-BY-NC-4.0,
fitzpatrick17k_hf/images/img_3498.jpg,naevus,HAM_HAM_0003961,HAM10000,CC-BY-NC-4.0,
fitzpatrick17k_hf/images/img_3499.jpg,naevus,HAM_HAM_0003519,HAM10000,CC-BY-NC-4.0,
fitzpatrick17k_hf/images/img_3500.jpg,naevus,HAM_HAM_0006935,HAM10000,CC-BY-NC-4.0,
fitzpatrick17k_hf/images/img_3501.jpg,naevus,HAM_HAM_0001682,HAM10000,CC-BY-NC-4.0,
fitzpatrick17k_hf/images/img_3502.jpg,naevus,HAM_HAM_0004150,HAM10000,CC-BY-NC-4.0,
fitzpatrick17k_hf/images/img_3503.jpg,naevus,HAM_HAM_0007548,HAM10000,CC-BY-NC-4.0,
fitzpatrick17k_hf/images/img_3504.jpg,naevus,HAM_HAM_0004057,HAM10000,CC-BY-NC-4.0,
fitzpatrick17k_hf/images/img_3505.jpg,naevus,HAM_HAM_0005222,HAM10000,CC-BY-NC-4.0,
fitzpatrick17k_hf/images/img_3506.jpg,naevus,HAM_HAM_0005929,HAM10000,CC-BY-NC-4.0,
fitzpatrick17k_hf/images/img_3507.jpg,naevus,HAM_HAM_0002410,HAM10000,CC-BY-NC-4.0,
fitzpatrick17k_hf/images/img_3508.jpg,naevus,HAM_HAM_0006309,HAM10000,CC-BY-NC-4.0,
fitzpatrick17k_hf/images/img_3509.jpg,naevus,HAM_HAM_0002753,HAM10000,CC-BY-NC-4.0,
fitzpatrick17k_hf/images/img_3510.jpg,naevus,HAM_HAM_0004855,HAM10000,CC-BY-NC-4.0,
fitzpatrick17k_hf/images/img_3511.jpg,naevus,HAM_HAM_0004477,HAM10000,CC-BY-NC-4.0,
fitzpatrick17k_hf/images/img_3512.jpg,naevus,HAM_HAM_0003994,HAM10000,CC-BY-NC-4.0,
fitzpatrick17k_hf/images/img_3513.jpg,naevus,HAM_HAM_0006621,HAM10000,CC-BY-NC-4.0,
fitzpatrick17k_hf/images/img_3514.jpg,naevus,HAM_HAM_0001535,HAM10000,CC-BY-NC-4.0,
fitzpatrick17k_hf/images/img_3515.jpg,naevus,HAM_HAM_0000591,HAM10000,CC-BY-NC-4.0,
fitzpatrick17k_hf/images/img_3516.jpg,naevus,HAM_HAM_0007036,HAM10000,CC-BY-NC-4.0,
fitzpatrick17k_hf/images/img_3517.jpg,naevus,HAM_HAM_0002768,HAM10000,CC-BY-NC-4.0,
fitzpatrick17k_hf/images/img_3518.jpg,naevus,HAM_HAM_0005436,HAM10000,CC-BY-NC-4.0,
fitzpatrick17k_hf/images/img_3519.jpg,naevus,HAM_HAM_0006641,HAM10000,CC-BY-NC-4.0,
fitzpatrick17k_hf/images/img_3520.jpg,naevus,HAM_HAM_0006599,HAM10000,CC-BY-NC-4.0,
fitzpatrick17k_hf/images/img_3521.jpg,naevus,HAM_HAM_0005140,HAM10000,CC-BY-NC-4.0,
fitzpatrick17k_hf/images/img_3522.jpg,naevus,HAM_HAM_0000778,HAM10000,CC-BY-NC-4.0,
fitzpatrick17k_hf/images/img_3523.jpg,naevus,HAM_HAM_0000900,HAM10000,CC-BY-NC-4.0,
fitzpatrick17k_hf/images/img_3524.jpg,naevus,HAM_HAM_0003660,HAM10000,CC-BY-NC-4.0,
fitzpatrick17k_hf/images/img_3525.jpg,naevus,HAM_HAM_0006916,HAM10000,CC-BY-NC-4.0,
fitzpatrick17k_hf/images/img_3526.jpg,naevus,HAM_HAM_0006526,HAM10000,CC-BY-NC-4.0,
fitzpatrick17k_hf/images/img_3527.jpg,naevus,HAM_HAM_0003944,HAM10000,CC-BY-NC-4.0,
fitzpatrick17k_hf/images/img_3528.jpg,naevus,HAM_HAM_0004251,HAM10000,CC-BY-NC-4.0,
fitzpatrick17k_hf/images/img_3529.jpg,naevus,HAM_HAM_0004836,HAM10000,CC-BY-NC-4.0,
fitzpatrick17k_hf/images/img_3530.jpg,naevus,HAM_HAM_0007543,HAM10000,CC-BY-NC-4.0,
fitzpatrick17k_hf/images/img_3531.jpg,naevus,HAM_HAM_0001262,HAM10000,CC-BY-NC-4.0,
fitzpatrick17k_hf/images/img_3532.jpg,naevus,HAM_HAM_0002075,HAM10000,CC-BY-NC-4.0,
fitzpatrick17k_hf/images/img_3533.jpg,naevus,HAM_HAM_0006773,HAM10000,CC-BY-NC-4.0,
fitzpatrick17k_hf/images/img_3534.jpg,naevus,HAM_HAM_0006806,HAM10000,CC-BY-NC-4.0,
fitzpatrick17k_hf/images/img_3535.jpg,naevus,HAM_HAM_0000327,HAM10000,CC-BY-NC-4.0,
fitzpatrick17k_hf/images/img_3536.jpg,naevus,HAM_HAM_0006731,HAM10000,CC-BY-NC-4.0,
fitzpatrick17k_hf/images/img_3537.jpg,naevus,HAM_HAM_0003056,HAM10000,CC-BY-NC-4.0,
fitzpatrick17k_hf/images/img_3538.jpg,naevus,HAM_HAM_0002475,HAM10000,CC-BY-NC-4.0,
fitzpatrick17k_hf/images/img_3539.jpg,naevus,HAM_HAM_0004319,HAM10000,CC-BY-NC-4.0,
fitzpatrick17k_hf/images/img_3540.jpg,naevus,HAM_HAM_0001861,HAM10000,CC-BY-NC-4.0,
fitzpatrick17k_hf/images/img_3541.jpg,naevus,HAM_HAM_0005003,HAM10000,CC-BY-NC-4.0,
fitzpatrick17k_hf/images/img_3542.jpg,naevus,HAM_HAM_0001034,HAM10000,CC-BY-NC-4.0,
fitzpatrick17k_hf/images/img_3543.jpg,naevus,HAM_HAM_0002661,HAM10000,CC-BY-NC-4.0,
fitzpatrick17k_hf/images/img_3544.jpg,naevus,HAM_HAM_0002713,HAM10000,CC-BY-NC-4.0,
fitzpatrick17k_hf/images/img_3545.jpg,naevus,HAM_HAM_0006473,HAM10000,CC-BY-NC-4.0,
fitzpatrick17k_hf/images/img_3546.jpg,naevus,HAM_HAM_0004824,HAM10000,CC-BY-NC-4.0,
fitzpatrick17k_hf/images/img_3547.jpg,naevus,HAM_HAM_0006901,HAM10000,CC-BY-NC-4.0,
fitzpatrick17k_hf/images/img_3548.jpg,naevus,HAM_HAM_0002389,HAM10000,CC-BY-NC-4.0,
fitzpatrick17k_hf/images/img_3549.jpg,naevus,HAM_HAM_0005290,HAM10000,CC-BY-NC-4.0,
fitzpatrick17k_hf/images/img_3550.jpg,naevus,HAM_HAM_0007275,HAM10000,CC-BY-NC-4.0,
fitzpatrick17k_hf/images/img_3551.jpg,naevus,HAM_HAM_0004532,HAM10000,CC-BY-NC-4.0,
fitzpatrick17k_hf/images/img_3552.jpg,naevus,HAM_HAM_0003247,HAM10000,CC-BY-NC-4.0,
fitzpatrick17k_hf/images/img_3553.jpg,naevus,HAM_HAM_0003732,HAM10000,CC-BY-NC-4.0,
fitzpatrick17k_hf/images/img_3554.jpg,naevus,HAM_HAM_0007030,HAM10000,CC-BY-NC-4.0,
fitzpatrick17k_hf/images/img_3555.jpg,naevus,HAM_HAM_0003980,HAM10000,CC-BY-NC-4.0,
fitzpatrick17k_hf/images/img_3556.jpg,naevus,HAM_HAM_0005253,HAM10000,CC-BY-NC-4.0,
fitzpatrick17k_hf/images/img_3557.jpg,naevus,HAM_HAM_0007285,HAM10000,CC-BY-NC-4.0,
fitzpatrick17k_hf/images/img_3558.jpg,naevus,HAM_HAM_0000602,HAM10000,CC-BY-NC-4.0,
fitzpatrick17k_hf/images/img_3559.jpg,naevus,HAM_HAM_0002790,HAM10000,CC-BY-NC-4.0,
fitzpatrick17k_hf/images/img_3560.jpg,naevus,HAM_HAM_0002198,HAM10000,CC-BY-NC-4.0,
fitzpatrick17k_hf/images/img_3561.jpg,naevus,HAM_HAM_0001549,HAM10000,CC-BY-NC-4.0,
fitzpatrick17k_hf/images/img_3562.jpg,naevus,HAM_HAM_0003831,HAM10000,CC-BY-NC-4.0,
fitzpatrick17k_hf/images/img_3563.jpg,naevus,HAM_HAM_0001289,HAM10000,CC-BY-NC-4.0,
fitzpatrick17k_hf/images/img_3564.jpg,naevus,HAM_HAM_0007202,HAM10000,CC-BY-NC-4.0,
fitzpatrick17k_hf/images/img_3565.jpg,naevus,HAM_HAM_0005920,HAM10000,CC-BY-NC-4.0,
fitzpatrick17k_hf/images/img_3566.jpg,naevus,HAM_HAM_0003277,HAM10000,CC-BY-NC-4.0,
fitzpatrick17k_hf/images/img_3567.jpg,naevus,HAM_HAM_0001213,HAM10000,CC-BY-NC-4.0,
fitzpatrick17k_hf/images/img_3568.jpg,naevus,HAM_HAM_0001761,HAM10000,CC-BY-NC-4.0,
fitzpatrick17k_hf/images/img_3569.jpg,naevus,HAM_HAM_0006385,HAM10000,CC-BY-NC-4.0,
fitzpatrick17k_hf/images/img_3570.jpg,naevus,HAM_HAM_0007161,HAM10000,CC-BY-NC-4.0,
fitzpatrick17k_hf/images/img_3571.jpg,naevus,HAM_HAM_0001844,HAM10000,CC-BY-NC-4.0,
fitzpatrick17k_hf/images/img_3572.jpg,naevus,HAM_HAM_0002033,HAM10000,CC-BY-NC-4.0,
fitzpatrick17k_hf/images/img_3573.jpg,naevus,HAM_HAM_0003657,HAM10000,CC-BY-NC-4.0,
fitzpatrick17k_hf/images/img_3574.jpg,naevus,HAM_HAM_0005987,HAM10000,CC-BY-NC-4.0,
fitzpatrick17k_hf/images/img_3575.jpg,naevus,HAM_HAM_0005193,HAM10000,CC-BY-NC-4.0,
fitzpatrick17k_hf/images/img_3576.jpg,naevus,HAM_HAM_0000261,HAM10000,CC-BY-NC-4.0,
fitzpatrick17k_hf/images/img_3577.jpg,naevus,HAM_HAM_0006169,HAM10000,CC-BY-NC-4.0,
fitzpatrick17k_hf/images/img_3578.jpg,naevus,HAM_HAM_0001462,HAM10000,CC-BY-NC-4.0,
fitzpatrick17k_hf/images/img_3579.jpg,naevus,HAM_HAM_0004777,HAM10000,CC-BY-NC-4.0,
fitzpatrick17k_hf/images/img_3580.jpg,naevus,HAM_HAM_0000906,HAM10000,CC-BY-NC-4.0,
fitzpatrick17k_hf/images/img_3581.jpg,naevus,HAM_HAM_0000798,HAM10000,CC-BY-NC-4.0,
fitzpatrick17k_hf/images/img_3582.jpg,naevus,HAM_HAM_0005017,HAM10000,CC-BY-NC-4.0,
fitzpatrick17k_hf/images/img_3583.jpg,naevus,HAM_HAM_0001934,HAM10000,CC-BY-NC-4.0,
fitzpatrick17k_hf/images/img_3584.jpg,naevus,HAM_HAM_0001931,HAM10000,CC-BY-NC-4.0,
fitzpatrick17k_hf/images/img_3585.jpg,naevus,HAM_HAM_0000390,HAM10000,CC-BY-NC-4.0,
fitzpatrick17k_hf/images/img_3586.jpg,naevus,HAM_HAM_0007076,HAM10000,CC-BY-NC-4.0,
fitzpatrick17k_hf/images/img_3587.jpg,naevus,HAM_HAM_0000615,HAM10000,CC-BY-NC-4.0,
fitzpatrick17k_hf/images/img_3588.jpg,naevus,HAM_HAM_0001656,HAM10000,CC-BY-NC-4.0,
fitzpatrick17k_hf/images/img_3589.jpg,naevus,HAM_HAM_0004564,HAM10000,CC-BY-NC-4.0,
fitzpatrick17k_hf/images/img_3590.jpg,naevus,HAM_HAM_0002056,HAM10000,CC-BY-NC-4.0,
fitzpatrick17k_hf/images/img_3591.jpg,naevus,HAM_HAM_0006718,HAM10000,CC-BY-NC-4.0,
fitzpatrick17k_hf/images/img_3592.jpg,naevus,HAM_HAM_0002701,HAM10000,CC-BY-NC-4.0,
fitzpatrick17k_hf/images/img_3593.jpg,naevus,HAM_HAM_0001527,HAM10000,CC-BY-NC-4.0,
fitzpatrick17k_hf/images/img_3594.jpg,naevus,HAM_HAM_0002514,HAM10000,CC-BY-NC-4.0,
fitzpatrick17k_hf/images/img_3595.jpg,naevus,HAM_HAM_0006698,HAM10000,CC-BY-NC-4.0,
fitzpatrick17k_hf/images/img_3596.jpg,naevus,HAM_HAM_0002273,HAM10000,CC-BY-NC-4.0,
fitzpatrick17k_hf/images/img_3597.jpg,naevus,HAM_HAM_0000021,HAM10000,CC-BY-NC-4.0,
fitzpatrick17k_hf/images/img_3598.jpg,naevus,HAM_HAM_0004751,HAM10000,CC-BY-NC-4.0,
fitzpatrick17k_hf/images/img_3599.jpg,naevus,HAM_HAM_0000928,HAM10000,CC-BY-NC-4.0,
fitzpatrick17k_hf/images/img_3600.jpg,naevus,HAM_HAM_0002344,HAM10000,CC-BY-NC-4.0,
fitzpatrick17k_hf/images/img_3601.jpg,naevus,HAM_HAM_0004728,HAM10000,CC-BY-NC-4.0,
fitzpatrick17k_hf/images/img_3602.jpg,naevus,HAM_HAM_0007320,HAM10000,CC-BY-NC-4.0,
fitzpatrick17k_hf/images/img_3603.jpg,naevus,HAM_HAM_0002575,HAM10000,CC-BY-NC-4.0,
fitzpatrick17k_hf/images/img_3604.jpg,naevus,HAM_HAM_0002110,HAM10000,CC-BY-NC-4.0,
fitzpatrick17k_hf/images/img_3605.jpg,naevus,HAM_HAM_0007094,HAM10000,CC-BY-NC-4.0,
fitzpatrick17k_hf/images/img_3606.jpg,naevus,HAM_HAM_0003874,HAM10000,CC-BY-NC-4.0,
fitzpatrick17k_hf/images/img_3607.jpg,naevus,HAM_HAM_0001765,HAM10000,CC-BY-NC-4.0,
fitzpatrick17k_hf/images/img_3608.jpg,naevus,HAM_HAM_0001778,HAM10000,CC-BY-NC-4.0,
fitzpatrick17k_hf/images/img_3609.jpg,naevus,HAM_HAM_0004478,HAM10000,CC-BY-NC-4.0,
fitzpatrick17k_hf/images/img_3610.jpg,naevus,HAM_HAM_0003603,HAM10000,CC-BY-NC-4.0,
fitzpatrick17k_hf/images/img_3611.jpg,naevus,HAM_HAM_0002318,HAM10000,CC-BY-NC-4.0,
fitzpatrick17k_hf/images/img_3612.jpg,naevus,HAM_HAM_0005369,HAM10000,CC-BY-NC-4.0,
fitzpatrick17k_hf/images/img_3613.jpg,naevus,HAM_HAM_0003013,HAM10000,CC-BY-NC-4.0,
fitzpatrick17k_hf/images/img_3614.jpg,naevus,HAM_HAM_0007417,HAM10000,CC-BY-NC-4.0,
fitzpatrick17k_hf/images/img_3615.jpg,naevus,HAM_HAM_0000924,HAM10000,CC-BY-NC-4.0,
fitzpatrick17k_hf/images/img_3616.jpg,naevus,HAM_HAM_0006323,HAM10000,CC-BY-NC-4.0,
fitzpatrick17k_hf/images/img_3617.jpg,naevus,HAM_HAM_0001888,HAM10000,CC-BY-NC-4.0,
fitzpatrick17k_hf/images/img_3618.jpg,naevus,HAM_HAM_0000145,HAM10000,CC-BY-NC-4.0,
fitzpatrick17k_hf/images/img_3619.jpg,naevus,HAM_HAM_0004661,HAM10000,CC-BY-NC-4.0,
fitzpatrick17k_hf/images/img_3620.jpg,naevus,HAM_HAM_0000267,HAM10000,CC-BY-NC-4.0,
fitzpatrick17k_hf/images/img_3621.jpg,naevus,HAM_HAM_0007306,HAM10000,CC-BY-NC-4.0,
fitzpatrick17k_hf/images/img_3622.jpg,naevus,HAM_HAM_0007383,HAM10000,CC-BY-NC-4.0,
fitzpatrick17k_hf/images/img_3623.jpg,naevus,HAM_HAM_0000731,HAM10000,CC-BY-NC-4.0,
fitzpatrick17k_hf/images/img_3624.jpg,naevus,HAM_HAM_0002416,HAM10000,CC-BY-NC-4.0,
fitzpatrick17k_hf/images/img_3625.jpg,naevus,HAM_HAM_0002653,HAM10000,CC-BY-NC-4.0,
fitzpatrick17k_hf/images/img_3626.jpg,naevus,HAM_HAM_0001330,HAM10000,CC-BY-NC-4.0,
fitzpatrick17k_hf/images/img_3627.jpg,naevus,HAM_HAM_0007112,HAM10000,CC-BY-NC-4.0,
fitzpatrick17k_hf/images/img_3628.jpg,naevus,HAM_HAM_0005254,HAM10000,CC-BY-NC-4.0,
fitzpatrick17k_hf/images/img_3629.jpg,naevus,HAM_HAM_0007321,HAM10000,CC-BY-NC-4.0,
fitzpatrick17k_hf/images/img_3630.jpg,naevus,HAM_HAM_0002626,HAM10000,CC-BY-NC-4.0,
fitzpatrick17k_hf/images/img_3631.jpg,naevus,HAM_HAM_0004408,HAM10000,CC-BY-NC-4.0,
fitzpatrick17k_hf/images/img_3632.jpg,naevus,HAM_HAM_0000204,HAM10000,CC-BY-NC-4.0,
fitzpatrick17k_hf/images/img_3633.jpg,naevus,HAM_HAM_0004761,HAM10000,CC-BY-NC-4.0,
fitzpatrick17k_hf/images/img_3634.jpg,naevus,HAM_HAM_0000840,HAM10000,CC-BY-NC-4.0,
fitzpatrick17k_hf/images/img_3635.jpg,naevus,HAM_HAM_0006461,HAM10000,CC-BY-NC-4.0,
fitzpatrick17k_hf/images/img_3636.jpg,naevus,HAM_HAM_0000630,HAM10000,CC-BY-NC-4.0,
fitzpatrick17k_hf/images/img_3637.jpg,naevus,HAM_HAM_0006070,HAM10000,CC-BY-NC-4.0,
fitzpatrick17k_hf/images/img_3638.jpg,naevus,HAM_HAM_0002296,HAM10000,CC-BY-NC-4.0,
fitzpatrick17k_hf/images/img_3639.jpg,naevus,HAM_HAM_0007481,HAM10000,CC-BY-NC-4.0,
fitzpatrick17k_hf/images/img_3640.jpg,naevus,HAM_HAM_0000250,HAM10000,CC-BY-NC-4.0,
fitzpatrick17k_hf/images/img_3641.jpg,naevus,HAM_HAM_0001971,HAM10000,CC-BY-NC-4.0,
fitzpatrick17k_hf/images/img_3642.jpg,naevus,HAM_HAM_0007253,HAM10000,CC-BY-NC-4.0,
fitzpatrick17k_hf/images/img_3643.jpg,naevus,HAM_HAM_0003833,HAM10000,CC-BY-NC-4.0,
fitzpatrick17k_hf/images/img_3644.jpg,naevus,HAM_HAM_0003915,HAM10000,CC-BY-NC-4.0,
fitzpatrick17k_hf/images/img_3645.jpg,naevus,HAM_HAM_0001166,HAM10000,CC-BY-NC-4.0,
fitzpatrick17k_hf/images/img_3646.jpg,naevus,HAM_HAM_0001001,HAM10000,CC-BY-NC-4.0,
fitzpatrick17k_hf/images/img_3647.jpg,naevus,HAM_HAM_0004842,HAM10000,CC-BY-NC-4.0,
fitzpatrick17k_hf/images/img_3648.jpg,naevus,HAM_HAM_0004697,HAM10000,CC-BY-NC-4.0,
fitzpatrick17k_hf/images/img_3649.jpg,naevus,HAM_HAM_0007093,HAM10000,CC-BY-NC-4.0,
fitzpatrick17k_hf/images/img_3650.jpg,naevus,HAM_HAM_0000334,HAM10000,CC-BY-NC-4.0,
fitzpatrick17k_hf/images/img_3651.jpg,naevus,HAM_HAM_0002211,HAM10000,CC-BY-NC-4.0,
fitzpatrick17k_hf/images/img_3652.jpg,naevus,HAM_HAM_0002822,HAM10000,CC-BY-NC-4.0,
fitzpatrick17k_hf/images/img_3653.jpg,naevus,HAM_HAM_0000420,HAM10000,CC-BY-NC-4.0,
fitzpatrick17k_hf/images/img_3654.jpg,naevus,HAM_HAM_0002754,HAM10000,CC-BY-NC-4.0,
fitzpatrick17k_hf/images/img_3655.jpg,naevus,HAM_HAM_0007468,HAM10000,CC-BY-NC-4.0,
fitzpatrick17k_hf/images/img_3656.jpg,naevus,HAM_HAM_0001866,HAM10000,CC-BY-NC-4.0,
fitzpatrick17k_hf/images/img_3657.jpg,naevus,HAM_HAM_0001542,HAM10000,CC-BY-NC-4.0,
fitzpatrick17k_hf/images/img_3658.jpg,naevus,HAM_HAM_0007539,HAM10000,CC-BY-NC-4.0,
fitzpatrick17k_hf/images/img_3659.jpg,naevus,HAM_HAM_0007436,HAM10000,CC-BY-NC-4.0,
fitzpatrick17k_hf/images/img_3660.jpg,naevus,HAM_HAM_0002393,HAM10000,CC-BY-NC-4.0,
fitzpatrick17k_hf/images/img_3661.jpg,naevus,HAM_HAM_0006486,HAM10000,CC-BY-NC-4.0,
fitzpatrick17k_hf/images/img_3662.jpg,naevus,HAM_HAM_0006021,HAM10000,CC-BY-NC-4.0,
fitzpatrick17k_hf/images/img_3663.jpg,naevus,HAM_HAM_0001789,HAM10000,CC-BY-NC-4.0,
fitzpatrick17k_hf/images/img_3664.jpg,naevus,HAM_HAM_0002797,HAM10000,CC-BY-NC-4.0,
fitzpatrick17k_hf/images/img_3665.jpg,naevus,HAM_HAM_0002763,HAM10000,CC-BY-NC-4.0,
fitzpatrick17k_hf/images/img_3666.jpg,naevus,HAM_HAM_0000482,HAM10000,CC-BY-NC-4.0,
fitzpatrick17k_hf/images/img_3667.jpg,naevus,HAM_HAM_0001041,HAM10000,CC-BY-NC-4.0,
fitzpatrick17k_hf/images/img_3668.jpg,naevus,HAM_HAM_0005162,HAM10000,CC-BY-NC-4.0,
fitzpatrick17k_hf/images/img_3669.jpg,naevus,HAM_HAM_0005163,HAM10000,CC-BY-NC-4.0,
fitzpatrick17k_hf/images/img_3670.jpg,naevus,HAM_HAM_0002833,HAM10000,CC-BY-NC-4.0,
fitzpatrick17k_hf/images/img_3671.jpg,naevus,HAM_HAM_0003277,HAM10000,CC-BY-NC-4.0,
fitzpatrick17k_hf/images/img_3672.jpg,naevus,HAM_HAM_0002287,HAM10000,CC-BY-NC-4.0,
fitzpatrick17k_hf/images/img_3673.jpg,naevus,HAM_HAM_0006984,HAM10000,CC-BY-NC-4.0,
fitzpatrick17k_hf/images/img_3674.jpg,naevus,HAM_HAM_0002328,HAM10000,CC-BY-NC-4.0,
fitzpatrick17k_hf/images/img_3675.jpg,naevus,HAM_HAM_0005726,HAM10000,CC-BY-NC-4.0,
fitzpatrick17k_hf/images/img_3676.jpg,naevus,HAM_HAM_0001652,HAM10000,CC-BY-NC-4.0,
fitzpatrick17k_hf/images/img_3677.jpg,naevus,HAM_HAM_0001363,HAM10000,CC-BY-NC-4.0,
fitzpatrick17k_hf/images/img_3678.jpg,naevus,HAM_HAM_0001716,HAM10000,CC-BY-NC-4.0,
fitzpatrick17k_hf/images/img_3679.jpg,naevus,HAM_HAM_0005394,HAM10000,CC-BY-NC-4.0,
fitzpatrick17k_hf/images/img_3680.jpg,naevus,HAM_HAM_0004626,HAM10000,CC-BY-NC-4.0,
fitzpatrick17k_hf/images/img_3681.jpg,naevus,HAM_HAM_0005782,HAM10000,CC-BY-NC-4.0,
fitzpatrick17k_hf/images/img_3682.jpg,naevus,HAM_HAM_0002976,HAM10000,CC-BY-NC-4.0,
fitzpatrick17k_hf/images/img_3683.jpg,naevus,HAM_HAM_0003661,HAM10000,CC-BY-NC-4.0,
fitzpatrick17k_hf/images/img_3684.jpg,naevus,HAM_HAM_0006303,HAM10000,CC-BY-NC-4.0,
fitzpatrick17k_hf/images/img_3685.jpg,naevus,HAM_HAM_0001134,HAM10000,CC-BY-NC-4.0,
fitzpatrick17k_hf/images/img_3686.jpg,naevus,HAM_HAM_0005038,HAM10000,CC-BY-NC-4.0,
fitzpatrick17k_hf/images/img_3687.jpg,naevus,HAM_HAM_0002851,HAM10000,CC-BY-NC-4.0,
fitzpatrick17k_hf/images/img_3688.jpg,naevus,HAM_HAM_0001898,HAM10000,CC-BY-NC-4.0,
fitzpatrick17k_hf/images/img_3689.jpg,naevus,HAM_HAM_0006573,HAM10000,CC-BY-NC-4.0,
fitzpatrick17k_hf/images/img_3690.jpg,naevus,HAM_HAM_0001945,HAM10000,CC-BY-NC-4.0,
fitzpatrick17k_hf/images/img_3691.jpg,naevus,HAM_HAM_0001806,HAM10000,CC-BY-NC-4.0,
fitzpatrick17k_hf/images/img_3692.jpg,naevus,HAM_HAM_0004275,HAM10000,CC-BY-NC-4.0,
fitzpatrick17k_hf/images/img_3693.jpg,naevus,HAM_HAM_0006881,HAM10000,CC-BY-NC-4.0,
fitzpatrick17k_hf/images/img_3694.jpg,naevus,HAM_HAM_0004313,HAM10000,CC-BY-NC-4.0,
fitzpatrick17k_hf/images/img_3695.jpg,naevus,HAM_HAM_0000285,HAM10000,CC-BY-NC-4.0,
fitzpatrick17k_hf/images/img_3696.jpg,naevus,HAM_HAM_0006313,HAM10000,CC-BY-NC-4.0,
fitzpatrick17k_hf/images/img_3697.jpg,naevus,HAM_HAM_0001346,HAM10000,CC-BY-NC-4.0,
fitzpatrick17k_hf/images/img_3698.jpg,naevus,HAM_HAM_0005224,HAM10000,CC-BY-NC-4.0,
fitzpatrick17k_hf/images/img_3699.jpg,naevus,HAM_HAM_0001096,HAM10000,CC-BY-NC-4.0,
fitzpatrick17k_hf/images/img_3700.jpg,naevus,HAM_HAM_0002348,HAM10000,CC-BY-NC-4.0,
fitzpatrick17k_hf/images/img_3701.jpg,naevus,HAM_HAM_0002729,HAM10000,CC-BY-NC-4.0,
fitzpatrick17k_hf/images/img_3702.jpg,naevus,HAM_HAM_0003909,HAM10000,CC-BY-NC-4.0,
fitzpatrick17k_hf/images/img_3703.jpg,naevus,HAM_HAM_0000574,HAM10000,CC-BY-NC-4.0,
fitzpatrick17k_hf/images/img_3704.jpg,naevus,HAM_HAM_0002267,HAM10000,CC-BY-NC-4.0,
fitzpatrick17k_hf/images/img_3705.jpg,naevus,HAM_HAM_0001929,HAM10000,CC-BY-NC-4.0,
fitzpatrick17k_hf/images/img_3706.jpg,naevus,HAM_HAM_0000254,HAM10000,CC-BY-NC-4.0,
fitzpatrick17k_hf/images/img_3707.jpg,naevus,HAM_HAM_0006553,HAM10000,CC-BY-NC-4.0,
fitzpatrick17k_hf/images/img_3708.jpg,naevus,HAM_HAM_0003440,HAM10000,CC-BY-NC-4.0,
fitzpatrick17k_hf/images/img_3709.jpg,naevus,HAM_HAM_0000331,HAM10000,CC-BY-NC-4.0,
fitzpatrick17k_hf/images/img_3710.jpg,naevus,HAM_HAM_0003999,HAM10000,CC-BY-NC-4.0,
fitzpatrick17k_hf/images/img_3711.jpg,naevus,HAM_HAM_0007040,HAM10000,CC-BY-NC-4.0,
fitzpatrick17k_hf/images/img_3712.jpg,naevus,HAM_HAM_0007619,HAM10000,CC-BY-NC-4.0,
fitzpatrick17k_hf/images/img_3713.jpg,naevus,HAM_HAM_0007252,HAM10000,CC-BY-NC-4.0,
fitzpatrick17k_hf/images/img_3714.jpg,naevus,HAM_HAM_0003861,HAM10000,CC-BY-NC-4.0,
fitzpatrick17k_hf/images/img_3715.jpg,naevus,HAM_HAM_0001332,HAM10000,CC-BY-NC-4.0,
fitzpatrick17k_hf/images/img_3716.jpg,naevus,HAM_HAM_0003142,HAM10000,CC-BY-NC-4.0,
fitzpatrick17k_hf/images/img_3717.jpg,naevus,HAM_HAM_0005456,HAM10000,CC-BY-NC-4.0,
fitzpatrick17k_hf/images/img_3718.jpg,naevus,HAM_HAM_0007334,HAM10000,CC-BY-NC-4.0,
fitzpatrick17k_hf/images/img_3719.jpg,naevus,HAM_HAM_0004372,HAM10000,CC-BY-NC-4.0,
fitzpatrick17k_hf/images/img_3720.jpg,naevus,HAM_HAM_0000470,HAM10000,CC-BY-NC-4.0,
fitzpatrick17k_hf/images/img_3721.jpg,naevus,HAM_HAM_0006344,HAM10000,CC-BY-NC-4.0,
fitzpatrick17k_hf/images/img_3722.jpg,naevus,HAM_HAM_0005148,HAM10000,CC-BY-NC-4.0,
fitzpatrick17k_hf/images/img_3723.jpg,naevus,HAM_HAM_0003407,HAM10000,CC-BY-NC-4.0,
fitzpatrick17k_hf/images/img_3724.jpg,naevus,HAM_HAM_0001251,HAM10000,CC-BY-NC-4.0,
fitzpatrick17k_hf/images/img_3725.jpg,naevus,HAM_HAM_0003557,HAM10000,CC-BY-NC-4.0,
fitzpatrick17k_hf/images/img_3726.jpg,naevus,HAM_HAM_0006063,HAM10000,CC-BY-NC-4.0,
fitzpatrick17k_hf/images/img_3727.jpg,naevus,HAM_HAM_0002831,HAM10000,CC-BY-NC-4.0,
fitzpatrick17k_hf/images/img_3728.jpg,naevus,HAM_HAM_0002060,HAM10000,CC-BY-NC-4.0,
fitzpatrick17k_hf/images/img_3729.jpg,naevus,HAM_HAM_0005876,HAM10000,CC-BY-NC-4.0,
fitzpatrick17k_hf/images/img_3730.jpg,naevus,HAM_HAM_0005358,HAM10000,CC-BY-NC-4.0,
fitzpatrick17k_hf/images/img_3731.jpg,naevus,HAM_HAM_0006404,HAM10000,CC-BY-NC-4.0,
fitzpatrick17k_hf/images/img_3732.jpg,naevus,HAM_HAM_0006607,HAM10000,CC-BY-NC-4.0,
fitzpatrick17k_hf/images/img_3733.jpg,naevus,HAM_HAM_0006044,HAM10000,CC-BY-NC-4.0,
fitzpatrick17k_hf/images/img_3734.jpg,naevus,HAM_HAM_0006994,HAM10000,CC-BY-NC-4.0,
fitzpatrick17k_hf/images/img_3735.jpg,naevus,HAM_HAM_0000568,HAM10000,CC-BY-NC-4.0,
fitzpatrick17k_hf/images/img_3736.jpg,naevus,HAM_HAM_0003946,HAM10000,CC-BY-NC-4.0,
fitzpatrick17k_hf/images/img_3737.jpg,naevus,HAM_HAM_0002930,HAM10000,CC-BY-NC-4.0,
fitzpatrick17k_hf/images/img_3738.jpg,naevus,HAM_HAM_0004972,HAM10000,CC-BY-NC-4.0,
fitzpatrick17k_hf/images/img_3739.jpg,naevus,HAM_HAM_0006094,HAM10000,CC-BY-NC-4.0,
fitzpatrick17k_hf/images/img_3740.jpg,naevus,HAM_HAM_0006075,HAM10000,CC-BY-NC-4.0,
fitzpatrick17k_hf/images/img_3741.jpg,naevus,HAM_HAM_0000408,HAM10000,CC-BY-NC-4.0,
fitzpatrick17k_hf/images/img_3742.jpg,naevus,HAM_HAM_0003134,HAM10000,CC-BY-NC-4.0,
fitzpatrick17k_hf/images/img_3743.jpg,naevus,HAM_HAM_0000464,HAM10000,CC-BY-NC-4.0,
fitzpatrick17k_hf/images/img_3744.jpg,naevus,HAM_HAM_0007528,HAM10000,CC-BY-NC-4.0,
fitzpatrick17k_hf/images/img_3745.jpg,naevus,HAM_HAM_0006596,HAM10000,CC-BY-NC-4.0,
fitzpatrick17k_hf/images/img_3746.jpg,naevus,HAM_HAM_0003311,HAM10000,CC-BY-NC-4.0,
fitzpatrick17k_hf/images/img_3747.jpg,naevus,HAM_HAM_0003594,HAM10000,CC-BY-NC-4.0,
fitzpatrick17k_hf/images/img_3748.jpg,naevus,HAM_HAM_0006711,HAM10000,CC-BY-NC-4.0,
fitzpatrick17k_hf/images/img_3749.jpg,naevus,HAM_HAM_0000307,HAM10000,CC-BY-NC-4.0,
fitzpatrick17k_hf/images/img_3750.jpg,naevus,HAM_HAM_0007445,HAM10000,CC-BY-NC-4.0,
fitzpatrick17k_hf/images/img_3751.jpg,naevus,HAM_HAM_0001854,HAM10000,CC-BY-NC-4.0,
fitzpatrick17k_hf/images/img_3752.jpg,naevus,HAM_HAM_0002627,HAM10000,CC-BY-NC-4.0,
fitzpatrick17k_hf/images/img_3753.jpg,naevus,HAM_HAM_0001851,HAM10000,CC-BY-NC-4.0,
fitzpatrick17k_hf/images/img_3754.jpg,naevus,HAM_HAM_0002369,HAM10000,CC-BY-NC-4.0,
fitzpatrick17k_hf/images/img_3755.jpg,naevus,HAM_HAM_0004629,HAM10000,CC-BY-NC-4.0,
fitzpatrick17k_hf/images/img_3756.jpg,naevus,HAM_HAM_0000188,HAM10000,CC-BY-NC-4.0,
fitzpatrick17k_hf/images/img_3757.jpg,naevus,HAM_HAM_0005453,HAM10000,CC-BY-NC-4.0,
fitzpatrick17k_hf/images/img_3758.jpg,naevus,HAM_HAM_0005034,HAM10000,CC-BY-NC-4.0,
fitzpatrick17k_hf/images/img_3759.jpg,naevus,HAM_HAM_0005912,HAM10000,CC-BY-NC-4.0,
fitzpatrick17k_hf/images/img_3760.jpg,naevus,HAM_HAM_0000838,HAM10000,CC-BY-NC-4.0,
fitzpatrick17k_hf/images/img_3761.jpg,naevus,HAM_HAM_0006742,HAM10000,CC-BY-NC-4.0,
fitzpatrick17k_hf/images/img_3762.jpg,naevus,HAM_HAM_0002093,HAM10000,CC-BY-NC-4.0,
fitzpatrick17k_hf/images/img_3763.jpg,naevus,HAM_HAM_0007426,HAM10000,CC-BY-NC-4.0,
fitzpatrick17k_hf/images/img_3764.jpg,naevus,HAM_HAM_0003331,HAM10000,CC-BY-NC-4.0,
fitzpatrick17k_hf/images/img_3765.jpg,naevus,HAM_HAM_0005925,HAM10000,CC-BY-NC-4.0,
fitzpatrick17k_hf/images/img_3766.jpg,naevus,HAM_HAM_0004035,HAM10000,CC-BY-NC-4.0,
fitzpatrick17k_hf/images/img_3767.jpg,naevus,HAM_HAM_0004924,HAM10000,CC-BY-NC-4.0,
fitzpatrick17k_hf/images/img_3768.jpg,naevus,HAM_HAM_0006826,HAM10000,CC-BY-NC-4.0,
fitzpatrick17k_hf/images/img_3769.jpg,naevus,HAM_HAM_0004597,HAM10000,CC-BY-NC-4.0,
fitzpatrick17k_hf/images/img_3770.jpg,naevus,HAM_HAM_0006972,HAM10000,CC-BY-NC-4.0,
fitzpatrick17k_hf/images/img_3771.jpg,naevus,HAM_HAM_0000752,HAM10000,CC-BY-NC-4.0,
fitzpatrick17k_hf/images/img_3772.jpg,naevus,HAM_HAM_0005414,HAM10000,CC-BY-NC-4.0,
fitzpatrick17k_hf/images/img_3773.jpg,naevus,HAM_HAM_0005294,HAM10000,CC-BY-NC-4.0,
fitzpatrick17k_hf/images/img_3774.jpg,naevus,HAM_HAM_0005306,HAM10000,CC-BY-NC-4.0,
fitzpatrick17k_hf/images/img_3775.jpg,naevus,HAM_HAM_0007628,HAM10000,CC-BY-NC-4.0,
fitzpatrick17k_hf/images/img_3776.jpg,naevus,HAM_HAM_0007505,HAM10000,CC-BY-NC-4.0,
fitzpatrick17k_hf/images/img_3777.jpg,naevus,HAM_HAM_0000288,HAM10000,CC-BY-NC-4.0,
fitzpatrick17k_hf/images/img_3778.jpg,naevus,HAM_HAM_0000273,HAM10000,CC-BY-NC-4.0,
fitzpatrick17k_hf/images/img_3779.jpg,naevus,HAM_HAM_0003526,HAM10000,CC-BY-NC-4.0,
fitzpatrick17k_hf/images/img_3780.jpg,naevus,HAM_HAM_0004128,HAM10000,CC-BY-NC-4.0,
fitzpatrick17k_hf/images/img_3781.jpg,naevus,HAM_HAM_0004127,HAM10000,CC-BY-NC-4.0,
fitzpatrick17k_hf/images/img_3782.jpg,naevus,HAM_HAM_0000264,HAM10000,CC-BY-NC-4.0,
fitzpatrick17k_hf/images/img_3783.jpg,naevus,HAM_HAM_0004261,HAM10000,CC-BY-NC-4.0,
fitzpatrick17k_hf/images/img_3784.jpg,naevus,HAM_HAM_0003848,HAM10000,CC-BY-NC-4.0,
fitzpatrick17k_hf/images/img_3785.jpg,naevus,HAM_HAM_0001660,HAM10000,CC-BY-NC-4.0,
fitzpatrick17k_hf/images/img_3786.jpg,naevus,HAM_HAM_0000246,HAM10000,CC-BY-NC-4.0,
fitzpatrick17k_hf/images/img_3787.jpg,naevus,HAM_HAM_0000648,HAM10000,CC-BY-NC-4.0,
fitzpatrick17k_hf/images/img_3788.jpg,naevus,HAM_HAM_0003823,HAM10000,CC-BY-NC-4.0,
fitzpatrick17k_hf/images/img_3789.jpg,naevus,HAM_HAM_0000816,HAM10000,CC-BY-NC-4.0,
fitzpatrick17k_hf/images/img_3790.jpg,naevus,HAM_HAM_0007026,HAM10000,CC-BY-NC-4.0,
fitzpatrick17k_hf/images/img_3791.jpg,naevus,HAM_HAM_0006629,HAM10000,CC-BY-NC-4.0,
fitzpatrick17k_hf/images/img_3792.jpg,naevus,HAM_HAM_0005523,HAM10000,CC-BY-NC-4.0,
fitzpatrick17k_hf/images/img_3793.jpg,naevus,HAM_HAM_0002513,HAM10000,CC-BY-NC-4.0,
fitzpatrick17k_hf/images/img_3794.jpg,naevus,HAM_HAM_0001617,HAM10000,CC-BY-NC-4.0,
fitzpatrick17k_hf/images/img_3795.jpg,naevus,HAM_HAM_0007582,HAM10000,CC-BY-NC-4.0,
fitzpatrick17k_hf/images/img_3796.jpg,naevus,HAM_HAM_0000537,HAM10000,CC-BY-NC-4.0,
fitzpatrick17k_hf/images/img_3797.jpg,naevus,HAM_HAM_0000656,HAM10000,CC-BY-NC-4.0,
fitzpatrick17k_hf/images/img_3798.jpg,naevus,HAM_HAM_0003016,HAM10000,CC-BY-NC-4.0,
fitzpatrick17k_hf/images/img_3799.jpg,naevus,HAM_HAM_0003451,HAM10000,CC-BY-NC-4.0,
fitzpatrick17k_hf/images/img_3800.jpg,naevus,HAM_HAM_0001623,HAM10000,CC-BY-NC-4.0,
fitzpatrick17k_hf/images/img_3801.jpg,naevus,HAM_HAM_0000589,HAM10000,CC-BY-NC-4.0,
fitzpatrick17k_hf/images/img_3802.jpg,naevus,HAM_HAM_0000636,HAM10000,CC-BY-NC-4.0,
fitzpatrick17k_hf/images/img_3803.jpg,naevus,HAM_HAM_0003576,HAM10000,CC-BY-NC-4.0,
fitzpatrick17k_hf/images/img_3804.jpg,naevus,HAM_HAM_0004922,HAM10000,CC-BY-NC-4.0,
fitzpatrick17k_hf/images/img_3805.jpg,naevus,HAM_HAM_0006685,HAM10000,CC-BY-NC-4.0,
fitzpatrick17k_hf/images/img_3806.jpg,naevus,HAM_HAM_0006348,HAM10000,CC-BY-NC-4.0,
fitzpatrick17k_hf/images/img_3807.jpg,naevus,HAM_HAM_0000368,HAM10000,CC-BY-NC-4.0,
fitzpatrick17k_hf/images/img_3808.jpg,naevus,HAM_HAM_0004886,HAM10000,CC-BY-NC-4.0,
fitzpatrick17k_hf/images/img_3809.jpg,naevus,HAM_HAM_0002658,HAM10000,CC-BY-NC-4.0,
fitzpatrick17k_hf/images/img_3810.jpg,naevus,HAM_HAM_0005787,HAM10000,CC-BY-NC-4.0,
fitzpatrick17k_hf/images/img_3811.jpg,naevus,HAM_HAM_0007576,HAM10000,CC-BY-NC-4.0,
fitzpatrick17k_hf/images/img_3812.jpg,naevus,HAM_HAM_0002656,HAM10000,CC-BY-NC-4.0,
fitzpatrick17k_hf/images/img_3813.jpg,naevus,HAM_HAM_0007387,HAM10000,CC-BY-NC-4.0,
fitzpatrick17k_hf/images/img_3814.jpg,naevus,HAM_HAM_0004941,HAM10000,CC-BY-NC-4.0,
fitzpatrick17k_hf/images/img_3815.jpg,naevus,HAM_HAM_0000996,HAM10000,CC-BY-NC-4.0,
fitzpatrick17k_hf/images/img_3816.jpg,naevus,HAM_HAM_0003780,HAM10000,CC-BY-NC-4.0,
fitzpatrick17k_hf/images/img_3817.jpg,naevus,HAM_HAM_0003636,HAM10000,CC-BY-NC-4.0,
fitzpatrick17k_hf/images/img_3818.jpg,naevus,HAM_HAM_0005230,HAM10000,CC-BY-NC-4.0,
fitzpatrick17k_hf/images/img_3819.jpg,naevus,HAM_HAM_0004955,HAM10000,CC-BY-NC-4.0,
fitzpatrick17k_hf/images/img_3820.jpg,naevus,HAM_HAM_0007545,HAM10000,CC-BY-NC-4.0,
fitzpatrick17k_hf/images/img_3821.jpg,naevus,HAM_HAM_0000088,HAM10000,CC-BY-NC-4.0,
fitzpatrick17k_hf/images/img_3822.jpg,naevus,HAM_HAM_0004987,HAM10000,CC-BY-NC-4.0,
fitzpatrick17k_hf/images/img_3823.jpg,naevus,HAM_HAM_0004604,HAM10000,CC-BY-NC-4.0,
fitzpatrick17k_hf/images/img_3824.jpg,naevus,HAM_HAM_0002266,HAM10000,CC-BY-NC-4.0,
fitzpatrick17k_hf/images/img_3825.jpg,naevus,HAM_HAM_0000762,HAM10000,CC-BY-NC-4.0,
fitzpatrick17k_hf/images/img_3826.jpg,naevus,HAM_HAM_0004370,HAM10000,CC-BY-NC-4.0,
fitzpatrick17k_hf/images/img_3827.jpg,naevus,HAM_HAM_0006411,HAM10000,CC-BY-NC-4.0,
fitzpatrick17k_hf/images/img_3828.jpg,naevus,HAM_HAM_0007239,HAM10000,CC-BY-NC-4.0,
fitzpatrick17k_hf/images/img_3829.jpg,naevus,HAM_HAM_0001357,HAM10000,CC-BY-NC-4.0,
fitzpatrick17k_hf/images/img_3830.jpg,naevus,HAM_HAM_0000366,HAM10000,CC-BY-NC-4.0,
fitzpatrick17k_hf/images/img_3831.jpg,naevus,HAM_HAM_0005949,HAM10000,CC-BY-NC-4.0,
fitzpatrick17k_hf/images/img_3832.jpg,naevus,HAM_HAM_0003742,HAM10000,CC-BY-NC-4.0,
fitzpatrick17k_hf/images/img_3833.jpg,naevus,HAM_HAM_0003091,HAM10000,CC-BY-NC-4.0,
fitzpatrick17k_hf/images/img_3834.jpg,naevus,HAM_HAM_0000853,HAM10000,CC-BY-NC-4.0,
fitzpatrick17k_hf/images/img_3835.jpg,naevus,HAM_HAM_0005172,HAM10000,CC-BY-NC-4.0,
fitzpatrick17k_hf/images/img_3836.jpg,naevus,HAM_HAM_0002756,HAM10000,CC-BY-NC-4.0,
fitzpatrick17k_hf/images/img_3837.jpg,naevus,HAM_HAM_0003953,HAM10000,CC-BY-NC-4.0,
fitzpatrick17k_hf/images/img_3838.jpg,naevus,HAM_HAM_0007050,HAM10000,CC-BY-NC-4.0,
fitzpatrick17k_hf/images/img_3839.jpg,naevus,HAM_HAM_0005494,HAM10000,CC-BY-NC-4.0,
fitzpatrick17k_hf/images/img_3840.jpg,naevus,HAM_HAM_0004328,HAM10000,CC-BY-NC-4.0,
fitzpatrick17k_hf/images/img_3841.jpg,naevus,HAM_HAM_0005476,HAM10000,CC-BY-NC-4.0,
fitzpatrick17k_hf/images/img_3842.jpg,naevus,HAM_HAM_0003108,HAM10000,CC-BY-NC-4.0,
fitzpatrick17k_hf/images/img_3843.jpg,naevus,HAM_HAM_0006072,HAM10000,CC-BY-NC-4.0,
fitzpatrick17k_hf/images/img_3844.jpg,naevus,HAM_HAM_0003844,HAM10000,CC-BY-NC-4.0,
fitzpatrick17k_hf/images/img_3845.jpg,naevus,HAM_HAM_0000323,HAM10000,CC-BY-NC-4.0,
fitzpatrick17k_hf/images/img_3846.jpg,naevus,HAM_HAM_0005472,HAM10000,CC-BY-NC-4.0,
fitzpatrick17k_hf/images/img_3847.jpg,naevus,HAM_HAM_0003388,HAM10000,CC-BY-NC-4.0,
fitzpatrick17k_hf/images/img_3848.jpg,naevus,HAM_HAM_0005680,HAM10000,CC-BY-NC-4.0,
fitzpatrick17k_hf/images/img_3849.jpg,naevus,HAM_HAM_0001063,HAM10000,CC-BY-NC-4.0,
fitzpatrick17k_hf/images/img_3850.jpg,naevus,HAM_HAM_0003640,HAM10000,CC-BY-NC-4.0,
fitzpatrick17k_hf/images/img_3851.jpg,naevus,HAM_HAM_0000172,HAM10000,CC-BY-NC-4.0,
fitzpatrick17k_hf/images/img_3852.jpg,naevus,HAM_HAM_0001104,HAM10000,CC-BY-NC-4.0,
fitzpatrick17k_hf/images/img_3853.jpg,naevus,HAM_HAM_0003849,HAM10000,CC-BY-NC-4.0,
fitzpatrick17k_hf/images/img_3854.jpg,naevus,HAM_HAM_0005688,HAM10000,CC-BY-NC-4.0,
fitzpatrick17k_hf/images/img_3855.jpg,naevus,HAM_HAM_0003701,HAM10000,CC-BY-NC-4.0,
fitzpatrick17k_hf/images/img_3856.jpg,naevus,HAM_HAM_0002308,HAM10000,CC-BY-NC-4.0,
fitzpatrick17k_hf/images/img_3857.jpg,naevus,HAM_HAM_0006279,HAM10000,CC-BY-NC-4.0,
fitzpatrick17k_hf/images/img_3858.jpg,naevus,HAM_HAM_0007304,HAM10000,CC-BY-NC-4.0,
fitzpatrick17k_hf/images/img_3859.jpg,naevus,HAM_HAM_0006244,HAM10000,CC-BY-NC-4.0,
fitzpatrick17k_hf/images/img_3860.jpg,naevus,HAM_HAM_0000960,HAM10000,CC-BY-NC-4.0,
fitzpatrick17k_hf/images/img_3861.jpg,naevus,HAM_HAM_0006846,HAM10000,CC-BY-NC-4.0,
fitzpatrick17k_hf/images/img_3862.jpg,naevus,HAM_HAM_0000287,HAM10000,CC-BY-NC-4.0,
fitzpatrick17k_hf/images/img_3863.jpg,naevus,HAM_HAM_0005706,HAM10000,CC-BY-NC-4.0,
fitzpatrick17k_hf/images/img_3864.jpg,naevus,HAM_HAM_0007158,HAM10000,CC-BY-NC-4.0,
fitzpatrick17k_hf/images/img_3865.jpg,naevus,HAM_HAM_0005138,HAM10000,CC-BY-NC-4.0,
fitzpatrick17k_hf/images/img_3866.jpg,naevus,HAM_HAM_0001715,HAM10000,CC-BY-NC-4.0,
fitzpatrick17k_hf/images/img_3867.jpg,naevus,HAM_HAM_0001849,HAM10000,CC-BY-NC-4.0,
fitzpatrick17k_hf/images/img_3868.jpg,naevus,HAM_HAM_0006262,HAM10000,CC-BY-NC-4.0,
fitzpatrick17k_hf/images/img_3869.jpg,naevus,HAM_HAM_0003341,HAM10000,CC-BY-NC-4.0,
fitzpatrick17k_hf/images/img_3870.jpg,naevus,HAM_HAM_0002904,HAM10000,CC-BY-NC-4.0,
fitzpatrick17k_hf/images/img_3871.jpg,naevus,HAM_HAM_0004938,HAM10000,CC-BY-NC-4.0,
fitzpatrick17k_hf/images/img_3872.jpg,naevus,HAM_HAM_0006950,HAM10000,CC-BY-NC-4.0,
fitzpatrick17k_hf/images/img_3873.jpg,naevus,HAM_HAM_0003842,HAM10000,CC-BY-NC-4.0,
fitzpatrick17k_hf/images/img_3874.jpg,naevus,HAM_HAM_0005797,HAM10000,CC-BY-NC-4.0,
fitzpatrick17k_hf/images/img_3875.jpg,naevus,HAM_HAM_0004737,HAM10000,CC-BY-NC-4.0,
fitzpatrick17k_hf/images/img_3876.jpg,naevus,HAM_HAM_0005741,HAM10000,CC-BY-NC-4.0,
fitzpatrick17k_hf/images/img_3877.jpg,naevus,HAM_HAM_0004772,HAM10000,CC-BY-NC-4.0,
fitzpatrick17k_hf/images/img_3878.jpg,naevus,HAM_HAM_0002668,HAM10000,CC-BY-NC-4.0,
fitzpatrick17k_hf/images/img_3879.jpg,naevus,HAM_HAM_0000405,HAM10000,CC-BY-NC-4.0,
fitzpatrick17k_hf/images/img_3880.jpg,naevus,HAM_HAM_0000342,HAM10000,CC-BY-NC-4.0,
fitzpatrick17k_hf/images/img_3881.jpg,naevus,HAM_HAM_0001833,HAM10000,CC-BY-NC-4.0,
fitzpatrick17k_hf/images/img_3882.jpg,naevus,HAM_HAM_0001972,HAM10000,CC-BY-NC-4.0,
fitzpatrick17k_hf/images/img_3883.jpg,naevus,HAM_HAM_0001687,HAM10000,CC-BY-NC-4.0,
fitzpatrick17k_hf/images/img_3884.jpg,naevus,HAM_HAM_0003708,HAM10000,CC-BY-NC-4.0,
fitzpatrick17k_hf/images/img_3885.jpg,naevus,HAM_HAM_0007375,HAM10000,CC-BY-NC-4.0,
fitzpatrick17k_hf/images/img_3886.jpg,naevus,HAM_HAM_0003091,HAM10000,CC-BY-NC-4.0,
fitzpatrick17k_hf/images/img_3887.jpg,naevus,HAM_HAM_0001555,HAM10000,CC-BY-NC-4.0,
fitzpatrick17k_hf/images/img_3888.jpg,naevus,HAM_HAM_0005237,HAM10000,CC-BY-NC-4.0,
fitzpatrick17k_hf/images/img_3889.jpg,naevus,HAM_HAM_0000995,HAM10000,CC-BY-NC-4.0,
fitzpatrick17k_hf/images/img_3890.jpg,naevus,HAM_HAM_0007288,HAM10000,CC-BY-NC-4.0,
fitzpatrick17k_hf/images/img_3891.jpg,naevus,HAM_HAM_0006484,HAM10000,CC-BY-NC-4.0,
fitzpatrick17k_hf/images/img_3892.jpg,naevus,HAM_HAM_0006162,HAM10000,CC-BY-NC-4.0,
fitzpatrick17k_hf/images/img_3893.jpg,naevus,HAM_HAM_0002740,HAM10000,CC-BY-NC-4.0,
fitzpatrick17k_hf/images/img_3894.jpg,naevus,HAM_HAM_0001447,HAM10000,CC-BY-NC-4.0,
fitzpatrick17k_hf/images/img_3895.jpg,naevus,HAM_HAM_0004830,HAM10000,CC-BY-NC-4.0,
fitzpatrick17k_hf/images/img_3896.jpg,naevus,HAM_HAM_0001869,HAM10000,CC-BY-NC-4.0,
fitzpatrick17k_hf/images/img_3897.jpg,naevus,HAM_HAM_0003937,HAM10000,CC-BY-NC-4.0,
fitzpatrick17k_hf/images/img_3898.jpg,naevus,HAM_HAM_0007067,HAM10000,CC-BY-NC-4.0,
fitzpatrick17k_hf/images/img_3899.jpg,naevus,HAM_HAM_0004674,HAM10000,CC-BY-NC-4.0,
fitzpatrick17k_hf/images/img_3900.jpg,naevus,HAM_HAM_0007284,HAM10000,CC-BY-NC-4.0,
fitzpatrick17k_hf/images/img_3901.jpg,naevus,HAM_HAM_0005816,HAM10000,CC-BY-NC-4.0,
fitzpatrick17k_hf/images/img_3902.jpg,naevus,HAM_HAM_0006547,HAM10000,CC-BY-NC-4.0,
fitzpatrick17k_hf/images/img_3903.jpg,naevus,HAM_HAM_0004520,HAM10000,CC-BY-NC-4.0,
fitzpatrick17k_hf/images/img_3904.jpg,naevus,HAM_HAM_0003590,HAM10000,CC-BY-NC-4.0,
fitzpatrick17k_hf/images/img_3905.jpg,naevus,HAM_HAM_0005360,HAM10000,CC-BY-NC-4.0,
fitzpatrick17k_hf/images/img_3906.jpg,naevus,HAM_HAM_0005347,HAM10000,CC-BY-NC-4.0,
fitzpatrick17k_hf/images/img_3907.jpg,naevus,HAM_HAM_0003430,HAM10000,CC-BY-NC-4.0,
fitzpatrick17k_hf/images/img_3908.jpg,naevus,HAM_HAM_0002870,HAM10000,CC-BY-NC-4.0,
fitzpatrick17k_hf/images/img_3909.jpg,naevus,HAM_HAM_0002317,HAM10000,CC-BY-NC-4.0,
fitzpatrick17k_hf/images/img_3910.jpg,naevus,HAM_HAM_0006757,HAM10000,CC-BY-NC-4.0,
fitzpatrick17k_hf/images/img_3911.jpg,naevus,HAM_HAM_0004668,HAM10000,CC-BY-NC-4.0,
fitzpatrick17k_hf/images/img_3912.jpg,naevus,HAM_HAM_0004606,HAM10000,CC-BY-NC-4.0,
fitzpatrick17k_hf/images/img_3913.jpg,naevus,HAM_HAM_0007472,HAM10000,CC-BY-NC-4.0,
fitzpatrick17k_hf/images/img_3914.jpg,naevus,HAM_HAM_0000649,HAM10000,CC-BY-NC-4.0,
fitzpatrick17k_hf/images/img_3915.jpg,naevus,HAM_HAM_0007236,HAM10000,CC-BY-NC-4.0,
fitzpatrick17k_hf/images/img_3916.jpg,naevus,HAM_HAM_0000265,HAM10000,CC-BY-NC-4.0,
fitzpatrick17k_hf/images/img_3917.jpg,naevus,HAM_HAM_0006108,HAM10000,CC-BY-NC-4.0,
fitzpatrick17k_hf/images/img_3918.jpg,naevus,HAM_HAM_0005902,HAM10000,CC-BY-NC-4.0,
fitzpatrick17k_hf/images/img_3919.jpg,naevus,HAM_HAM_0005832,HAM10000,CC-BY-NC-4.0,
fitzpatrick17k_hf/images/img_3920.jpg,naevus,HAM_HAM_0001581,HAM10000,CC-BY-NC-4.0,
fitzpatrick17k_hf/images/img_3921.jpg,naevus,HAM_HAM_0003565,HAM10000,CC-BY-NC-4.0,
fitzpatrick17k_hf/images/img_3922.jpg,naevus,HAM_HAM_0003502,HAM10000,CC-BY-NC-4.0,
fitzpatrick17k_hf/images/img_3923.jpg,naevus,HAM_HAM_0006460,HAM10000,CC-BY-NC-4.0,
fitzpatrick17k_hf/images/img_3924.jpg,naevus,HAM_HAM_0004775,HAM10000,CC-BY-NC-4.0,
fitzpatrick17k_hf/images/img_3925.jpg,naevus,HAM_HAM_0001746,HAM10000,CC-BY-NC-4.0,
fitzpatrick17k_hf/images/img_3926.jpg,naevus,HAM_HAM_0003451,HAM10000,CC-BY-NC-4.0,
fitzpatrick17k_hf/images/img_3927.jpg,naevus,HAM_HAM_0003092,HAM10000,CC-BY-NC-4.0,
fitzpatrick17k_hf/images/img_3928.jpg,naevus,HAM_HAM_0005825,HAM10000,CC-BY-NC-4.0,
fitzpatrick17k_hf/images/img_3929.jpg,naevus,HAM_HAM_0004997,HAM10000,CC-BY-NC-4.0,
fitzpatrick17k_hf/images/img_3930.jpg,naevus,HAM_HAM_0002262,HAM10000,CC-BY-NC-4.0,
fitzpatrick17k_hf/images/img_3931.jpg,naevus,HAM_HAM_0003496,HAM10000,CC-BY-NC-4.0,
fitzpatrick17k_hf/images/img_3932.jpg,naevus,HAM_HAM_0003199,HAM10000,CC-BY-NC-4.0,
fitzpatrick17k_hf/images/img_3933.jpg,naevus,HAM_HAM_0003327,HAM10000,CC-BY-NC-4.0,
fitzpatrick17k_hf/images/img_3934.jpg,naevus,HAM_HAM_0001108,HAM10000,CC-BY-NC-4.0,
fitzpatrick17k_hf/images/img_3935.jpg,naevus,HAM_HAM_0006293,HAM10000,CC-BY-NC-4.0,
fitzpatrick17k_hf/images/img_3936.jpg,naevus,HAM_HAM_0002202,HAM10000,CC-BY-NC-4.0,
fitzpatrick17k_hf/images/img_3937.jpg,naevus,HAM_HAM_0004437,HAM10000,CC-BY-NC-4.0,
fitzpatrick17k_hf/images/img_3938.jpg,naevus,HAM_HAM_0001857,HAM10000,CC-BY-NC-4.0,
fitzpatrick17k_hf/images/img_3939.jpg,naevus,HAM_HAM_0000927,HAM10000,CC-BY-NC-4.0,
fitzpatrick17k_hf/images/img_3940.jpg,naevus,HAM_HAM_0005273,HAM10000,CC-BY-NC-4.0,
fitzpatrick17k_hf/images/img_3941.jpg,naevus,HAM_HAM_0006215,HAM10000,CC-BY-NC-4.0,
fitzpatrick17k_hf/images/img_3942.jpg,naevus,HAM_HAM_0001044,HAM10000,CC-BY-NC-4.0,
fitzpatrick17k_hf/images/img_3943.jpg,naevus,HAM_HAM_0006077,HAM10000,CC-BY-NC-4.0,
fitzpatrick17k_hf/images/img_3944.jpg,naevus,HAM_HAM_0003189,HAM10000,CC-BY-NC-4.0,
fitzpatrick17k_hf/images/img_3945.jpg,naevus,HAM_HAM_0005951,HAM10000,CC-BY-NC-4.0,
fitzpatrick17k_hf/images/img_3946.jpg,naevus,HAM_HAM_0007400,HAM10000,CC-BY-NC-4.0,
fitzpatrick17k_hf/images/img_3947.jpg,naevus,HAM_HAM_0001985,HAM10000,CC-BY-NC-4.0,
fitzpatrick17k_hf/images/img_3948.jpg,naevus,HAM_HAM_0004499,HAM10000,CC-BY-NC-4.0,
fitzpatrick17k_hf/images/img_3949.jpg,naevus,HAM_HAM_0000564,HAM10000,CC-BY-NC-4.0,
fitzpatrick17k_hf/images/img_3950.jpg,naevus,HAM_HAM_0006943,HAM10000,CC-BY-NC-4.0,
fitzpatrick17k_hf/images/img_3951.jpg,naevus,HAM_HAM_0000163,HAM10000,CC-BY-NC-4.0,
fitzpatrick17k_hf/images/img_3952.jpg,naevus,HAM_HAM_0000776,HAM10000,CC-BY-NC-4.0,
fitzpatrick17k_hf/images/img_3953.jpg,naevus,HAM_HAM_0007450,HAM10000,CC-BY-NC-4.0,
fitzpatrick17k_hf/images/img_3954.jpg,naevus,HAM_HAM_0007041,HAM10000,CC-BY-NC-4.0,
fitzpatrick17k_hf/images/img_3955.jpg,naevus,HAM_HAM_0000510,HAM10000,CC-BY-NC-4.0,
fitzpatrick17k_hf/images/img_3956.jpg,naevus,HAM_HAM_0005091,HAM10000,CC-BY-NC-4.0,
fitzpatrick17k_hf/images/img_3957.jpg,naevus,HAM_HAM_0002326,HAM10000,CC-BY-NC-4.0,
fitzpatrick17k_hf/images/img_3958.jpg,naevus,HAM_HAM_0005234,HAM10000,CC-BY-NC-4.0,
fitzpatrick17k_hf/images/img_3959.jpg,naevus,HAM_HAM_0000354,HAM10000,CC-BY-NC-4.0,
fitzpatrick17k_hf/images/img_3960.jpg,naevus,HAM_HAM_0000725,HAM10000,CC-BY-NC-4.0,
fitzpatrick17k_hf/images/img_3961.jpg,naevus,HAM_HAM_0002293,HAM10000,CC-BY-NC-4.0,
fitzpatrick17k_hf/images/img_3962.jpg,naevus,HAM_HAM_0004471,HAM10000,CC-BY-NC-4.0,
fitzpatrick17k_hf/images/img_3963.jpg,naevus,HAM_HAM_0000473,HAM10000,CC-BY-NC-4.0,
fitzpatrick17k_hf/images/img_3964.jpg,naevus,HAM_HAM_0004540,HAM10000,CC-BY-NC-4.0,
fitzpatrick17k_hf/images/img_3965.jpg,naevus,HAM_HAM_0003767,HAM10000,CC-BY-NC-4.0,
fitzpatrick17k_hf/images/img_3966.jpg,naevus,HAM_HAM_0003958,HAM10000,CC-BY-NC-4.0,
fitzpatrick17k_hf/images/img_3967.jpg,naevus,HAM_HAM_0001160,HAM10000,CC-BY-NC-4.0,
fitzpatrick17k_hf/images/img_3968.jpg,naevus,HAM_HAM_0000826,HAM10000,CC-BY-NC-4.0,
fitzpatrick17k_hf/images/img_3969.jpg,naevus,HAM_HAM_0001030,HAM10000,CC-BY-NC-4.0,
fitzpatrick17k_hf/images/img_3970.jpg,naevus,HAM_HAM_0002150,HAM10000,CC-BY-NC-4.0,
fitzpatrick17k_hf/images/img_3971.jpg,naevus,HAM_HAM_0005839,HAM10000,CC-BY-NC-4.0,
fitzpatrick17k_hf/images/img_3972.jpg,naevus,HAM_HAM_0003244,HAM10000,CC-BY-NC-4.0,
fitzpatrick17k_hf/images/img_3973.jpg,naevus,HAM_HAM_0003228,HAM10000,CC-BY-NC-4.0,
fitzpatrick17k_hf/images/img_3974.jpg,naevus,HAM_HAM_0004567,HAM10000,CC-BY-NC-4.0,
fitzpatrick17k_hf/images/img_3975.jpg,naevus,HAM_HAM_0007616,HAM10000,CC-BY-NC-4.0,
fitzpatrick17k_hf/images/img_3976.jpg,naevus,HAM_HAM_0005349,HAM10000,CC-BY-NC-4.0,
fitzpatrick17k_hf/images/img_3977.jpg,naevus,HAM_HAM_0005032,HAM10000,CC-BY-NC-4.0,
fitzpatrick17k_hf/images/img_3978.jpg,naevus,HAM_HAM_0005105,HAM10000,CC-BY-NC-4.0,
fitzpatrick17k_hf/images/img_3979.jpg,naevus,HAM_HAM_0002989,HAM10000,CC-BY-NC-4.0,
fitzpatrick17k_hf/images/img_3980.jpg,naevus,HAM_HAM_0002154,HAM10000,CC-BY-NC-4.0,
fitzpatrick17k_hf/images/img_3981.jpg,naevus,HAM_HAM_0005343,HAM10000,CC-BY-NC-4.0,
fitzpatrick17k_hf/images/img_3982.jpg,naevus,HAM_HAM_0004452,HAM10000,CC-BY-NC-4.0,
fitzpatrick17k_hf/images/img_3983.jpg,naevus,HAM_HAM_0007510,HAM10000,CC-BY-NC-4.0,
fitzpatrick17k_hf/images/img_3984.jpg,naevus,HAM_HAM_0004037,HAM10000,CC-BY-NC-4.0,
fitzpatrick17k_hf/images/img_3985.jpg,naevus,HAM_HAM_0005565,HAM10000,CC-BY-NC-4.0,
fitzpatrick17k_hf/images/img_3986.jpg,naevus,HAM_HAM_0001724,HAM10000,CC-BY-NC-4.0,
fitzpatrick17k_hf/images/img_3987.jpg,naevus,HAM_HAM_0005332,HAM10000,CC-BY-NC-4.0,
fitzpatrick17k_hf/images/img_3988.jpg,naevus,HAM_HAM_0005261,HAM10000,CC-BY-NC-4.0,
fitzpatrick17k_hf/images/img_3989.jpg,naevus,HAM_HAM_0000037,HAM10000,CC-BY-NC-4.0,
fitzpatrick17k_hf/images/img_3990.jpg,naevus,HAM_HAM_0007397,HAM10000,CC-BY-NC-4.0,
fitzpatrick17k_hf/images/img_3991.jpg,naevus,HAM_HAM_0007130,HAM10000,CC-BY-NC-4.0,
fitzpatrick17k_hf/images/img_3992.jpg,naevus,HAM_HAM_0001491,HAM10000,CC-BY-NC-4.0,
fitzpatrick17k_hf/images/img_3993.jpg,naevus,HAM_HAM_0003699,HAM10000,CC-BY-NC-4.0,
fitzpatrick17k_hf/images/img_3994.jpg,naevus,HAM_HAM_0001567,HAM10000,CC-BY-NC-4.0,
fitzpatrick17k_hf/images/img_3995.jpg,naevus,HAM_HAM_0000935,HAM10000,CC-BY-NC-4.0,
fitzpatrick17k_hf/images/img_3996.jpg,naevus,HAM_HAM_0002062,HAM10000,CC-BY-NC-4.0,
fitzpatrick17k_hf/images/img_3997.jpg,naevus,HAM_HAM_0007046,HAM10000,CC-BY-NC-4.0,
fitzpatrick17k_hf/images/img_3998.jpg,naevus,HAM_HAM_0006359,HAM10000,CC-BY-NC-4.0,
fitzpatrick17k_hf/images/img_3999.jpg,naevus,HAM_HAM_0000570,HAM10000,CC-BY-NC-4.0,
fitzpatrick17k_hf/images/img_4000.jpg,naevus,HAM_HAM_0004628,HAM10000,CC-BY-NC-4.0,
fitzpatrick17k_hf/images/img_4001.jpg,naevus,HAM_HAM_0004524,HAM10000,CC-BY-NC-4.0,
fitzpatrick17k_hf/images/img_4002.jpg,naevus,HAM_HAM_0001696,HAM10000,CC-BY-NC-4.0,
fitzpatrick17k_hf/images/img_4003.jpg,naevus,HAM_HAM_0006719,HAM10000,CC-BY-NC-4.0,
fitzpatrick17k_hf/images/img_4004.jpg,naevus,HAM_HAM_0005227,HAM10000,CC-BY-NC-4.0,
fitzpatrick17k_hf/images/img_4005.jpg,naevus,HAM_HAM_0001117,HAM10000,CC-BY-NC-4.0,
fitzpatrick17k_hf/images/img_4006.jpg,naevus,HAM_HAM_0007287,HAM10000,CC-BY-NC-4.0,
fitzpatrick17k_hf/images/img_4007.jpg,naevus,HAM_HAM_0000620,HAM10000,CC-BY-NC-4.0,
fitzpatrick17k_hf/images/img_4008.jpg,naevus,HAM_HAM_0000505,HAM10000,CC-BY-NC-4.0,
fitzpatrick17k_hf/images/img_4009.jpg,naevus,HAM_HAM_0006192,HAM10000,CC-BY-NC-4.0,
fitzpatrick17k_hf/images/img_4010.jpg,naevus,HAM_HAM_0007615,HAM10000,CC-BY-NC-4.0,
fitzpatrick17k_hf/images/img_4011.jpg,naevus,HAM_HAM_0001393,HAM10000,CC-BY-NC-4.0,
fitzpatrick17k_hf/images/img_4012.jpg,naevus,HAM_HAM_0001968,HAM10000,CC-BY-NC-4.0,
fitzpatrick17k_hf/images/img_4013.jpg,naevus,HAM_HAM_0002539,HAM10000,CC-BY-NC-4.0,
fitzpatrick17k_hf/images/img_4014.jpg,naevus,HAM_HAM_0001157,HAM10000,CC-BY-NC-4.0,
fitzpatrick17k_hf/images/img_4015.jpg,naevus,HAM_HAM_0002840,HAM10000,CC-BY-NC-4.0,
fitzpatrick17k_hf/images/img_4016.jpg,naevus,HAM_HAM_0004381,HAM10000,CC-BY-NC-4.0,
fitzpatrick17k_hf/images/img_4017.jpg,naevus,HAM_HAM_0005447,HAM10000,CC-BY-NC-4.0,
fitzpatrick17k_hf/images/img_4018.jpg,naevus,HAM_HAM_0002853,HAM10000,CC-BY-NC-4.0,
fitzpatrick17k_hf/images/img_4019.jpg,naevus,HAM_HAM_0002330,HAM10000,CC-BY-NC-4.0,
fitzpatrick17k_hf/images/img_4020.jpg,naevus,HAM_HAM_0000698,HAM10000,CC-BY-NC-4.0,
fitzpatrick17k_hf/images/img_4021.jpg,naevus,HAM_HAM_0007196,HAM10000,CC-BY-NC-4.0,
fitzpatrick17k_hf/images/img_4022.jpg,naevus,HAM_HAM_0001668,HAM10000,CC-BY-NC-4.0,
fitzpatrick17k_hf/images/img_4023.jpg,naevus,HAM_HAM_0006808,HAM10000,CC-BY-NC-4.0,
fitzpatrick17k_hf/images/img_4024.jpg,naevus,HAM_HAM_0006915,HAM10000,CC-BY-NC-4.0,
fitzpatrick17k_hf/images/img_4025.jpg,naevus,HAM_HAM_0003025,HAM10000,CC-BY-NC-4.0,
fitzpatrick17k_hf/images/img_4026.jpg,naevus,HAM_HAM_0000738,HAM10000,CC-BY-NC-4.0,
fitzpatrick17k_hf/images/img_4027.jpg,naevus,HAM_HAM_0006347,HAM10000,CC-BY-NC-4.0,
fitzpatrick17k_hf/images/img_4028.jpg,naevus,HAM_HAM_0007399,HAM10000,CC-BY-NC-4.0,
fitzpatrick17k_hf/images/img_4029.jpg,naevus,HAM_HAM_0002968,HAM10000,CC-BY-NC-4.0,
fitzpatrick17k_hf/images/img_4030.jpg,naevus,HAM_HAM_0003963,HAM10000,CC-BY-NC-4.0,
fitzpatrick17k_hf/images/img_4031.jpg,naevus,HAM_HAM_0006410,HAM10000,CC-BY-NC-4.0,
fitzpatrick17k_hf/images/img_4032.jpg,naevus,HAM_HAM_0004146,HAM10000,CC-BY-NC-4.0,
fitzpatrick17k_hf/images/img_4033.jpg,naevus,HAM_HAM_0000780,HAM10000,CC-BY-NC-4.0,
fitzpatrick17k_hf/images/img_4034.jpg,naevus,HAM_HAM_0005323,HAM10000,CC-BY-NC-4.0,
fitzpatrick17k_hf/images/img_4035.jpg,naevus,HAM_HAM_0002457,HAM10000,CC-BY-NC-4.0,
fitzpatrick17k_hf/images/img_4036.jpg,naevus,HAM_HAM_0007425,HAM10000,CC-BY-NC-4.0,
fitzpatrick17k_hf/images/img_4037.jpg,naevus,HAM_HAM_0006999,HAM10000,CC-BY-NC-4.0,
fitzpatrick17k_hf/images/img_4038.jpg,naevus,HAM_HAM_0000137,HAM10000,CC-BY-NC-4.0,
fitzpatrick17k_hf/images/img_4039.jpg,naevus,HAM_HAM_0005017,HAM10000,CC-BY-NC-4.0,
fitzpatrick17k_hf/images/img_4040.jpg,naevus,HAM_HAM_0006914,HAM10000,CC-BY-NC-4.0,
fitzpatrick17k_hf/images/img_4041.jpg,naevus,HAM_HAM_0005380,HAM10000,CC-BY-NC-4.0,
fitzpatrick17k_hf/images/img_4042.jpg,naevus,HAM_HAM_0002214,HAM10000,CC-BY-NC-4.0,
fitzpatrick17k_hf/images/img_4043.jpg,naevus,HAM_HAM_0001454,HAM10000,CC-BY-NC-4.0,
fitzpatrick17k_hf/images/img_4044.jpg,naevus,HAM_HAM_0002531,HAM10000,CC-BY-NC-4.0,
fitzpatrick17k_hf/images/img_4045.jpg,naevus,HAM_HAM_0002154,HAM10000,CC-BY-NC-4.0,
fitzpatrick17k_hf/images/img_4046.jpg,naevus,HAM_HAM_0005884,HAM10000,CC-BY-NC-4.0,
fitzpatrick17k_hf/images/img_4047.jpg,naevus,HAM_HAM_0005395,HAM10000,CC-BY-NC-4.0,
fitzpatrick17k_hf/images/img_4048.jpg,naevus,HAM_HAM_0004256,HAM10000,CC-BY-NC-4.0,
fitzpatrick17k_hf/images/img_4049.jpg,naevus,HAM_HAM_0000315,HAM10000,CC-BY-NC-4.0,
fitzpatrick17k_hf/images/img_4050.jpg,naevus,HAM_HAM_0004656,HAM10000,CC-BY-NC-4.0,
fitzpatrick17k_hf/images/img_4051.jpg,naevus,HAM_HAM_0001942,HAM10000,CC-BY-NC-4.0,
fitzpatrick17k_hf/images/img_4052.jpg,naevus,HAM_HAM_0004794,HAM10000,CC-BY-NC-4.0,
fitzpatrick17k_hf/images/img_4053.jpg,naevus,HAM_HAM_0001502,HAM10000,CC-BY-NC-4.0,
fitzpatrick17k_hf/images/img_4054.jpg,naevus,HAM_HAM_0005181,HAM10000,CC-BY-NC-4.0,
fitzpatrick17k_hf/images/img_4055.jpg,naevus,HAM_HAM_0001756,HAM10000,CC-BY-NC-4.0,
fitzpatrick17k_hf/images/img_4056.jpg,naevus,HAM_HAM_0003060,HAM10000,CC-BY-NC-4.0,
fitzpatrick17k_hf/images/img_4057.jpg,naevus,HAM_HAM_0000129,HAM10000,CC-BY-NC-4.0,
fitzpatrick17k_hf/images/img_4058.jpg,naevus,HAM_HAM_0006565,HAM10000,CC-BY-NC-4.0,
fitzpatrick17k_hf/images/img_4059.jpg,naevus,HAM_HAM_0007495,HAM10000,CC-BY-NC-4.0,
fitzpatrick17k_hf/images/img_4060.jpg,naevus,HAM_HAM_0003642,HAM10000,CC-BY-NC-4.0,
fitzpatrick17k_hf/images/img_4061.jpg,naevus,HAM_HAM_0003478,HAM10000,CC-BY-NC-4.0,
fitzpatrick17k_hf/images/img_4062.jpg,naevus,HAM_HAM_0003554,HAM10000,CC-BY-NC-4.0,
fitzpatrick17k_hf/images/img_4063.jpg,naevus,HAM_HAM_0000508,HAM10000,CC-BY-NC-4.0,
fitzpatrick17k_hf/images/img_4064.jpg,naevus,HAM_HAM_0004139,HAM10000,CC-BY-NC-4.0,
fitzpatrick17k_hf/images/img_4065.jpg,naevus,HAM_HAM_0004699,HAM10000,CC-BY-NC-4.0,
fitzpatrick17k_hf/images/img_4066.jpg,naevus,HAM_HAM_0007014,HAM10000,CC-BY-NC-4.0,
fitzpatrick17k_hf/images/img_4067.jpg,naevus,HAM_HAM_0001070,HAM10000,CC-BY-NC-4.0,
fitzpatrick17k_hf/images/img_4068.jpg,naevus,HAM_HAM_0006082,HAM10000,CC-BY-NC-4.0,
fitzpatrick17k_hf/images/img_4069.jpg,naevus,HAM_HAM_0006032,HAM10000,CC-BY-NC-4.0,
fitzpatrick17k_hf/images/img_4070.jpg,naevus,HAM_HAM_0006464,HAM10000,CC-BY-NC-4.0,
fitzpatrick17k_hf/images/img_4071.jpg,naevus,HAM_HAM_0005805,HAM10000,CC-BY-NC-4.0,
fitzpatrick17k_hf/images/img_4072.jpg,naevus,HAM_HAM_0003880,HAM10000,CC-BY-NC-4.0,
fitzpatrick17k_hf/images/img_4073.jpg,naevus,HAM_HAM_0001525,HAM10000,CC-BY-NC-4.0,
fitzpatrick17k_hf/images/img_4074.jpg,naevus,HAM_HAM_0005897,HAM10000,CC-BY-NC-4.0,
fitzpatrick17k_hf/images/img_4075.jpg,naevus,HAM_HAM_0004738,HAM10000,CC-BY-NC-4.0,
fitzpatrick17k_hf/images/img_4076.jpg,naevus,HAM_HAM_0000637,HAM10000,CC-BY-NC-4.0,
fitzpatrick17k_hf/images/img_4077.jpg,naevus,HAM_HAM_0003687,HAM10000,CC-BY-NC-4.0,
fitzpatrick17k_hf/images/img_4078.jpg,naevus,HAM_HAM_0000346,HAM10000,CC-BY-NC-4.0,
fitzpatrick17k_hf/images/img_4079.jpg,naevus,HAM_HAM_0005554,HAM10000,CC-BY-NC-4.0,
fitzpatrick17k_hf/images/img_4080.jpg,naevus,HAM_HAM_0001498,HAM10000,CC-BY-NC-4.0,
fitzpatrick17k_hf/images/img_4081.jpg,naevus,HAM_HAM_0002026,HAM10000,CC-BY-NC-4.0,
fitzpatrick17k_hf/images/img_4082.jpg,naevus,HAM_HAM_0003642,HAM10000,CC-BY-NC-4.0,
fitzpatrick17k_hf/images/img_4083.jpg,naevus,HAM_HAM_0001248,HAM10000,CC-BY-NC-4.0,
fitzpatrick17k_hf/images/img_4084.jpg,naevus,HAM_HAM_0005602,HAM10000,CC-BY-NC-4.0,
fitzpatrick17k_hf/images/img_4085.jpg,naevus,HAM_HAM_0001885,HAM10000,CC-BY-NC-4.0,
fitzpatrick17k_hf/images/img_4086.jpg,naevus,HAM_HAM_0006821,HAM10000,CC-BY-NC-4.0,
fitzpatrick17k_hf/images/img_4087.jpg,naevus,HAM_HAM_0000464,HAM10000,CC-BY-NC-4.0,
fitzpatrick17k_hf/images/img_4088.jpg,naevus,HAM_HAM_0000798,HAM10000,CC-BY-NC-4.0,
fitzpatrick17k_hf/images/img_4089.jpg,naevus,HAM_HAM_0006176,HAM10000,CC-BY-NC-4.0,
fitzpatrick17k_hf/images/img_4090.jpg,naevus,HAM_HAM_0005910,HAM10000,CC-BY-NC-4.0,
fitzpatrick17k_hf/images/img_4091.jpg,naevus,HAM_HAM_0007254,HAM10000,CC-BY-NC-4.0,
fitzpatrick17k_hf/images/img_4092.jpg,naevus,HAM_HAM_0007509,HAM10000,CC-BY-NC-4.0,
fitzpatrick17k_hf/images/img_4093.jpg,naevus,HAM_HAM_0006952,HAM10000,CC-BY-NC-4.0,
fitzpatrick17k_hf/images/img_4094.jpg,naevus,HAM_HAM_0000558,HAM10000,CC-BY-NC-4.0,
fitzpatrick17k_hf/images/img_4095.jpg,naevus,HAM_HAM_0004761,HAM10000,CC-BY-NC-4.0,
fitzpatrick17k_hf/images/img_4096.jpg,naevus,HAM_HAM_0006358,HAM10000,CC-BY-NC-4.0,
fitzpatrick17k_hf/images/img_4097.jpg,naevus,HAM_HAM_0006035,HAM10000,CC-BY-NC-4.0,
fitzpatrick17k_hf/images/img_4098.jpg,naevus,HAM_HAM_0002974,HAM10000,CC-BY-NC-4.0,
fitzpatrick17k_hf/images/img_4099.jpg,naevus,HAM_HAM_0001123,HAM10000,CC-BY-NC-4.0,
fitzpatrick17k_hf/images/img_4100.jpg,naevus,HAM_HAM_0003503,HAM10000,CC-BY-NC-4.0,
fitzpatrick17k_hf/images/img_4101.jpg,naevus,HAM_HAM_0005916,HAM10000,CC-BY-NC-4.0,
fitzpatrick17k_hf/images/img_4102.jpg,naevus,HAM_HAM_0000144,HAM10000,CC-BY-NC-4.0,
fitzpatrick17k_hf/images/img_4103.jpg,naevus,HAM_HAM_0004826,HAM10000,CC-BY-NC-4.0,
fitzpatrick17k_hf/images/img_4104.jpg,naevus,HAM_HAM_0004733,HAM10000,CC-BY-NC-4.0,
fitzpatrick17k_hf/images/img_4105.jpg,naevus,HAM_HAM_0004664,HAM10000,CC-BY-NC-4.0,
fitzpatrick17k_hf/images/img_4106.jpg,naevus,HAM_HAM_0004830,HAM10000,CC-BY-NC-4.0,
fitzpatrick17k_hf/images/img_4107.jpg,naevus,HAM_HAM_0006398,HAM10000,CC-BY-NC-4.0,
fitzpatrick17k_hf/images/img_4108.jpg,naevus,HAM_HAM_0005009,HAM10000,CC-BY-NC-4.0,
fitzpatrick17k_hf/images/img_4109.jpg,naevus,HAM_HAM_0001071,HAM10000,CC-BY-NC-4.0,
fitzpatrick17k_hf/images/img_4110.jpg,naevus,HAM_HAM_0007579,HAM10000,CC-BY-NC-4.0,
fitzpatrick17k_hf/images/img_4111.jpg,naevus,HAM_HAM_0006271,HAM10000,CC-BY-NC-4.0,
fitzpatrick17k_hf/images/img_4112.jpg,naevus,HAM_HAM_0005794,HAM10000,CC-BY-NC-4.0,
fitzpatrick17k_hf/images/img_4113.jpg,naevus,HAM_HAM_0002758,HAM10000,CC-BY-NC-4.0,
fitzpatrick17k_hf/images/img_4114.jpg,naevus,HAM_HAM_0003063,HAM10000,CC-BY-NC-4.0,
fitzpatrick17k_hf/images/img_4115.jpg,naevus,HAM_HAM_0006458,HAM10000,CC-BY-NC-4.0,
fitzpatrick17k_hf/images/img_4116.jpg,naevus,HAM_HAM_0004726,HAM10000,CC-BY-NC-4.0,
fitzpatrick17k_hf/images/img_4117.jpg,naevus,HAM_HAM_0005205,HAM10000,CC-BY-NC-4.0,
fitzpatrick17k_hf/images/img_4118.jpg,naevus,HAM_HAM_0001269,HAM10000,CC-BY-NC-4.0,
fitzpatrick17k_hf/images/img_4119.jpg,naevus,HAM_HAM_0001925,HAM10000,CC-BY-NC-4.0,
fitzpatrick17k_hf/images/img_4120.jpg,naevus,HAM_HAM_0000785,HAM10000,CC-BY-NC-4.0,
fitzpatrick17k_hf/images/img_4121.jpg,naevus,HAM_HAM_0001421,HAM10000,CC-BY-NC-4.0,
fitzpatrick17k_hf/images/img_4122.jpg,naevus,HAM_HAM_0003907,HAM10000,CC-BY-NC-4.0,
fitzpatrick17k_hf/images/img_4123.jpg,naevus,HAM_HAM_0004718,HAM10000,CC-BY-NC-4.0,
fitzpatrick17k_hf/images/img_4124.jpg,naevus,HAM_HAM_0001614,HAM10000,CC-BY-NC-4.0,
fitzpatrick17k_hf/images/img_4125.jpg,naevus,HAM_HAM_0006960,HAM10000,CC-BY-NC-4.0,
fitzpatrick17k_hf/images/img_4126.jpg,naevus,HAM_HAM_0004552,HAM10000,CC-BY-NC-4.0,
fitzpatrick17k_hf/images/img_4127.jpg,naevus,HAM_HAM_0006933,HAM10000,CC-BY-NC-4.0,
fitzpatrick17k_hf/images/img_4128.jpg,naevus,HAM_HAM_0004007,HAM10000,CC-BY-NC-4.0,
fitzpatrick17k_hf/images/img_4129.jpg,naevus,HAM_HAM_0005242,HAM10000,CC-BY-NC-4.0,
fitzpatrick17k_hf/images/img_4130.jpg,naevus,HAM_HAM_0000399,HAM10000,CC-BY-NC-4.0,
fitzpatrick17k_hf/images/img_4131.jpg,naevus,HAM_HAM_0001959,HAM10000,CC-BY-NC-4.0,
fitzpatrick17k_hf/images/img_4132.jpg,naevus,HAM_HAM_0001006,HAM10000,CC-BY-NC-4.0,
fitzpatrick17k_hf/images/img_4133.jpg,naevus,HAM_HAM_0003922,HAM10000,CC-BY-NC-4.0,
fitzpatrick17k_hf/images/img_4134.jpg,naevus,HAM_HAM_0005266,HAM10000,CC-BY-NC-4.0,
fitzpatrick17k_hf/images/img_4135.jpg,naevus,HAM_HAM_0000741,HAM10000,CC-BY-NC-4.0,
fitzpatrick17k_hf/images/img_4136.jpg,naevus,HAM_HAM_0006996,HAM10000,CC-BY-NC-4.0,
fitzpatrick17k_hf/images/img_4137.jpg,naevus,HAM_HAM_0000160,HAM10000,CC-BY-NC-4.0,
fitzpatrick17k_hf/images/img_4138.jpg,naevus,HAM_HAM_0000363,HAM10000,CC-BY-NC-4.0,
fitzpatrick17k_hf/images/img_4139.jpg,naevus,HAM_HAM_0006518,HAM10000,CC-BY-NC-4.0,
fitzpatrick17k_hf/images/img_4140.jpg,naevus,HAM_HAM_0006286,HAM10000,CC-BY-NC-4.0,
fitzpatrick17k_hf/images/img_4141.jpg,naevus,HAM_HAM_0003595,HAM10000,CC-BY-NC-4.0,
fitzpatrick17k_hf/images/img_4142.jpg,naevus,HAM_HAM_0005907,HAM10000,CC-BY-NC-4.0,
fitzpatrick17k_hf/images/img_4143.jpg,naevus,HAM_HAM_0006256,HAM10000,CC-BY-NC-4.0,
fitzpatrick17k_hf/images/img_4144.jpg,naevus,HAM_HAM_0002922,HAM10000,CC-BY-NC-4.0,
fitzpatrick17k_hf/images/img_4145.jpg,naevus,HAM_HAM_0006244,HAM10000,CC-BY-NC-4.0,
fitzpatrick17k_hf/images/img_4146.jpg,naevus,HAM_HAM_0004002,HAM10000,CC-BY-NC-4.0,
fitzpatrick17k_hf/images/img_4147.jpg,naevus,HAM_HAM_0000108,HAM10000,CC-BY-NC-4.0,
fitzpatrick17k_hf/images/img_4148.jpg,naevus,HAM_HAM_0005548,HAM10000,CC-BY-NC-4.0,
fitzpatrick17k_hf/images/img_4149.jpg,naevus,HAM_HAM_0007291,HAM10000,CC-BY-NC-4.0,
fitzpatrick17k_hf/images/img_4150.jpg,naevus,HAM_HAM_0005725,HAM10000,CC-BY-NC-4.0,
fitzpatrick17k_hf/images/img_4151.jpg,naevus,HAM_HAM_0006394,HAM10000,CC-BY-NC-4.0,
fitzpatrick17k_hf/images/img_4152.jpg,naevus,HAM_HAM_0001109,HAM10000,CC-BY-NC-4.0,
fitzpatrick17k_hf/images/img_4153.jpg,naevus,HAM_HAM_0004527,HAM10000,CC-BY-NC-4.0,
fitzpatrick17k_hf/images/img_4154.jpg,naevus,HAM_HAM_0000204,HAM10000,CC-BY-NC-4.0,
fitzpatrick17k_hf/images/img_4155.jpg,naevus,HAM_HAM_0003230,HAM10000,CC-BY-NC-4.0,
fitzpatrick17k_hf/images/img_4156.jpg,naevus,HAM_HAM_0006084,HAM10000,CC-BY-NC-4.0,
fitzpatrick17k_hf/images/img_4157.jpg,naevus,HAM_HAM_0007058,HAM10000,CC-BY-NC-4.0,
fitzpatrick17k_hf/images/img_4158.jpg,naevus,HAM_HAM_0003215,HAM10000,CC-BY-NC-4.0,
fitzpatrick17k_hf/images/img_4159.jpg,naevus,HAM_HAM_0001107,HAM10000,CC-BY-NC-4.0,
fitzpatrick17k_hf/images/img_4160.jpg,naevus,HAM_HAM_0006605,HAM10000,CC-BY-NC-4.0,
fitzpatrick17k_hf/images/img_4161.jpg,naevus,HAM_HAM_0000541,HAM10000,CC-BY-NC-4.0,
fitzpatrick17k_hf/images/img_4162.jpg,naevus,HAM_HAM_0002132,HAM10000,CC-BY-NC-4.0,
fitzpatrick17k_hf/images/img_4163.jpg,naevus,HAM_HAM_0005890,HAM10000,CC-BY-NC-4.0,
fitzpatrick17k_hf/images/img_4164.jpg,naevus,HAM_HAM_0002796,HAM10000,CC-BY-NC-4.0,
fitzpatrick17k_hf/images/img_4165.jpg,naevus,HAM_HAM_0006436,HAM10000,CC-BY-NC-4.0,
fitzpatrick17k_hf/images/img_4166.jpg,naevus,HAM_HAM_0002578,HAM10000,CC-BY-NC-4.0,
fitzpatrick17k_hf/images/img_4167.jpg,naevus,HAM_HAM_0004070,HAM10000,CC-BY-NC-4.0,
fitzpatrick17k_hf/images/img_4168.jpg,naevus,HAM_HAM_0000222,HAM10000,CC-BY-NC-4.0,
fitzpatrick17k_hf/images/img_4169.jpg,naevus,HAM_HAM_0000171,HAM10000,CC-BY-NC-4.0,
fitzpatrick17k_hf/images/img_4170.jpg,naevus,HAM_HAM_0002414,HAM10000,CC-BY-NC-4.0,
fitzpatrick17k_hf/images/img_4171.jpg,naevus,HAM_HAM_0002314,HAM10000,CC-BY-NC-4.0,
fitzpatrick17k_hf/images/img_4172.jpg,naevus,HAM_HAM_0000422,HAM10000,CC-BY-NC-4.0,
fitzpatrick17k_hf/images/img_4173.jpg,naevus,HAM_HAM_0001856,HAM10000,CC-BY-NC-4.0,
fitzpatrick17k_hf/images/img_4174.jpg,naevus,HAM_HAM_0000146,HAM10000,CC-BY-NC-4.0,
fitzpatrick17k_hf/images/img_4175.jpg,naevus,HAM_HAM_0003016,HAM10000,CC-BY-NC-4.0,
fitzpatrick17k_hf/images/img_4176.jpg,naevus,HAM_HAM_0000971,HAM10000,CC-BY-NC-4.0,
fitzpatrick17k_hf/images/img_4177.jpg,naevus,HAM_HAM_0003378,HAM10000,CC-BY-NC-4.0,
fitzpatrick17k_hf/images/img_4178.jpg,naevus,HAM_HAM_0004115,HAM10000,CC-BY-NC-4.0,
fitzpatrick17k_hf/images/img_4179.jpg,naevus,HAM_HAM_0005937,HAM10000,CC-BY-NC-4.0,
fitzpatrick17k_hf/images/img_4180.jpg,naevus,HAM_HAM_0002550,HAM10000,CC-BY-NC-4.0,
fitzpatrick17k_hf/images/img_4181.jpg,naevus,HAM_HAM_0005738,HAM10000,CC-BY-NC-4.0,
fitzpatrick17k_hf/images/img_4182.jpg,naevus,HAM_HAM_0003692,HAM10000,CC-BY-NC-4.0,
fitzpatrick17k_hf/images/img_4183.jpg,naevus,HAM_HAM_0005120,HAM10000,CC-BY-NC-4.0,
fitzpatrick17k_hf/images/img_4184.jpg,naevus,HAM_HAM_0002673,HAM10000,CC-BY-NC-4.0,
fitzpatrick17k_hf/images/img_4185.jpg,naevus,HAM_HAM_0004467,HAM10000,CC-BY-NC-4.0,
fitzpatrick17k_hf/images/img_4186.jpg,naevus,HAM_HAM_0001936,HAM10000,CC-BY-NC-4.0,
fitzpatrick17k_hf/images/img_4187.jpg,naevus,HAM_HAM_0003819,HAM10000,CC-BY-NC-4.0,
fitzpatrick17k_hf/images/img_4188.jpg,naevus,HAM_HAM_0004999,HAM10000,CC-BY-NC-4.0,
fitzpatrick17k_hf/images/img_4189.jpg,naevus,HAM_HAM_0001482,HAM10000,CC-BY-NC-4.0,
fitzpatrick17k_hf/images/img_4190.jpg,naevus,HAM_HAM_0003769,HAM10000,CC-BY-NC-4.0,
fitzpatrick17k_hf/images/img_4191.jpg,naevus,HAM_HAM_0007405,HAM10000,CC-BY-NC-4.0,
fitzpatrick17k_hf/images/img_4192.jpg,naevus,HAM_HAM_0005445,HAM10000,CC-BY-NC-4.0,
fitzpatrick17k_hf/images/img_4193.jpg,naevus,HAM_HAM_0002155,HAM10000,CC-BY-NC-4.0,
fitzpatrick17k_hf/images/img_4194.jpg,naevus,HAM_HAM_0002176,HAM10000,CC-BY-NC-4.0,
fitzpatrick17k_hf/images/img_4195.jpg,naevus,HAM_HAM_0002645,HAM10000,CC-BY-NC-4.0,
fitzpatrick17k_hf/images/img_4196.jpg,naevus,HAM_HAM_0005461,HAM10000,CC-BY-NC-4.0,
fitzpatrick17k_hf/images/img_4197.jpg,naevus,HAM_HAM_0005653,HAM10000,CC-BY-NC-4.0,
fitzpatrick17k_hf/images/img_4198.jpg,naevus,HAM_HAM_0001049,HAM10000,CC-BY-NC-4.0,
fitzpatrick17k_hf/images/img_4199.jpg,naevus,HAM_HAM_0005284,HAM10000,CC-BY-NC-4.0,
fitzpatrick17k_hf/images/img_4200.jpg,naevus,HAM_HAM_0007312,HAM10000,CC-BY-NC-4.0,
fitzpatrick17k_hf/images/img_4201.jpg,naevus,HAM_HAM_0005057,HAM10000,CC-BY-NC-4.0,
fitzpatrick17k_hf/images/img_4202.jpg,naevus,HAM_HAM_0002784,HAM10000,CC-BY-NC-4.0,
fitzpatrick17k_hf/images/img_4203.jpg,naevus,HAM_HAM_0005720,HAM10000,CC-BY-NC-4.0,
fitzpatrick17k_hf/images/img_4204.jpg,naevus,HAM_HAM_0006126,HAM10000,CC-BY-NC-4.0,
fitzpatrick17k_hf/images/img_4205.jpg,naevus,HAM_HAM_0004611,HAM10000,CC-BY-NC-4.0,
fitzpatrick17k_hf/images/img_4206.jpg,naevus,HAM_HAM_0005647,HAM10000,CC-BY-NC-4.0,
fitzpatrick17k_hf/images/img_4207.jpg,naevus,HAM_HAM_0004997,HAM10000,CC-BY-NC-4.0,
fitzpatrick17k_hf/images/img_4208.jpg,naevus,HAM_HAM_0006412,HAM10000,CC-BY-NC-4.0,
fitzpatrick17k_hf/images/img_4209.jpg,naevus,HAM_HAM_0003264,HAM10000,CC-BY-NC-4.0,
fitzpatrick17k_hf/images/img_4210.jpg,naevus,HAM_HAM_0001154,HAM10000,CC-BY-NC-4.0,
fitzpatrick17k_hf/images/img_4211.jpg,naevus,HAM_HAM_0005775,HAM10000,CC-BY-NC-4.0,
fitzpatrick17k_hf/images/img_4212.jpg,naevus,HAM_HAM_0006936,HAM10000,CC-BY-NC-4.0,
fitzpatrick17k_hf/images/img_4213.jpg,naevus,HAM_HAM_0000010,HAM10000,CC-BY-NC-4.0,
fitzpatrick17k_hf/images/img_4214.jpg,naevus,HAM_HAM_0000437,HAM10000,CC-BY-NC-4.0,
fitzpatrick17k_hf/images/img_4215.jpg,naevus,HAM_HAM_0006132,HAM10000,CC-BY-NC-4.0,
fitzpatrick17k_hf/images/img_4216.jpg,naevus,HAM_HAM_0006229,HAM10000,CC-BY-NC-4.0,
fitzpatrick17k_hf/images/img_4217.jpg,naevus,HAM_HAM_0002670,HAM10000,CC-BY-NC-4.0,
fitzpatrick17k_hf/images/img_4218.jpg,naevus,HAM_HAM_0006726,HAM10000,CC-BY-NC-4.0,
fitzpatrick17k_hf/images/img_4219.jpg,naevus,HAM_HAM_0006389,HAM10000,CC-BY-NC-4.0,
fitzpatrick17k_hf/images/img_4220.jpg,naevus,HAM_HAM_0003397,HAM10000,CC-BY-NC-4.0,
fitzpatrick17k_hf/images/img_4221.jpg,naevus,HAM_HAM_0003450,HAM10000,CC-BY-NC-4.0,
fitzpatrick17k_hf/images/img_4222.jpg,naevus,HAM_HAM_0004228,HAM10000,CC-BY-NC-4.0,
fitzpatrick17k_hf/images/img_4223.jpg,naevus,HAM_HAM_0000466,HAM10000,CC-BY-NC-4.0,
fitzpatrick17k_hf/images/img_4224.jpg,naevus,HAM_HAM_0000461,HAM10000,CC-BY-NC-4.0,
fitzpatrick17k_hf/images/img_4225.jpg,naevus,HAM_HAM_0000143,HAM10000,CC-BY-NC-4.0,
fitzpatrick17k_hf/images/img_4226.jpg,naevus,HAM_HAM_0002533,HAM10000,CC-BY-NC-4.0,
fitzpatrick17k_hf/images/img_4227.jpg,naevus,HAM_HAM_0003305,HAM10000,CC-BY-NC-4.0,
fitzpatrick17k_hf/images/img_4228.jpg,naevus,HAM_HAM_0007145,HAM10000,CC-BY-NC-4.0,
fitzpatrick17k_hf/images/img_4229.jpg,naevus,HAM_HAM_0000663,HAM10000,CC-BY-NC-4.0,
fitzpatrick17k_hf/images/img_4230.jpg,naevus,HAM_HAM_0006345,HAM10000,CC-BY-NC-4.0,
fitzpatrick17k_hf/images/img_4231.jpg,naevus,HAM_HAM_0000548,HAM10000,CC-BY-NC-4.0,
fitzpatrick17k_hf/images/img_4232.jpg,naevus,HAM_HAM_0000183,HAM10000,CC-BY-NC-4.0,
fitzpatrick17k_hf/images/img_4233.jpg,naevus,HAM_HAM_0005307,HAM10000,CC-BY-NC-4.0,
fitzpatrick17k_hf/images/img_4234.jpg,naevus,HAM_HAM_0001609,HAM10000,CC-BY-NC-4.0,
fitzpatrick17k_hf/images/img_4235.jpg,naevus,HAM_HAM_0005227,HAM10000,CC-BY-NC-4.0,
fitzpatrick17k_hf/images/img_4236.jpg,naevus,HAM_HAM_0002207,HAM10000,CC-BY-NC-4.0,
fitzpatrick17k_hf/images/img_4237.jpg,naevus,HAM_HAM_0007360,HAM10000,CC-BY-NC-4.0,
fitzpatrick17k_hf/images/img_4238.jpg,naevus,HAM_HAM_0001754,HAM10000,CC-BY-NC-4.0,
fitzpatrick17k_hf/images/img_4239.jpg,naevus,HAM_HAM_0000819,HAM10000,CC-BY-NC-4.0,
fitzpatrick17k_hf/images/img_4240.jpg,naevus,HAM_HAM_0006682,HAM10000,CC-BY-NC-4.0,
fitzpatrick17k_hf/images/img_4241.jpg,naevus,HAM_HAM_0001829,HAM10000,CC-BY-NC-4.0,
fitzpatrick17k_hf/images/img_4242.jpg,naevus,HAM_HAM_0006043,HAM10000,CC-BY-NC-4.0,
fitzpatrick17k_hf/images/img_4243.jpg,naevus,HAM_HAM_0001679,HAM10000,CC-BY-NC-4.0,
fitzpatrick17k_hf/images/img_4244.jpg,naevus,HAM_HAM_0001723,HAM10000,CC-BY-NC-4.0,
fitzpatrick17k_hf/images/img_4245.jpg,naevus,HAM_HAM_0006259,HAM10000,CC-BY-NC-4.0,
fitzpatrick17k_hf/images/img_4246.jpg,naevus,HAM_HAM_0004220,HAM10000,CC-BY-NC-4.0,
fitzpatrick17k_hf/images/img_4247.jpg,naevus,HAM_HAM_0003415,HAM10000,CC-BY-NC-4.0,
fitzpatrick17k_hf/images/img_4248.jpg,naevus,HAM_HAM_0005544,HAM10000,CC-BY-NC-4.0,
fitzpatrick17k_hf/images/img_4249.jpg,naevus,HAM_HAM_0003929,HAM10000,CC-BY-NC-4.0,
fitzpatrick17k_hf/images/img_4250.jpg,naevus,HAM_HAM_0002072,HAM10000,CC-BY-NC-4.0,
fitzpatrick17k_hf/images/img_4251.jpg,naevus,HAM_HAM_0000654,HAM10000,CC-BY-NC-4.0,
fitzpatrick17k_hf/images/img_4252.jpg,naevus,HAM_HAM_0001872,HAM10000,CC-BY-NC-4.0,
fitzpatrick17k_hf/images/img_4253.jpg,naevus,HAM_HAM_0002288,HAM10000,CC-BY-NC-4.0,
fitzpatrick17k_hf/images/img_4254.jpg,naevus,HAM_HAM_0005841,HAM10000,CC-BY-NC-4.0,
fitzpatrick17k_hf/images/img_4255.jpg,naevus,HAM_HAM_0003962,HAM10000,CC-BY-NC-4.0,
fitzpatrick17k_hf/images/img_4256.jpg,naevus,HAM_HAM_0005406,HAM10000,CC-BY-NC-4.0,
fitzpatrick17k_hf/images/img_4257.jpg,naevus,HAM_HAM_0006668,HAM10000,CC-BY-NC-4.0,
fitzpatrick17k_hf/images/img_4258.jpg,naevus,HAM_HAM_0003085,HAM10000,CC-BY-NC-4.0,
fitzpatrick17k_hf/images/img_4259.jpg,naevus,HAM_HAM_0000047,HAM10000,CC-BY-NC-4.0,
fitzpatrick17k_hf/images/img_4260.jpg,naevus,HAM_HAM_0004546,HAM10000,CC-BY-NC-4.0,
fitzpatrick17k_hf/images/img_4261.jpg,naevus,HAM_HAM_0007153,HAM10000,CC-BY-NC-4.0,
fitzpatrick17k_hf/images/img_4262.jpg,naevus,HAM_HAM_0005094,HAM10000,CC-BY-NC-4.0,
fitzpatrick17k_hf/images/img_4263.jpg,naevus,HAM_HAM_0004401,HAM10000,CC-BY-NC-4.0,
fitzpatrick17k_hf/images/img_4264.jpg,naevus,HAM_HAM_0006930,HAM10000,CC-BY-NC-4.0,
fitzpatrick17k_hf/images/img_4265.jpg,naevus,HAM_HAM_0006126,HAM10000,CC-BY-NC-4.0,
fitzpatrick17k_hf/images/img_4266.jpg,naevus,HAM_HAM_0005574,HAM10000,CC-BY-NC-4.0,
fitzpatrick17k_hf/images/img_4267.jpg,naevus,HAM_HAM_0000343,HAM10000,CC-BY-NC-4.0,
fitzpatrick17k_hf/images/img_4268.jpg,naevus,HAM_HAM_0006608,HAM10000,CC-BY-NC-4.0,
fitzpatrick17k_hf/images/img_4269.jpg,naevus,HAM_HAM_0001516,HAM10000,CC-BY-NC-4.0,
fitzpatrick17k_hf/images/img_4270.jpg,naevus,HAM_HAM_0003461,HAM10000,CC-BY-NC-4.0,
fitzpatrick17k_hf/images/img_4271.jpg,naevus,HAM_HAM_0002138,HAM10000,CC-BY-NC-4.0,
fitzpatrick17k_hf/images/img_4272.jpg,naevus,HAM_HAM_0007126,HAM10000,CC-BY-NC-4.0,
fitzpatrick17k_hf/images/img_4273.jpg,naevus,HAM_HAM_0002994,HAM10000,CC-BY-NC-4.0,
fitzpatrick17k_hf/images/img_4274.jpg,naevus,HAM_HAM_0002476,HAM10000,CC-BY-NC-4.0,
fitzpatrick17k_hf/images/img_4275.jpg,naevus,HAM_HAM_0003230,HAM10000,CC-BY-NC-4.0,
fitzpatrick17k_hf/images/img_4276.jpg,naevus,HAM_HAM_0002271,HAM10000,CC-BY-NC-4.0,
fitzpatrick17k_hf/images/img_4277.jpg,naevus,HAM_HAM_0002932,HAM10000,CC-BY-NC-4.0,
fitzpatrick17k_hf/images/img_4278.jpg,naevus,HAM_HAM_0000355,HAM10000,CC-BY-NC-4.0,
fitzpatrick17k_hf/images/img_4279.jpg,naevus,HAM_HAM_0006671,HAM10000,CC-BY-NC-4.0,
fitzpatrick17k_hf/images/img_4280.jpg,naevus,HAM_HAM_0004595,HAM10000,CC-BY-NC-4.0,
fitzpatrick17k_hf/images/img_4281.jpg,naevus,HAM_HAM_0006167,HAM10000,CC-BY-NC-4.0,
fitzpatrick17k_hf/images/img_4282.jpg,naevus,HAM_HAM_0000249,HAM10000,CC-BY-NC-4.0,
fitzpatrick17k_hf/images/img_4283.jpg,naevus,HAM_HAM_0000930,HAM10000,CC-BY-NC-4.0,
fitzpatrick17k_hf/images/img_4284.jpg,naevus,HAM_HAM_0005060,HAM10000,CC-BY-NC-4.0,
fitzpatrick17k_hf/images/img_4285.jpg,naevus,HAM_HAM_0004068,HAM10000,CC-BY-NC-4.0,
fitzpatrick17k_hf/images/img_4286.jpg,naevus,HAM_HAM_0002105,HAM10000,CC-BY-NC-4.0,
fitzpatrick17k_hf/images/img_4287.jpg,naevus,HAM_HAM_0000965,HAM10000,CC-BY-NC-4.0,
fitzpatrick17k_hf/images/img_4288.jpg,naevus,HAM_HAM_0000714,HAM10000,CC-BY-NC-4.0,
fitzpatrick17k_hf/images/img_4289.jpg,naevus,HAM_HAM_0003343,HAM10000,CC-BY-NC-4.0,
fitzpatrick17k_hf/images/img_4290.jpg,naevus,HAM_HAM_0007271,HAM10000,CC-BY-NC-4.0,
fitzpatrick17k_hf/images/img_4291.jpg,naevus,HAM_HAM_0000944,HAM10000,CC-BY-NC-4.0,
fitzpatrick17k_hf/images/img_4292.jpg,naevus,HAM_HAM_0003430,HAM10000,CC-BY-NC-4.0,
fitzpatrick17k_hf/images/img_4293.jpg,naevus,HAM_HAM_0003900,HAM10000,CC-BY-NC-4.0,
fitzpatrick17k_hf/images/img_4294.jpg,naevus,HAM_HAM_0001411,HAM10000,CC-BY-NC-4.0,
fitzpatrick17k_hf/images/img_4295.jpg,naevus,HAM_HAM_0005129,HAM10000,CC-BY-NC-4.0,
fitzpatrick17k_hf/images/img_4296.jpg,naevus,HAM_HAM_0004310,HAM10000,CC-BY-NC-4.0,
fitzpatrick17k_hf/images/img_4297.jpg,naevus,HAM_HAM_0006114,HAM10000,CC-BY-NC-4.0,
fitzpatrick17k_hf/images/img_4298.jpg,naevus,HAM_HAM_0002684,HAM10000,CC-BY-NC-4.0,
fitzpatrick17k_hf/images/img_4299.jpg,naevus,HAM_HAM_0007580,HAM10000,CC-BY-NC-4.0,
fitzpatrick17k_hf/images/img_4300.jpg,naevus,HAM_HAM_0007189,HAM10000,CC-BY-NC-4.0,
fitzpatrick17k_hf/images/img_4301.jpg,naevus,HAM_HAM_0003863,HAM10000,CC-BY-NC-4.0,
fitzpatrick17k_hf/images/img_4302.jpg,naevus,HAM_HAM_0005687,HAM10000,CC-BY-NC-4.0,
fitzpatrick17k_hf/images/img_4303.jpg,naevus,HAM_HAM_0004473,HAM10000,CC-BY-NC-4.0,
fitzpatrick17k_hf/images/img_4304.jpg,naevus,HAM_HAM_0001823,HAM10000,CC-BY-NC-4.0,
fitzpatrick17k_hf/images/img_4305.jpg,naevus,HAM_HAM_0001737,HAM10000,CC-BY-NC-4.0,
fitzpatrick17k_hf/images/img_4306.jpg,naevus,HAM_HAM_0002133,HAM10000,CC-BY-NC-4.0,
fitzpatrick17k_hf/images/img_4307.jpg,naevus,HAM_HAM_0000003,HAM10000,CC-BY-NC-4.0,
fitzpatrick17k_hf/images/img_4308.jpg,naevus,HAM_HAM_0004239,HAM10000,CC-BY-NC-4.0,
fitzpatrick17k_hf/images/img_4309.jpg,naevus,HAM_HAM_0002490,HAM10000,CC-BY-NC-4.0,
fitzpatrick17k_hf/images/img_4310.jpg,naevus,HAM_HAM_0006717,HAM10000,CC-BY-NC-4.0,
fitzpatrick17k_hf/images/img_4311.jpg,naevus,HAM_HAM_0003417,HAM10000,CC-BY-NC-4.0,
fitzpatrick17k_hf/images/img_4312.jpg,naevus,HAM_HAM_0004015,HAM10000,CC-BY-NC-4.0,
fitzpatrick17k_hf/images/img_4313.jpg,naevus,HAM_HAM_0002236,HAM10000,CC-BY-NC-4.0,
fitzpatrick17k_hf/images/img_4314.jpg,naevus,HAM_HAM_0001653,HAM10000,CC-BY-NC-4.0,
fitzpatrick17k_hf/images/img_4315.jpg,naevus,HAM_HAM_0003164,HAM10000,CC-BY-NC-4.0,
fitzpatrick17k_hf/images/img_4316.jpg,naevus,HAM_HAM_0007202,HAM10000,CC-BY-NC-4.0,
fitzpatrick17k_hf/images/img_4317.jpg,naevus,HAM_HAM_0005644,HAM10000,CC-BY-NC-4.0,
fitzpatrick17k_hf/images/img_4318.jpg,naevus,HAM_HAM_0000342,HAM10000,CC-BY-NC-4.0,
fitzpatrick17k_hf/images/img_4319.jpg,naevus,HAM_HAM_0007606,HAM10000,CC-BY-NC-4.0,
fitzpatrick17k_hf/images/img_4320.jpg,naevus,HAM_HAM_0001104,HAM10000,CC-BY-NC-4.0,
fitzpatrick17k_hf/images/img_4321.jpg,naevus,HAM_HAM_0000139,HAM10000,CC-BY-NC-4.0,
fitzpatrick17k_hf/images/img_4322.jpg,naevus,HAM_HAM_0001670,HAM10000,CC-BY-NC-4.0,
fitzpatrick17k_hf/images/img_4323.jpg,naevus,HAM_HAM_0002942,HAM10000,CC-BY-NC-4.0,
fitzpatrick17k_hf/images/img_4324.jpg,naevus,HAM_HAM_0002322,HAM10000,CC-BY-NC-4.0,
fitzpatrick17k_hf/images/img_4325.jpg,naevus,HAM_HAM_0001564,HAM10000,CC-BY-NC-4.0,
fitzpatrick17k_hf/images/img_4326.jpg,naevus,HAM_HAM_0001187,HAM10000,CC-BY-NC-4.0,
fitzpatrick17k_hf/images/img_4327.jpg,naevus,HAM_HAM_0003117,HAM10000,CC-BY-NC-4.0,
fitzpatrick17k_hf/images/img_4328.jpg,naevus,HAM_HAM_0005844,HAM10000,CC-BY-NC-4.0,
fitzpatrick17k_hf/images/img_4329.jpg,naevus,HAM_HAM_0006523,HAM10000,CC-BY-NC-4.0,
fitzpatrick17k_hf/images/img_4330.jpg,naevus,HAM_HAM_0003547,HAM10000,CC-BY-NC-4.0,
fitzpatrick17k_hf/images/img_4331.jpg,naevus,HAM_HAM_0007178,HAM10000,CC-BY-NC-4.0,
fitzpatrick17k_hf/images/img_4332.jpg,naevus,HAM_HAM_0003643,HAM10000,CC-BY-NC-4.0,
fitzpatrick17k_hf/images/img_4333.jpg,naevus,HAM_HAM_0006283,HAM10000,CC-BY-NC-4.0,
fitzpatrick17k_hf/images/img_4334.jpg,naevus,HAM_HAM_0002031,HAM10000,CC-BY-NC-4.0,
fitzpatrick17k_hf/images/img_4335.jpg,naevus,HAM_HAM_0006360,HAM10000,CC-BY-NC-4.0,
fitzpatrick17k_hf/images/img_4336.jpg,naevus,HAM_HAM_0006614,HAM10000,CC-BY-NC-4.0,
fitzpatrick17k_hf/images/img_4337.jpg,naevus,HAM_HAM_0003442,HAM10000,CC-BY-NC-4.0,
fitzpatrick17k_hf/images/img_4338.jpg,naevus,HAM_HAM_0001220,HAM10000,CC-BY-NC-4.0,
fitzpatrick17k_hf/images/img_4339.jpg,naevus,HAM_HAM_0005569,HAM10000,CC-BY-NC-4.0,
fitzpatrick17k_hf/images/img_4340.jpg,naevus,HAM_HAM_0000070,HAM10000,CC-BY-NC-4.0,
fitzpatrick17k_hf/images/img_4341.jpg,naevus,HAM_HAM_0001398,HAM10000,CC-BY-NC-4.0,
fitzpatrick17k_hf/images/img_4342.jpg,naevus,HAM_HAM_0005219,HAM10000,CC-BY-NC-4.0,
fitzpatrick17k_hf/images/img_4343.jpg,naevus,HAM_HAM_0000428,HAM10000,CC-BY-NC-4.0,
fitzpatrick17k_hf/images/img_4344.jpg,naevus,HAM_HAM_0006885,HAM10000,CC-BY-NC-4.0,
fitzpatrick17k_hf/images/img_4345.jpg,naevus,HAM_HAM_0002741,HAM10000,CC-BY-NC-4.0,
fitzpatrick17k_hf/images/img_4346.jpg,naevus,HAM_HAM_0003436,HAM10000,CC-BY-NC-4.0,
fitzpatrick17k_hf/images/img_4347.jpg,naevus,HAM_HAM_0002290,HAM10000,CC-BY-NC-4.0,
fitzpatrick17k_hf/images/img_4348.jpg,naevus,HAM_HAM_0001041,HAM10000,CC-BY-NC-4.0,
fitzpatrick17k_hf/images/img_4349.jpg,naevus,HAM_HAM_0004891,HAM10000,CC-BY-NC-4.0,
fitzpatrick17k_hf/images/img_4350.jpg,naevus,HAM_HAM_0003414,HAM10000,CC-BY-NC-4.0,
fitzpatrick17k_hf/images/img_4351.jpg,naevus,HAM_HAM_0003054,HAM10000,CC-BY-NC-4.0,
fitzpatrick17k_hf/images/img_4352.jpg,naevus,HAM_HAM_0007226,HAM10000,CC-BY-NC-4.0,
fitzpatrick17k_hf/images/img_4353.jpg,naevus,HAM_HAM_0004416,HAM10000,CC-BY-NC-4.0,
fitzpatrick17k_hf/images/img_4354.jpg,naevus,HAM_HAM_0002087,HAM10000,CC-BY-NC-4.0,
fitzpatrick17k_hf/images/img_4355.jpg,naevus,HAM_HAM_0005080,HAM10000,CC-BY-NC-4.0,
fitzpatrick17k_hf/images/img_4356.jpg,naevus,HAM_HAM_0003773,HAM10000,CC-BY-NC-4.0,
fitzpatrick17k_hf/images/img_4357.jpg,naevus,HAM_HAM_0001099,HAM10000,CC-BY-NC-4.0,
fitzpatrick17k_hf/images/img_4358.jpg,naevus,HAM_HAM_0007083,HAM10000,CC-BY-NC-4.0,
fitzpatrick17k_hf/images/img_4359.jpg,naevus,HAM_HAM_0005365,HAM10000,CC-BY-NC-4.0,
fitzpatrick17k_hf/images/img_4360.jpg,naevus,HAM_HAM_0003432,HAM10000,CC-BY-NC-4.0,
fitzpatrick17k_hf/images/img_4361.jpg,naevus,HAM_HAM_0000891,HAM10000,CC-BY-NC-4.0,
fitzpatrick17k_hf/images/img_4362.jpg,naevus,HAM_HAM_0003784,HAM10000,CC-BY-NC-4.0,
fitzpatrick17k_hf/images/img_4363.jpg,naevus,HAM_HAM_0000223,HAM10000,CC-BY-NC-4.0,
fitzpatrick17k_hf/images/img_4364.jpg,naevus,HAM_HAM_0006551,HAM10000,CC-BY-NC-4.0,
fitzpatrick17k_hf/images/img_4365.jpg,naevus,HAM_HAM_0007082,HAM10000,CC-BY-NC-4.0,
fitzpatrick17k_hf/images/img_4366.jpg,naevus,HAM_HAM_0000440,HAM10000,CC-BY-NC-4.0,
fitzpatrick17k_hf/images/img_4367.jpg,naevus,HAM_HAM_0000750,HAM10000,CC-BY-NC-4.0,
fitzpatrick17k_hf/images/img_4368.jpg,naevus,HAM_HAM_0002799,HAM10000,CC-BY-NC-4.0,
fitzpatrick17k_hf/images/img_4369.jpg,naevus,HAM_HAM_0004512,HAM10000,CC-BY-NC-4.0,
fitzpatrick17k_hf/images/img_4370.jpg,naevus,HAM_HAM_0006470,HAM10000,CC-BY-NC-4.0,
fitzpatrick17k_hf/images/img_4371.jpg,naevus,HAM_HAM_0003272,HAM10000,CC-BY-NC-4.0,
fitzpatrick17k_hf/images/img_4372.jpg,naevus,HAM_HAM_0004144,HAM10000,CC-BY-NC-4.0,
fitzpatrick17k_hf/images/img_4373.jpg,naevus,HAM_HAM_0006648,HAM10000,CC-BY-NC-4.0,
fitzpatrick17k_hf/images/img_4374.jpg,naevus,HAM_HAM_0004357,HAM10000,CC-BY-NC-4.0,
fitzpatrick17k_hf/images/img_4375.jpg,naevus,HAM_HAM_0003725,HAM10000,CC-BY-NC-4.0,
fitzpatrick17k_hf/images/img_4376.jpg,naevus,HAM_HAM_0007240,HAM10000,CC-BY-NC-4.0,
fitzpatrick17k_hf/images/img_4377.jpg,naevus,HAM_HAM_0004451,HAM10000,CC-BY-NC-4.0,
fitzpatrick17k_hf/images/img_4378.jpg,naevus,HAM_HAM_0004659,HAM10000,CC-BY-NC-4.0,
fitzpatrick17k_hf/images/img_4379.jpg,naevus,HAM_HAM_0007525,HAM10000,CC-BY-NC-4.0,
fitzpatrick17k_hf/images/img_4380.jpg,naevus,HAM_HAM_0001317,HAM10000,CC-BY-NC-4.0,
fitzpatrick17k_hf/images/img_4381.jpg,naevus,HAM_HAM_0004008,HAM10000,CC-BY-NC-4.0,
fitzpatrick17k_hf/images/img_4382.jpg,naevus,HAM_HAM_0001496,HAM10000,CC-BY-NC-4.0,
fitzpatrick17k_hf/images/img_4383.jpg,naevus,HAM_HAM_0005778,HAM10000,CC-BY-NC-4.0,
fitzpatrick17k_hf/images/img_4384.jpg,naevus,HAM_HAM_0002168,HAM10000,CC-BY-NC-4.0,
fitzpatrick17k_hf/images/img_4385.jpg,naevus,HAM_HAM_0004745,HAM10000,CC-BY-NC-4.0,
fitzpatrick17k_hf/images/img_4386.jpg,naevus,HAM_HAM_0000117,HAM10000,CC-BY-NC-4.0,
fitzpatrick17k_hf/images/img_4387.jpg,naevus,HAM_HAM_0004403,HAM10000,CC-BY-NC-4.0,
fitzpatrick17k_hf/images/img_4388.jpg,naevus,HAM_HAM_0006969,HAM10000,CC-BY-NC-4.0,
fitzpatrick17k_hf/images/img_4389.jpg,naevus,HAM_HAM_0005018,HAM10000,CC-BY-NC-4.0,
fitzpatrick17k_hf/images/img_4390.jpg,naevus,HAM_HAM_0005479,HAM10000,CC-BY-NC-4.0,
fitzpatrick17k_hf/images/img_4391.jpg,naevus,HAM_HAM_0002120,HAM10000,CC-BY-NC-4.0,
fitzpatrick17k_hf/images/img_4392.jpg,naevus,HAM_HAM_0007489,HAM10000,CC-BY-NC-4.0,
fitzpatrick17k_hf/images/img_4393.jpg,naevus,HAM_HAM_0002927,HAM10000,CC-BY-NC-4.0,
fitzpatrick17k_hf/images/img_4394.jpg,naevus,HAM_HAM_0007363,HAM10000,CC-BY-NC-4.0,
fitzpatrick17k_hf/images/img_4395.jpg,naevus,HAM_HAM_0005696,HAM10000,CC-BY-NC-4.0,
fitzpatrick17k_hf/images/img_4396.jpg,naevus,HAM_HAM_0002575,HAM10000,CC-BY-NC-4.0,
fitzpatrick17k_hf/images/img_4397.jpg,naevus,HAM_HAM_0005664,HAM10000,CC-BY-NC-4.0,
fitzpatrick17k_hf/images/img_4398.jpg,naevus,HAM_HAM_0002468,HAM10000,CC-BY-NC-4.0,
fitzpatrick17k_hf/images/img_4399.jpg,naevus,HAM_HAM_0005041,HAM10000,CC-BY-NC-4.0,
fitzpatrick17k_hf/images/img_4400.jpg,naevus,HAM_HAM_0002239,HAM10000,CC-BY-NC-4.0,
fitzpatrick17k_hf/images/img_4401.jpg,naevus,HAM_HAM_0002025,HAM10000,CC-BY-NC-4.0,
fitzpatrick17k_hf/images/img_4402.jpg,naevus,HAM_HAM_0002360,HAM10000,CC-BY-NC-4.0,
fitzpatrick17k_hf/images/img_4403.jpg,naevus,HAM_HAM_0005462,HAM10000,CC-BY-NC-4.0,
fitzpatrick17k_hf/images/img_4404.jpg,naevus,HAM_HAM_0002254,HAM10000,CC-BY-NC-4.0,
fitzpatrick17k_hf/images/img_4405.jpg,naevus,HAM_HAM_0004509,HAM10000,CC-BY-NC-4.0,
fitzpatrick17k_hf/images/img_4406.jpg,naevus,HAM_HAM_0007358,HAM10000,CC-BY-NC-4.0,
fitzpatrick17k_hf/images/img_4407.jpg,naevus,HAM_HAM_0005765,HAM10000,CC-BY-NC-4.0,
fitzpatrick17k_hf/images/img_4408.jpg,naevus,HAM_HAM_0003058,HAM10000,CC-BY-NC-4.0,
fitzpatrick17k_hf/images/img_4409.jpg,naevus,HAM_HAM_0005753,HAM10000,CC-BY-NC-4.0,
fitzpatrick17k_hf/images/img_4410.jpg,naevus,HAM_HAM_0000084,HAM10000,CC-BY-NC-4.0,
fitzpatrick17k_hf/images/img_4411.jpg,naevus,HAM_HAM_0001868,HAM10000,CC-BY-NC-4.0,
fitzpatrick17k_hf/images/img_4412.jpg,naevus,HAM_HAM_0005114,HAM10000,CC-BY-NC-4.0,
fitzpatrick17k_hf/images/img_4413.jpg,naevus,HAM_HAM_0000035,HAM10000,CC-BY-NC-4.0,
fitzpatrick17k_hf/images/img_4414.jpg,naevus,HAM_HAM_0001463,HAM10000,CC-BY-NC-4.0,
fitzpatrick17k_hf/images/img_4415.jpg,naevus,HAM_HAM_0003579,HAM10000,CC-BY-NC-4.0,
fitzpatrick17k_hf/images/img_4416.jpg,naevus,HAM_HAM_0000867,HAM10000,CC-BY-NC-4.0,
fitzpatrick17k_hf/images/img_4417.jpg,naevus,HAM_HAM_0003892,HAM10000,CC-BY-NC-4.0,
fitzpatrick17k_hf/images/img_4418.jpg,naevus,HAM_HAM_0003719,HAM10000,CC-BY-NC-4.0,
fitzpatrick17k_hf/images/img_4419.jpg,naevus,HAM_HAM_0002631,HAM10000,CC-BY-NC-4.0,
fitzpatrick17k_hf/images/img_4420.jpg,naevus,HAM_HAM_0004051,HAM10000,CC-BY-NC-4.0,
fitzpatrick17k_hf/images/img_4421.jpg,naevus,HAM_HAM_0002237,HAM10000,CC-BY-NC-4.0,
fitzpatrick17k_hf/images/img_4422.jpg,naevus,HAM_HAM_0004890,HAM10000,CC-BY-NC-4.0,
fitzpatrick17k_hf/images/img_4423.jpg,naevus,HAM_HAM_0002697,HAM10000,CC-BY-NC-4.0,
fitzpatrick17k_hf/images/img_4424.jpg,naevus,HAM_HAM_0001830,HAM10000,CC-BY-NC-4.0,
fitzpatrick17k_hf/images/img_4425.jpg,naevus,HAM_HAM_0001005,HAM10000,CC-BY-NC-4.0,
fitzpatrick17k_hf/images/img_4426.jpg,naevus,HAM_HAM_0005421,HAM10000,CC-BY-NC-4.0,
fitzpatrick17k_hf/images/img_4427.jpg,naevus,HAM_HAM_0002059,HAM10000,CC-BY-NC-4.0,
fitzpatrick17k_hf/images/img_4428.jpg,naevus,HAM_HAM_0004964,HAM10000,CC-BY-NC-4.0,
fitzpatrick17k_hf/images/img_4429.jpg,naevus,HAM_HAM_0006392,HAM10000,CC-BY-NC-4.0,
fitzpatrick17k_hf/images/img_4430.jpg,naevus,HAM_HAM_0005689,HAM10000,CC-BY-NC-4.0,
fitzpatrick17k_hf/images/img_4431.jpg,naevus,HAM_HAM_0002768,HAM10000,CC-BY-NC-4.0,
fitzpatrick17k_hf/images/img_4432.jpg,naevus,HAM_HAM_0002331,HAM10000,CC-BY-NC-4.0,
fitzpatrick17k_hf/images/img_4433.jpg,naevus,HAM_HAM_0000989,HAM10000,CC-BY-NC-4.0,
fitzpatrick17k_hf/images/img_4434.jpg,naevus,HAM_HAM_0000969,HAM10000,CC-BY-NC-4.0,
fitzpatrick17k_hf/images/img_4435.jpg,naevus,HAM_HAM_0000081,HAM10000,CC-BY-NC-4.0,
fitzpatrick17k_hf/images/img_4436.jpg,naevus,HAM_HAM_0006753,HAM10000,CC-BY-NC-4.0,
fitzpatrick17k_hf/images/img_4437.jpg,naevus,HAM_HAM_0006440,HAM10000,CC-BY-NC-4.0,
fitzpatrick17k_hf/images/img_4438.jpg,naevus,HAM_HAM_0002166,HAM10000,CC-BY-NC-4.0,
fitzpatrick17k_hf/images/img_4439.jpg,naevus,HAM_HAM_0005637,HAM10000,CC-BY-NC-4.0,
fitzpatrick17k_hf/images/img_4440.jpg,naevus,HAM_HAM_0000086,HAM10000,CC-BY-NC-4.0,
fitzpatrick17k_hf/images/img_4441.jpg,naevus,HAM_HAM_0007496,HAM10000,CC-BY-NC-4.0,
fitzpatrick17k_hf/images/img_4442.jpg,naevus,HAM_HAM_0001196,HAM10000,CC-BY-NC-4.0,
fitzpatrick17k_hf/images/img_4443.jpg,naevus,HAM_HAM_0006059,HAM10000,CC-BY-NC-4.0,
fitzpatrick17k_hf/images/img_4444.jpg,naevus,HAM_HAM_0005407,HAM10000,CC-BY-NC-4.0,
fitzpatrick17k_hf/images/img_4445.jpg,naevus,HAM_HAM_0002025,HAM10000,CC-BY-NC-4.0,
fitzpatrick17k_hf/images/img_4446.jpg,naevus,HAM_HAM_0006039,HAM10000,CC-BY-NC-4.0,
fitzpatrick17k_hf/images/img_4447.jpg,naevus,HAM_HAM_0004073,HAM10000,CC-BY-NC-4.0,
fitzpatrick17k_hf/images/img_4448.jpg,naevus,HAM_HAM_0002638,HAM10000,CC-BY-NC-4.0,
fitzpatrick17k_hf/images/img_4449.jpg,naevus,HAM_HAM_0006928,HAM10000,CC-BY-NC-4.0,
fitzpatrick17k_hf/images/img_4450.jpg,naevus,HAM_HAM_0002541,HAM10000,CC-BY-NC-4.0,
fitzpatrick17k_hf/images/img_4451.jpg,naevus,HAM_HAM_0003706,HAM10000,CC-BY-NC-4.0,
fitzpatrick17k_hf/images/img_4452.jpg,naevus,HAM_HAM_0001512,HAM10000,CC-BY-NC-4.0,
fitzpatrick17k_hf/images/img_4453.jpg,naevus,HAM_HAM_0004793,HAM10000,CC-BY-NC-4.0,
fitzpatrick17k_hf/images/img_4454.jpg,naevus,HAM_HAM_0005397,HAM10000,CC-BY-NC-4.0,
fitzpatrick17k_hf/images/img_4455.jpg,naevus,HAM_HAM_0005037,HAM10000,CC-BY-NC-4.0,
fitzpatrick17k_hf/images/img_4456.jpg,naevus,HAM_HAM_0002803,HAM10000,CC-BY-NC-4.0,
fitzpatrick17k_hf/images/img_4457.jpg,naevus,HAM_HAM_0004952,HAM10000,CC-BY-NC-4.0,
fitzpatrick17k_hf/images/img_4458.jpg,naevus,HAM_HAM_0004018,HAM10000,CC-BY-NC-4.0,
fitzpatrick17k_hf/images/img_4459.jpg,naevus,HAM_HAM_0007168,HAM10000,CC-BY-NC-4.0,
fitzpatrick17k_hf/images/img_4460.jpg,naevus,HAM_HAM_0006174,HAM10000,CC-BY-NC-4.0,
fitzpatrick17k_hf/images/img_4461.jpg,naevus,HAM_HAM_0006116,HAM10000,CC-BY-NC-4.0,
fitzpatrick17k_hf/images/img_4462.jpg,naevus,HAM_HAM_0007514,HAM10000,CC-BY-NC-4.0,
fitzpatrick17k_hf/images/img_4463.jpg,naevus,HAM_HAM_0007564,HAM10000,CC-BY-NC-4.0,
fitzpatrick17k_hf/images/img_4464.jpg,naevus,HAM_HAM_0005102,HAM10000,CC-BY-NC-4.0,
fitzpatrick17k_hf/images/img_4465.jpg,naevus,HAM_HAM_0005963,HAM10000,CC-BY-NC-4.0,
fitzpatrick17k_hf/images/img_4466.jpg,naevus,HAM_HAM_0007263,HAM10000,CC-BY-NC-4.0,
fitzpatrick17k_hf/images/img_4467.jpg,naevus,HAM_HAM_0003790,HAM10000,CC-BY-NC-4.0,
fitzpatrick17k_hf/images/img_4468.jpg,naevus,HAM_HAM_0003087,HAM10000,CC-BY-NC-4.0,
fitzpatrick17k_hf/images/img_4469.jpg,naevus,HAM_HAM_0004022,HAM10000,CC-BY-NC-4.0,
fitzpatrick17k_hf/images/img_4470.jpg,naevus,HAM_HAM_0002944,HAM10000,CC-BY-NC-4.0,
fitzpatrick17k_hf/images/img_4471.jpg,naevus,HAM_HAM_0003560,HAM10000,CC-BY-NC-4.0,
fitzpatrick17k_hf/images/img_4472.jpg,naevus,HAM_HAM_0006416,HAM10000,CC-BY-NC-4.0,
fitzpatrick17k_hf/images/img_4473.jpg,naevus,HAM_HAM_0004111,HAM10000,CC-BY-NC-4.0,
fitzpatrick17k_hf/images/img_4474.jpg,naevus,HAM_HAM_0002429,HAM10000,CC-BY-NC-4.0,
fitzpatrick17k_hf/images/img_4475.jpg,naevus,HAM_HAM_0007014,HAM10000,CC-BY-NC-4.0,
fitzpatrick17k_hf/images/img_4476.jpg,naevus,HAM_HAM_0001431,HAM10000,CC-BY-NC-4.0,
fitzpatrick17k_hf/images/img_4477.jpg,naevus,HAM_HAM_0006373,HAM10000,CC-BY-NC-4.0,
fitzpatrick17k_hf/images/img_4478.jpg,naevus,HAM_HAM_0006125,HAM10000,CC-BY-NC-4.0,
fitzpatrick17k_hf/images/img_4479.jpg,naevus,HAM_HAM_0003175,HAM10000,CC-BY-NC-4.0,
fitzpatrick17k_hf/images/img_4480.jpg,naevus,HAM_HAM_0004650,HAM10000,CC-BY-NC-4.0,
fitzpatrick17k_hf/images/img_4481.jpg,naevus,HAM_HAM_0002451,HAM10000,CC-BY-NC-4.0,
fitzpatrick17k_hf/images/img_4482.jpg,naevus,HAM_HAM_0000764,HAM10000,CC-BY-NC-4.0,
fitzpatrick17k_hf/images/img_4483.jpg,naevus,HAM_HAM_0004825,HAM10000,CC-BY-NC-4.0,
fitzpatrick17k_hf/images/img_4484.jpg,naevus,HAM_HAM_0004294,HAM10000,CC-BY-NC-4.0,
fitzpatrick17k_hf/images/img_4485.jpg,naevus,HAM_HAM_0002856,HAM10000,CC-BY-NC-4.0,
fitzpatrick17k_hf/images/img_4486.jpg,naevus,HAM_HAM_0004865,HAM10000,CC-BY-NC-4.0,
fitzpatrick17k_hf/images/img_4487.jpg,naevus,HAM_HAM_0006146,HAM10000,CC-BY-NC-4.0,
fitzpatrick17k_hf/images/img_4488.jpg,naevus,HAM_HAM_0006659,HAM10000,CC-BY-NC-4.0,
fitzpatrick17k_hf/images/img_4489.jpg,naevus,HAM_HAM_0005150,HAM10000,CC-BY-NC-4.0,
fitzpatrick17k_hf/images/img_4490.jpg,naevus,HAM_HAM_0000416,HAM10000,CC-BY-NC-4.0,
fitzpatrick17k_hf/images/img_4491.jpg,naevus,HAM_HAM_0006443,HAM10000,CC-BY-NC-4.0,
fitzpatrick17k_hf/images/img_4492.jpg,naevus,HAM_HAM_0005510,HAM10000,CC-BY-NC-4.0,
fitzpatrick17k_hf/images/img_4493.jpg,naevus,HAM_HAM_0007456,HAM10000,CC-BY-NC-4.0,
fitzpatrick17k_hf/images/img_4494.jpg,naevus,HAM_HAM_0002500,HAM10000,CC-BY-NC-4.0,
fitzpatrick17k_hf/images/img_4495.jpg,naevus,HAM_HAM_0003040,HAM10000,CC-BY-NC-4.0,
fitzpatrick17k_hf/images/img_4496.jpg,naevus,HAM_HAM_0005346,HAM10000,CC-BY-NC-4.0,
fitzpatrick17k_hf/images/img_4497.jpg,naevus,HAM_HAM_0001731,HAM10000,CC-BY-NC-4.0,
fitzpatrick17k_hf/images/img_4498.jpg,naevus,HAM_HAM_0005755,HAM10000,CC-BY-NC-4.0,
fitzpatrick17k_hf/images/img_4499.jpg,naevus,HAM_HAM_0000958,HAM10000,CC-BY-NC-4.0,
fitzpatrick17k_hf/images/img_4500.jpg,naevus,HAM_HAM_0002950,HAM10000,CC-BY-NC-4.0,
fitzpatrick17k_hf/images/img_4501.jpg,naevus,HAM_HAM_0000031,HAM10000,CC-BY-NC-4.0,
fitzpatrick17k_hf/images/img_4502.jpg,naevus,HAM_HAM_0006083,HAM10000,CC-BY-NC-4.0,
fitzpatrick17k_hf/images/img_4503.jpg,naevus,HAM_HAM_0007049,HAM10000,CC-BY-NC-4.0,
fitzpatrick17k_hf/images/img_4504.jpg,naevus,HAM_HAM_0006777,HAM10000,CC-BY-NC-4.0,
fitzpatrick17k_hf/images/img_4505.jpg,naevus,HAM_HAM_0000426,HAM10000,CC-BY-NC-4.0,
fitzpatrick17k_hf/images/img_4506.jpg,naevus,HAM_HAM_0003159,HAM10000,CC-BY-NC-4.0,
fitzpatrick17k_hf/images/img_4507.jpg,naevus,HAM_HAM_0007152,HAM10000,CC-BY-NC-4.0,
fitzpatrick17k_hf/images/img_4508.jpg,naevus,HAM_HAM_0005252,HAM10000,CC-BY-NC-4.0,
fitzpatrick17k_hf/images/img_4509.jpg,naevus,HAM_HAM_0000634,HAM10000,CC-BY-NC-4.0,
fitzpatrick17k_hf/images/img_4510.jpg,naevus,HAM_HAM_0006471,HAM10000,CC-BY-NC-4.0,
fitzpatrick17k_hf/images/img_4511.jpg,naevus,HAM_HAM_0006849,HAM10000,CC-BY-NC-4.0,
fitzpatrick17k_hf/images/img_4512.jpg,naevus,HAM_HAM_0001677,HAM10000,CC-BY-NC-4.0,
fitzpatrick17k_hf/images/img_4513.jpg,naevus,HAM_HAM_0006656,HAM10000,CC-BY-NC-4.0,
fitzpatrick17k_hf/images/img_4514.jpg,naevus,HAM_HAM_0007554,HAM10000,CC-BY-NC-4.0,
fitzpatrick17k_hf/images/img_4515.jpg,naevus,HAM_HAM_0001100,HAM10000,CC-BY-NC-4.0,
fitzpatrick17k_hf/images/img_4516.jpg,naevus,HAM_HAM_0006221,HAM10000,CC-BY-NC-4.0,
fitzpatrick17k_hf/images/img_4517.jpg,naevus,HAM_HAM_0002702,HAM10000,CC-BY-NC-4.0,
fitzpatrick17k_hf/images/img_4518.jpg,naevus,HAM_HAM_0005460,HAM10000,CC-BY-NC-4.0,
fitzpatrick17k_hf/images/img_4519.jpg,naevus,HAM_HAM_0004942,HAM10000,CC-BY-NC-4.0,
fitzpatrick17k_hf/images/img_4520.jpg,naevus,HAM_HAM_0007438,HAM10000,CC-BY-NC-4.0,
fitzpatrick17k_hf/images/img_4521.jpg,naevus,HAM_HAM_0004052,HAM10000,CC-BY-NC-4.0,
fitzpatrick17k_hf/images/img_4522.jpg,naevus,HAM_HAM_0000491,HAM10000,CC-BY-NC-4.0,
fitzpatrick17k_hf/images/img_4523.jpg,naevus,HAM_HAM_0002398,HAM10000,CC-BY-NC-4.0,
fitzpatrick17k_hf/images/img_4524.jpg,naevus,HAM_HAM_0003857,HAM10000,CC-BY-NC-4.0,
fitzpatrick17k_hf/images/img_4525.jpg,naevus,HAM_HAM_0006266,HAM10000,CC-BY-NC-4.0,
fitzpatrick17k_hf/images/img_4526.jpg,naevus,HAM_HAM_0000200,HAM10000,CC-BY-NC-4.0,
fitzpatrick17k_hf/images/img_4527.jpg,naevus,HAM_HAM_0006187,HAM10000,CC-BY-NC-4.0,
fitzpatrick17k_hf/images/img_4528.jpg,naevus,HAM_HAM_0007049,HAM10000,CC-BY-NC-4.0,
fitzpatrick17k_hf/images/img_4529.jpg,naevus,HAM_HAM_0000763,HAM10000,CC-BY-NC-4.0,
fitzpatrick17k_hf/images/img_4530.jpg,naevus,HAM_HAM_0003930,HAM10000,CC-BY-NC-4.0,
fitzpatrick17k_hf/images/img_4531.jpg,naevus,HAM_HAM_0001968,HAM10000,CC-BY-NC-4.0,
fitzpatrick17k_hf/images/img_4532.jpg,naevus,HAM_HAM_0003263,HAM10000,CC-BY-NC-4.0,
fitzpatrick17k_hf/images/img_4533.jpg,naevus,HAM_HAM_0004519,HAM10000,CC-BY-NC-4.0,
fitzpatrick17k_hf/images/img_4534.jpg,naevus,HAM_HAM_0003618,HAM10000,CC-BY-NC-4.0,
fitzpatrick17k_hf/images/img_4535.jpg,naevus,HAM_HAM_0002231,HAM10000,CC-BY-NC-4.0,
fitzpatrick17k_hf/images/img_4536.jpg,naevus,HAM_HAM_0002530,HAM10000,CC-BY-NC-4.0,
fitzpatrick17k_hf/images/img_4537.jpg,naevus,HAM_HAM_0001635,HAM10000,CC-BY-NC-4.0,
fitzpatrick17k_hf/images/img_4538.jpg,naevus,HAM_HAM_0007565,HAM10000,CC-BY-NC-4.0,
fitzpatrick17k_hf/images/img_4539.jpg,naevus,HAM_HAM_0000768,HAM10000,CC-BY-NC-4.0,
fitzpatrick17k_hf/images/img_4540.jpg,naevus,HAM_HAM_0002556,HAM10000,CC-BY-NC-4.0,
fitzpatrick17k_hf/images/img_4541.jpg,naevus,HAM_HAM_0001533,HAM10000,CC-BY-NC-4.0,
fitzpatrick17k_hf/images/img_4542.jpg,naevus,HAM_HAM_0006067,HAM10000,CC-BY-NC-4.0,
fitzpatrick17k_hf/images/img_4543.jpg,naevus,HAM_HAM_0005538,HAM10000,CC-BY-NC-4.0,
fitzpatrick17k_hf/images/img_4544.jpg,naevus,HAM_HAM_0003155,HAM10000,CC-BY-NC-4.0,
fitzpatrick17k_hf/images/img_4545.jpg,naevus,HAM_HAM_0002245,HAM10000,CC-BY-NC-4.0,
fitzpatrick17k_hf/images/img_4546.jpg,naevus,HAM_HAM_0002118,HAM10000,CC-BY-NC-4.0,
fitzpatrick17k_hf/images/img_4547.jpg,naevus,HAM_HAM_0004727,HAM10000,CC-BY-NC-4.0,
fitzpatrick17k_hf/images/img_4548.jpg,naevus,HAM_HAM_0002884,HAM10000,CC-BY-NC-4.0,
fitzpatrick17k_hf/images/img_4549.jpg,naevus,HAM_HAM_0001259,HAM10000,CC-BY-NC-4.0,
fitzpatrick17k_hf/images/img_4550.jpg,naevus,HAM_HAM_0007406,HAM10000,CC-BY-NC-4.0,
fitzpatrick17k_hf/images/img_4551.jpg,naevus,HAM_HAM_0004699,HAM10000,CC-BY-NC-4.0,
fitzpatrick17k_hf/images/img_4552.jpg,naevus,HAM_HAM_0004218,HAM10000,CC-BY-NC-4.0,
fitzpatrick17k_hf/images/img_4553.jpg,naevus,HAM_HAM_0005969,HAM10000,CC-BY-NC-4.0,
fitzpatrick17k_hf/images/img_4554.jpg,naevus,HAM_HAM_0001348,HAM10000,CC-BY-NC-4.0,
fitzpatrick17k_hf/images/img_4555.jpg,naevus,HAM_HAM_0005139,HAM10000,CC-BY-NC-4.0,
fitzpatrick17k_hf/images/img_4556.jpg,naevus,HAM_HAM_0005429,HAM10000,CC-BY-NC-4.0,
fitzpatrick17k_hf/images/img_4557.jpg,naevus,HAM_HAM_0004959,HAM10000,CC-BY-NC-4.0,
fitzpatrick17k_hf/images/img_4558.jpg,naevus,HAM_HAM_0000291,HAM10000,CC-BY-NC-4.0,
fitzpatrick17k_hf/images/img_4559.jpg,naevus,HAM_HAM_0001027,HAM10000,CC-BY-NC-4.0,
fitzpatrick17k_hf/images/img_4560.jpg,naevus,HAM_HAM_0003882,HAM10000,CC-BY-NC-4.0,
fitzpatrick17k_hf/images/img_4561.jpg,naevus,HAM_HAM_0006195,HAM10000,CC-BY-NC-4.0,
fitzpatrick17k_hf/images/img_4562.jpg,naevus,HAM_HAM_0004875,HAM10000,CC-BY-NC-4.0,
fitzpatrick17k_hf/images/img_4563.jpg,naevus,HAM_HAM_0001282,HAM10000,CC-BY-NC-4.0,
fitzpatrick17k_hf/images/img_4564.jpg,naevus,HAM_HAM_0000025,HAM10000,CC-BY-NC-4.0,
fitzpatrick17k_hf/images/img_4565.jpg,naevus,HAM_HAM_0001306,HAM10000,CC-BY-NC-4.0,
fitzpatrick17k_hf/images/img_4566.jpg,naevus,HAM_HAM_0000242,HAM10000,CC-BY-NC-4.0,
fitzpatrick17k_hf/images/img_4567.jpg,naevus,HAM_HAM_0007597,HAM10000,CC-BY-NC-4.0,
fitzpatrick17k_hf/images/img_4568.jpg,naevus,HAM_HAM_0000991,HAM10000,CC-BY-NC-4.0,
fitzpatrick17k_hf/images/img_4569.jpg,naevus,HAM_HAM_0001126,HAM10000,CC-BY-NC-4.0,
fitzpatrick17k_hf/images/img_4570.jpg,naevus,HAM_HAM_0005168,HAM10000,CC-BY-NC-4.0,
fitzpatrick17k_hf/images/img_4571.jpg,naevus,HAM_HAM_0002191,HAM10000,CC-BY-NC-4.0,
fitzpatrick17k_hf/images/img_4572.jpg,naevus,HAM_HAM_0001843,HAM10000,CC-BY-NC-4.0,
fitzpatrick17k_hf/images/img_4573.jpg,naevus,HAM_HAM_0001002,HAM10000,CC-BY-NC-4.0,
fitzpatrick17k_hf/images/img_4574.jpg,naevus,HAM_HAM_0002624,HAM10000,CC-BY-NC-4.0,
fitzpatrick17k_hf/images/img_4575.jpg,naevus,HAM_HAM_0006768,HAM10000,CC-BY-NC-4.0,
fitzpatrick17k_hf/images/img_4576.jpg,naevus,HAM_HAM_0005470,HAM10000,CC-BY-NC-4.0,
fitzpatrick17k_hf/images/img_4577.jpg,naevus,HAM_HAM_0006934,HAM10000,CC-BY-NC-4.0,
fitzpatrick17k_hf/images/img_4578.jpg,naevus,HAM_HAM_0002748,HAM10000,CC-BY-NC-4.0,
fitzpatrick17k_hf/images/img_4579.jpg,naevus,HAM_HAM_0000348,HAM10000,CC-BY-NC-4.0,
fitzpatrick17k_hf/images/img_4580.jpg,naevus,HAM_HAM_0006686,HAM10000,CC-BY-NC-4.0,
fitzpatrick17k_hf/images/img_4581.jpg,naevus,HAM_HAM_0000476,HAM10000,CC-BY-NC-4.0,
fitzpatrick17k_hf/images/img_4582.jpg,naevus,HAM_HAM_0007186,HAM10000,CC-BY-NC-4.0,
fitzpatrick17k_hf/images/img_4583.jpg,naevus,HAM_HAM_0006365,HAM10000,CC-BY-NC-4.0,
fitzpatrick17k_hf/images/img_4584.jpg,naevus,HAM_HAM_0001630,HAM10000,CC-BY-NC-4.0,
fitzpatrick17k_hf/images/img_4585.jpg,naevus,HAM_HAM_0004140,HAM10000,CC-BY-NC-4.0,
fitzpatrick17k_hf/images/img_4586.jpg,naevus,HAM_HAM_0001540,HAM10000,CC-BY-NC-4.0,
fitzpatrick17k_hf/images/img_4587.jpg,naevus,HAM_HAM_0004092,HAM10000,CC-BY-NC-4.0,
fitzpatrick17k_hf/images/img_4588.jpg,naevus,HAM_HAM_0005069,HAM10000,CC-BY-NC-4.0,
fitzpatrick17k_hf/images/img_4589.jpg,naevus,HAM_HAM_0007302,HAM10000,CC-BY-NC-4.0,
fitzpatrick17k_hf/images/img_4590.jpg,naevus,HAM_HAM_0003005,HAM10000,CC-BY-NC-4.0,
fitzpatrick17k_hf/images/img_4591.jpg,naevus,HAM_HAM_0001318,HAM10000,CC-BY-NC-4.0,
fitzpatrick17k_hf/images/img_4592.jpg,naevus,HAM_HAM_0000689,HAM10000,CC-BY-NC-4.0,
fitzpatrick17k_hf/images/img_4593.jpg,naevus,HAM_HAM_0000693,HAM10000,CC-BY-NC-4.0,
fitzpatrick17k_hf/images/img_4594.jpg,naevus,HAM_HAM_0000600,HAM10000,CC-BY-NC-4.0,
fitzpatrick17k_hf/images/img_4595.jpg,naevus,HAM_HAM_0002315,HAM10000,CC-BY-NC-4.0,
fitzpatrick17k_hf/images/img_4596.jpg,naevus,HAM_HAM_0004166,HAM10000,CC-BY-NC-4.0,
fitzpatrick17k_hf/images/img_4597.jpg,naevus,HAM_HAM_0002516,HAM10000,CC-BY-NC-4.0,
fitzpatrick17k_hf/images/img_4598.jpg,naevus,HAM_HAM_0001886,HAM10000,CC-BY-NC-4.0,
fitzpatrick17k_hf/images/img_4599.jpg,naevus,HAM_HAM_0001464,HAM10000,CC-BY-NC-4.0,
fitzpatrick17k_hf/images/img_4600.jpg,naevus,HAM_HAM_0005577,HAM10000,CC-BY-NC-4.0,
fitzpatrick17k_hf/images/img_4601.jpg,naevus,HAM_HAM_0001032,HAM10000,CC-BY-NC-4.0,
fitzpatrick17k_hf/images/img_4602.jpg,naevus,HAM_HAM_0003493,HAM10000,CC-BY-NC-4.0,
fitzpatrick17k_hf/images/img_4603.jpg,naevus,HAM_HAM_0006710,HAM10000,CC-BY-NC-4.0,
fitzpatrick17k_hf/images/img_4604.jpg,naevus,HAM_HAM_0000449,HAM10000,CC-BY-NC-4.0,
fitzpatrick17k_hf/images/img_4605.jpg,naevus,HAM_HAM_0001304,HAM10000,CC-BY-NC-4.0,
fitzpatrick17k_hf/images/img_4606.jpg,naevus,HAM_HAM_0001184,HAM10000,CC-BY-NC-4.0,
fitzpatrick17k_hf/images/img_4607.jpg,naevus,HAM_HAM_0006197,HAM10000,CC-BY-NC-4.0,
fitzpatrick17k_hf/images/img_4608.jpg,naevus,HAM_HAM_0002259,HAM10000,CC-BY-NC-4.0,
fitzpatrick17k_hf/images/img_4609.jpg,naevus,HAM_HAM_0002826,HAM10000,CC-BY-NC-4.0,
fitzpatrick17k_hf/images/img_4610.jpg,naevus,HAM_HAM_0000546,HAM10000,CC-BY-NC-4.0,
fitzpatrick17k_hf/images/img_4611.jpg,naevus,HAM_HAM_0004742,HAM10000,CC-BY-NC-4.0,
fitzpatrick17k_hf/images/img_4612.jpg,naevus,HAM_HAM_0000472,HAM10000,CC-BY-NC-4.0,
fitzpatrick17k_hf/images/img_4613.jpg,naevus,HAM_HAM_0000908,HAM10000,CC-BY-NC-4.0,
fitzpatrick17k_hf/images/img_4614.jpg,naevus,HAM_HAM_0006804,HAM10000,CC-BY-NC-4.0,
fitzpatrick17k_hf/images/img_4615.jpg,naevus,HAM_HAM_0006008,HAM10000,CC-BY-NC-4.0,
fitzpatrick17k_hf/images/img_4616.jpg,naevus,HAM_HAM_0003423,HAM10000,CC-BY-NC-4.0,
fitzpatrick17k_hf/images/img_4617.jpg,naevus,HAM_HAM_0007298,HAM10000,CC-BY-NC-4.0,
fitzpatrick17k_hf/images/img_4618.jpg,naevus,HAM_HAM_0006319,HAM10000,CC-BY-NC-4.0,
fitzpatrick17k_hf/images/img_4619.jpg,naevus,HAM_HAM_0003841,HAM10000,CC-BY-NC-4.0,
fitzpatrick17k_hf/images/img_4620.jpg,naevus,HAM_HAM_0002485,HAM10000,CC-BY-NC-4.0,
fitzpatrick17k_hf/images/img_4621.jpg,naevus,HAM_HAM_0000326,HAM10000,CC-BY-NC-4.0,
fitzpatrick17k_hf/images/img_4622.jpg,naevus,HAM_HAM_0005666,HAM10000,CC-BY-NC-4.0,
fitzpatrick17k_hf/images/img_4623.jpg,naevus,HAM_HAM_0000175,HAM10000,CC-BY-NC-4.0,
fitzpatrick17k_hf/images/img_4624.jpg,naevus,HAM_HAM_0004283,HAM10000,CC-BY-NC-4.0,
fitzpatrick17k_hf/images/img_4625.jpg,naevus,HAM_HAM_0001318,HAM10000,CC-BY-NC-4.0,
fitzpatrick17k_hf/images/img_4626.jpg,naevus,HAM_HAM_0001842,HAM10000,CC-BY-NC-4.0,
fitzpatrick17k_hf/images/img_4627.jpg,naevus,HAM_HAM_0002300,HAM10000,CC-BY-NC-4.0,
fitzpatrick17k_hf/images/img_4628.jpg,naevus,HAM_HAM_0001507,HAM10000,CC-BY-NC-4.0,
fitzpatrick17k_hf/images/img_4629.jpg,naevus,HAM_HAM_0001481,HAM10000,CC-BY-NC-4.0,
fitzpatrick17k_hf/images/img_4630.jpg,naevus,HAM_HAM_0000777,HAM10000,CC-BY-NC-4.0,
fitzpatrick17k_hf/images/img_4631.jpg,naevus,HAM_HAM_0007209,HAM10000,CC-BY-NC-4.0,
fitzpatrick17k_hf/images/img_4632.jpg,naevus,HAM_HAM_0002435,HAM10000,CC-BY-NC-4.0,
fitzpatrick17k_hf/images/img_4633.jpg,naevus,HAM_HAM_0003912,HAM10000,CC-BY-NC-4.0,
fitzpatrick17k_hf/images/img_4634.jpg,naevus,HAM_HAM_0002409,HAM10000,CC-BY-NC-4.0,
fitzpatrick17k_hf/images/img_4635.jpg,naevus,HAM_HAM_0002175,HAM10000,CC-BY-NC-4.0,
fitzpatrick17k_hf/images/img_4636.jpg,naevus,HAM_HAM_0007464,HAM10000,CC-BY-NC-4.0,
fitzpatrick17k_hf/images/img_4637.jpg,naevus,HAM_HAM_0002715,HAM10000,CC-BY-NC-4.0,
fitzpatrick17k_hf/images/img_4638.jpg,naevus,HAM_HAM_0005398,HAM10000,CC-BY-NC-4.0,
fitzpatrick17k_hf/images/img_4639.jpg,naevus,HAM_HAM_0006997,HAM10000,CC-BY-NC-4.0,
fitzpatrick17k_hf/images/img_4640.jpg,naevus,HAM_HAM_0007408,HAM10000,CC-BY-NC-4.0,
fitzpatrick17k_hf/images/img_4641.jpg,naevus,HAM_HAM_0001001,HAM10000,CC-BY-NC-4.0,
fitzpatrick17k_hf/images/img_4642.jpg,naevus,HAM_HAM_0003333,HAM10000,CC-BY-NC-4.0,
fitzpatrick17k_hf/images/img_4643.jpg,naevus,HAM_HAM_0003965,HAM10000,CC-BY-NC-4.0,
fitzpatrick17k_hf/images/img_4644.jpg,naevus,HAM_HAM_0002522,HAM10000,CC-BY-NC-4.0,
fitzpatrick17k_hf/images/img_4645.jpg,naevus,HAM_HAM_0005556,HAM10000,CC-BY-NC-4.0,
fitzpatrick17k_hf/images/img_4646.jpg,naevus,HAM_HAM_0005817,HAM10000,CC-BY-NC-4.0,
fitzpatrick17k_hf/images/img_4647.jpg,naevus,HAM_HAM_0004470,HAM10000,CC-BY-NC-4.0,
fitzpatrick17k_hf/images/img_4648.jpg,naevus,HAM_HAM_0005528,HAM10000,CC-BY-NC-4.0,
fitzpatrick17k_hf/images/img_4649.jpg,naevus,HAM_HAM_0002634,HAM10000,CC-BY-NC-4.0,
fitzpatrick17k_hf/images/img_4650.jpg,naevus,HAM_HAM_0004684,HAM10000,CC-BY-NC-4.0,
fitzpatrick17k_hf/images/img_4651.jpg,naevus,HAM_HAM_0006001,HAM10000,CC-BY-NC-4.0,
fitzpatrick17k_hf/images/img_4652.jpg,naevus,HAM_HAM_0005977,HAM10000,CC-BY-NC-4.0,
fitzpatrick17k_hf/images/img_4653.jpg,naevus,HAM_HAM_0006183,HAM10000,CC-BY-NC-4.0,
fitzpatrick17k_hf/images/img_4654.jpg,naevus,HAM_HAM_0003399,HAM10000,CC-BY-NC-4.0,
fitzpatrick17k_hf/images/img_4655.jpg,naevus,HAM_HAM_0007122,HAM10000,CC-BY-NC-4.0,
fitzpatrick17k_hf/images/img_4656.jpg,naevus,HAM_HAM_0005342,HAM10000,CC-BY-NC-4.0,
fitzpatrick17k_hf/images/img_4657.jpg,naevus,HAM_HAM_0006957,HAM10000,CC-BY-NC-4.0,
fitzpatrick17k_hf/images/img_4658.jpg,naevus,HAM_HAM_0003309,HAM10000,CC-BY-NC-4.0,
fitzpatrick17k_hf/images/img_4659.jpg,naevus,HAM_HAM_0002816,HAM10000,CC-BY-NC-4.0,
fitzpatrick17k_hf/images/img_4660.jpg,naevus,HAM_HAM_0001345,HAM10000,CC-BY-NC-4.0,
fitzpatrick17k_hf/images/img_4661.jpg,naevus,HAM_HAM_0006506,HAM10000,CC-BY-NC-4.0,
fitzpatrick17k_hf/images/img_4662.jpg,naevus,HAM_HAM_0005133,HAM10000,CC-BY-NC-4.0,
fitzpatrick17k_hf/images/img_4663.jpg,naevus,HAM_HAM_0005360,HAM10000,CC-BY-NC-4.0,
fitzpatrick17k_hf/images/img_4664.jpg,naevus,HAM_HAM_0003332,HAM10000,CC-BY-NC-4.0,
fitzpatrick17k_hf/images/img_4665.jpg,naevus,HAM_HAM_0000061,HAM10000,CC-BY-NC-4.0,
fitzpatrick17k_hf/images/img_4666.jpg,naevus,HAM_HAM_0005079,HAM10000,CC-BY-NC-4.0,
fitzpatrick17k_hf/images/img_4667.jpg,naevus,HAM_HAM_0000085,HAM10000,CC-BY-NC-4.0,
fitzpatrick17k_hf/images/img_4668.jpg,naevus,HAM_HAM_0002820,HAM10000,CC-BY-NC-4.0,
fitzpatrick17k_hf/images/img_4669.jpg,naevus,HAM_HAM_0006439,HAM10000,CC-BY-NC-4.0,
fitzpatrick17k_hf/images/img_4670.jpg,naevus,HAM_HAM_0000703,HAM10000,CC-BY-NC-4.0,
fitzpatrick17k_hf/images/img_4671.jpg,naevus,HAM_HAM_0003867,HAM10000,CC-BY-NC-4.0,
fitzpatrick17k_hf/images/img_4672.jpg,naevus,HAM_HAM_0003541,HAM10000,CC-BY-NC-4.0,
fitzpatrick17k_hf/images/img_4673.jpg,naevus,HAM_HAM_0002931,HAM10000,CC-BY-NC-4.0,
fitzpatrick17k_hf/images/img_4674.jpg,naevus,HAM_HAM_0001338,HAM10000,CC-BY-NC-4.0,
fitzpatrick17k_hf/images/img_4675.jpg,naevus,HAM_HAM_0000279,HAM10000,CC-BY-NC-4.0,
fitzpatrick17k_hf/images/img_4676.jpg,naevus,HAM_HAM_0004267,HAM10000,CC-BY-NC-4.0,
fitzpatrick17k_hf/images/img_4677.jpg,naevus,HAM_HAM_0004778,HAM10000,CC-BY-NC-4.0,
fitzpatrick17k_hf/images/img_4678.jpg,naevus,HAM_HAM_0000712,HAM10000,CC-BY-NC-4.0,
fitzpatrick17k_hf/images/img_4679.jpg,naevus,HAM_HAM_0001324,HAM10000,CC-BY-NC-4.0,
fitzpatrick17k_hf/images/img_4680.jpg,naevus,HAM_HAM_0005127,HAM10000,CC-BY-NC-4.0,
fitzpatrick17k_hf/images/img_4681.jpg,naevus,HAM_HAM_0002990,HAM10000,CC-BY-NC-4.0,
fitzpatrick17k_hf/images/img_4682.jpg,naevus,HAM_HAM_0003384,HAM10000,CC-BY-NC-4.0,
fitzpatrick17k_hf/images/img_4683.jpg,naevus,HAM_HAM_0000684,HAM10000,CC-BY-NC-4.0,
fitzpatrick17k_hf/images/img_4684.jpg,naevus,HAM_HAM_0001461,HAM10000,CC-BY-NC-4.0,
fitzpatrick17k_hf/images/img_4685.jpg,naevus,HAM_HAM_0000603,HAM10000,CC-BY-NC-4.0,
fitzpatrick17k_hf/images/img_4686.jpg,naevus,HAM_HAM_0007411,HAM10000,CC-BY-NC-4.0,
fitzpatrick17k_hf/images/img_4687.jpg,naevus,HAM_HAM_0006498,HAM10000,CC-BY-NC-4.0,
fitzpatrick17k_hf/images/img_4688.jpg,naevus,HAM_HAM_0005745,HAM10000,CC-BY-NC-4.0,
fitzpatrick17k_hf/images/img_4689.jpg,naevus,HAM_HAM_0004839,HAM10000,CC-BY-NC-4.0,
fitzpatrick17k_hf/images/img_4690.jpg,naevus,HAM_HAM_0002856,HAM10000,CC-BY-NC-4.0,
fitzpatrick17k_hf/images/img_4691.jpg,naevus,HAM_HAM_0002216,HAM10000,CC-BY-NC-4.0,
fitzpatrick17k_hf/images/img_4692.jpg,naevus,HAM_HAM_0004270,HAM10000,CC-BY-NC-4.0,
fitzpatrick17k_hf/images/img_4693.jpg,naevus,HAM_HAM_0001742,HAM10000,CC-BY-NC-4.0,
fitzpatrick17k_hf/images/img_4694.jpg,naevus,HAM_HAM_0006680,HAM10000,CC-BY-NC-4.0,
fitzpatrick17k_hf/images/img_4695.jpg,naevus,HAM_HAM_0006109,HAM10000,CC-BY-NC-4.0,
fitzpatrick17k_hf/images/img_4696.jpg,naevus,HAM_HAM_0000072,HAM10000,CC-BY-NC-4.0,
fitzpatrick17k_hf/images/img_4697.jpg,naevus,HAM_HAM_0004702,HAM10000,CC-BY-NC-4.0,
fitzpatrick17k_hf/images/img_4698.jpg,naevus,HAM_HAM_0004600,HAM10000,CC-BY-NC-4.0,
fitzpatrick17k_hf/images/img_4699.jpg,naevus,HAM_HAM_0000961,HAM10000,CC-BY-NC-4.0,
fitzpatrick17k_hf/images/img_4700.jpg,naevus,HAM_HAM_0002145,HAM10000,CC-BY-NC-4.0,
fitzpatrick17k_hf/images/img_4701.jpg,naevus,HAM_HAM_0000811,HAM10000,CC-BY-NC-4.0,
fitzpatrick17k_hf/images/img_4702.jpg,naevus,HAM_HAM_0004085,HAM10000,CC-BY-NC-4.0,
fitzpatrick17k_hf/images/img_4703.jpg,naevus,HAM_HAM_0004682,HAM10000,CC-BY-NC-4.0,
fitzpatrick17k_hf/images/img_4704.jpg,naevus,HAM_HAM_0006897,HAM10000,CC-BY-NC-4.0,
fitzpatrick17k_hf/images/img_4705.jpg,naevus,HAM_HAM_0007264,HAM10000,CC-BY-NC-4.0,
fitzpatrick17k_hf/images/img_4706.jpg,naevus,HAM_HAM_0005531,HAM10000,CC-BY-NC-4.0,
fitzpatrick17k_hf/images/img_4707.jpg,naevus,HAM_HAM_0002154,HAM10000,CC-BY-NC-4.0,
fitzpatrick17k_hf/images/img_4708.jpg,naevus,HAM_HAM_0003548,HAM10000,CC-BY-NC-4.0,
fitzpatrick17k_hf/images/img_4709.jpg,naevus,HAM_HAM_0004169,HAM10000,CC-BY-NC-4.0,
fitzpatrick17k_hf/images/img_4710.jpg,naevus,HAM_HAM_0003709,HAM10000,CC-BY-NC-4.0,
fitzpatrick17k_hf/images/img_4711.jpg,naevus,HAM_HAM_0006258,HAM10000,CC-BY-NC-4.0,
fitzpatrick17k_hf/images/img_4712.jpg,naevus,HAM_HAM_0005567,HAM10000,CC-BY-NC-4.0,
fitzpatrick17k_hf/images/img_4713.jpg,naevus,HAM_HAM_0001975,HAM10000,CC-BY-NC-4.0,
fitzpatrick17k_hf/images/img_4714.jpg,naevus,HAM_HAM_0004758,HAM10000,CC-BY-NC-4.0,
fitzpatrick17k_hf/images/img_4715.jpg,naevus,HAM_HAM_0004323,HAM10000,CC-BY-NC-4.0,
fitzpatrick17k_hf/images/img_4716.jpg,naevus,HAM_HAM_0005110,HAM10000,CC-BY-NC-4.0,
fitzpatrick17k_hf/images/img_4717.jpg,naevus,HAM_HAM_0000000,HAM10000,CC-BY-NC-4.0,
fitzpatrick17k_hf/images/img_4718.jpg,naevus,HAM_HAM_0006326,HAM10000,CC-BY-NC-4.0,
fitzpatrick17k_hf/images/img_4719.jpg,naevus,HAM_HAM_0000142,HAM10000,CC-BY-NC-4.0,
fitzpatrick17k_hf/images/img_4720.jpg,naevus,HAM_HAM_0001940,HAM10000,CC-BY-NC-4.0,
fitzpatrick17k_hf/images/img_4721.jpg,naevus,HAM_HAM_0006910,HAM10000,CC-BY-NC-4.0,
fitzpatrick17k_hf/images/img_4722.jpg,naevus,HAM_HAM_0006838,HAM10000,CC-BY-NC-4.0,
fitzpatrick17k_hf/images/img_4723.jpg,naevus,HAM_HAM_0003340,HAM10000,CC-BY-NC-4.0,
fitzpatrick17k_hf/images/img_4724.jpg,naevus,HAM_HAM_0007249,HAM10000,CC-BY-NC-4.0,
fitzpatrick17k_hf/images/img_4725.jpg,naevus,HAM_HAM_0002835,HAM10000,CC-BY-NC-4.0,
fitzpatrick17k_hf/images/img_4726.jpg,naevus,HAM_HAM_0000070,HAM10000,CC-BY-NC-4.0,
fitzpatrick17k_hf/images/img_4727.jpg,naevus,HAM_HAM_0002311,HAM10000,CC-BY-NC-4.0,
fitzpatrick17k_hf/images/img_4728.jpg,naevus,HAM_HAM_0006463,HAM10000,CC-BY-NC-4.0,
fitzpatrick17k_hf/images/img_4729.jpg,naevus,HAM_HAM_0005113,HAM10000,CC-BY-NC-4.0,
fitzpatrick17k_hf/images/img_4730.jpg,naevus,HAM_HAM_0002919,HAM10000,CC-BY-NC-4.0,
fitzpatrick17k_hf/images/img_4731.jpg,naevus,HAM_HAM_0002446,HAM10000,CC-BY-NC-4.0,
fitzpatrick17k_hf/images/img_4732.jpg,naevus,HAM_HAM_0001523,HAM10000,CC-BY-NC-4.0,
fitzpatrick17k_hf/images/img_4733.jpg,naevus,HAM_HAM_0004028,HAM10000,CC-BY-NC-4.0,
fitzpatrick17k_hf/images/img_4734.jpg,naevus,HAM_HAM_0006484,HAM10000,CC-BY-NC-4.0,
fitzpatrick17k_hf/images/img_4735.jpg,naevus,HAM_HAM_0000324,HAM10000,CC-BY-NC-4.0,
fitzpatrick17k_hf/images/img_4736.jpg,naevus,HAM_HAM_0002171,HAM10000,CC-BY-NC-4.0,
fitzpatrick17k_hf/images/img_4737.jpg,naevus,HAM_HAM_0006425,HAM10000,CC-BY-NC-4.0,
fitzpatrick17k_hf/images/img_4738.jpg,naevus,HAM_HAM_0001498,HAM10000,CC-BY-NC-4.0,
fitzpatrick17k_hf/images/img_4739.jpg,naevus,HAM_HAM_0002041,HAM10000,CC-BY-NC-4.0,
fitzpatrick17k_hf/images/img_4740.jpg,naevus,HAM_HAM_0001404,HAM10000,CC-BY-NC-4.0,
fitzpatrick17k_hf/images/img_4741.jpg,naevus,HAM_HAM_0003653,HAM10000,CC-BY-NC-4.0,
fitzpatrick17k_hf/images/img_4742.jpg,naevus,HAM_HAM_0005493,HAM10000,CC-BY-NC-4.0,
fitzpatrick17k_hf/images/img_4743.jpg,naevus,HAM_HAM_0003903,HAM10000,CC-BY-NC-4.0,
fitzpatrick17k_hf/images/img_4744.jpg,naevus,HAM_HAM_0007276,HAM10000,CC-BY-NC-4.0,
fitzpatrick17k_hf/images/img_4745.jpg,naevus,HAM_HAM_0002215,HAM10000,CC-BY-NC-4.0,
fitzpatrick17k_hf/images/img_4746.jpg,naevus,HAM_HAM_0002023,HAM10000,CC-BY-NC-4.0,
fitzpatrick17k_hf/images/img_4747.jpg,naevus,HAM_HAM_0004096,HAM10000,CC-BY-NC-4.0,
fitzpatrick17k_hf/images/img_4748.jpg,naevus,HAM_HAM_0003044,HAM10000,CC-BY-NC-4.0,
fitzpatrick17k_hf/images/img_4749.jpg,naevus,HAM_HAM_0004068,HAM10000,CC-BY-NC-4.0,
fitzpatrick17k_hf/images/img_4750.jpg,naevus,HAM_HAM_0007512,HAM10000,CC-BY-NC-4.0,
fitzpatrick17k_hf/images/img_4751.jpg,naevus,HAM_HAM_0005699,HAM10000,CC-BY-NC-4.0,
fitzpatrick17k_hf/images/img_4752.jpg,naevus,HAM_HAM_0004752,HAM10000,CC-BY-NC-4.0,
fitzpatrick17k_hf/images/img_4753.jpg,naevus,HAM_HAM_0000667,HAM10000,CC-BY-NC-4.0,
fitzpatrick17k_hf/images/img_4754.jpg,naevus,HAM_HAM_0000240,HAM10000,CC-BY-NC-4.0,
fitzpatrick17k_hf/images/img_4755.jpg,naevus,HAM_HAM_0003075,HAM10000,CC-BY-NC-4.0,
fitzpatrick17k_hf/images/img_4756.jpg,naevus,HAM_HAM_0000942,HAM10000,CC-BY-NC-4.0,
fitzpatrick17k_hf/images/img_4757.jpg,naevus,HAM_HAM_0005395,HAM10000,CC-BY-NC-4.0,
fitzpatrick17k_hf/images/img_4758.jpg,naevus,HAM_HAM_0000913,HAM10000,CC-BY-NC-4.0,
fitzpatrick17k_hf/images/img_4759.jpg,naevus,HAM_HAM_0005517,HAM10000,CC-BY-NC-4.0,
fitzpatrick17k_hf/images/img_4760.jpg,naevus,HAM_HAM_0003619,HAM10000,CC-BY-NC-4.0,
fitzpatrick17k_hf/images/img_4761.jpg,naevus,HAM_HAM_0004417,HAM10000,CC-BY-NC-4.0,
fitzpatrick17k_hf/images/img_4762.jpg,naevus,HAM_HAM_0005709,HAM10000,CC-BY-NC-4.0,
fitzpatrick17k_hf/images/img_4763.jpg,naevus,HAM_HAM_0006273,HAM10000,CC-BY-NC-4.0,
fitzpatrick17k_hf/images/img_4764.jpg,naevus,HAM_HAM_0006013,HAM10000,CC-BY-NC-4.0,
fitzpatrick17k_hf/images/img_4765.jpg,naevus,HAM_HAM_0003675,HAM10000,CC-BY-NC-4.0,
fitzpatrick17k_hf/images/img_4766.jpg,naevus,HAM_HAM_0004686,HAM10000,CC-BY-NC-4.0,
fitzpatrick17k_hf/images/img_4767.jpg,naevus,HAM_HAM_0003528,HAM10000,CC-BY-NC-4.0,
fitzpatrick17k_hf/images/img_4768.jpg,naevus,HAM_HAM_0001684,HAM10000,CC-BY-NC-4.0,
fitzpatrick17k_hf/images/img_4769.jpg,naevus,HAM_HAM_0003874,HAM10000,CC-BY-NC-4.0,
fitzpatrick17k_hf/images/img_4770.jpg,naevus,HAM_HAM_0006881,HAM10000,CC-BY-NC-4.0,
fitzpatrick17k_hf/images/img_4771.jpg,naevus,HAM_HAM_0003758,HAM10000,CC-BY-NC-4.0,
fitzpatrick17k_hf/images/img_4772.jpg,naevus,HAM_HAM_0002554,HAM10000,CC-BY-NC-4.0,
fitzpatrick17k_hf/images/img_4773.jpg,naevus,HAM_HAM_0000690,HAM10000,CC-BY-NC-4.0,
fitzpatrick17k_hf/images/img_4774.jpg,naevus,HAM_HAM_0000850,HAM10000,CC-BY-NC-4.0,
fitzpatrick17k_hf/images/img_4775.jpg,naevus,HAM_HAM_0002480,HAM10000,CC-BY-NC-4.0,
fitzpatrick17k_hf/images/img_4776.jpg,naevus,HAM_HAM_0000295,HAM10000,CC-BY-NC-4.0,
fitzpatrick17k_hf/images/img_4777.jpg,naevus,HAM_HAM_0000468,HAM10000,CC-BY-NC-4.0,
fitzpatrick17k_hf/images/img_4778.jpg,naevus,HAM_HAM_0001702,HAM10000,CC-BY-NC-4.0,
fitzpatrick17k_hf/images/img_4779.jpg,naevus,HAM_HAM_0006228,HAM10000,CC-BY-NC-4.0,
fitzpatrick17k_hf/images/img_4780.jpg,naevus,HAM_HAM_0003237,HAM10000,CC-BY-NC-4.0,
fitzpatrick17k_hf/images/img_4781.jpg,naevus,HAM_HAM_0003322,HAM10000,CC-BY-NC-4.0,
fitzpatrick17k_hf/images/img_4782.jpg,naevus,HAM_HAM_0000652,HAM10000,CC-BY-NC-4.0,
fitzpatrick17k_hf/images/img_4783.jpg,naevus,HAM_HAM_0006633,HAM10000,CC-BY-NC-4.0,
fitzpatrick17k_hf/images/img_4784.jpg,naevus,HAM_HAM_0001319,HAM10000,CC-BY-NC-4.0,
fitzpatrick17k_hf/images/img_4785.jpg,naevus,HAM_HAM_0007268,HAM10000,CC-BY-NC-4.0,
fitzpatrick17k_hf/images/img_4786.jpg,naevus,HAM_HAM_0001116,HAM10000,CC-BY-NC-4.0,
fitzpatrick17k_hf/images/img_4787.jpg,naevus,HAM_HAM_0000778,HAM10000,CC-BY-NC-4.0,
fitzpatrick17k_hf/images/img_4788.jpg,naevus,HAM_HAM_0007559,HAM10000,CC-BY-NC-4.0,
fitzpatrick17k_hf/images/img_4789.jpg,naevus,HAM_HAM_0006449,HAM10000,CC-BY-NC-4.0,
fitzpatrick17k_hf/images/img_4790.jpg,naevus,HAM_HAM_0000076,HAM10000,CC-BY-NC-4.0,
fitzpatrick17k_hf/images/img_4791.jpg,naevus,HAM_HAM_0004044,HAM10000,CC-BY-NC-4.0,
fitzpatrick17k_hf/images/img_4792.jpg,naevus,HAM_HAM_0007608,HAM10000,CC-BY-NC-4.0,
fitzpatrick17k_hf/images/img_4793.jpg,naevus,HAM_HAM_0000291,HAM10000,CC-BY-NC-4.0,
fitzpatrick17k_hf/images/img_4794.jpg,naevus,HAM_HAM_0002403,HAM10000,CC-BY-NC-4.0,
fitzpatrick17k_hf/images/img_4795.jpg,naevus,HAM_HAM_0004080,HAM10000,CC-BY-NC-4.0,
fitzpatrick17k_hf/images/img_4796.jpg,naevus,HAM_HAM_0006966,HAM10000,CC-BY-NC-4.0,
fitzpatrick17k_hf/images/img_4797.jpg,naevus,HAM_HAM_0002846,HAM10000,CC-BY-NC-4.0,
fitzpatrick17k_hf/images/img_4798.jpg,naevus,HAM_HAM_0006487,HAM10000,CC-BY-NC-4.0,
fitzpatrick17k_hf/images/img_4799.jpg,naevus,HAM_HAM_0001633,HAM10000,CC-BY-NC-4.0,
fitzpatrick17k_hf/images/img_4800.jpg,naevus,HAM_HAM_0000939,HAM10000,CC-BY-NC-4.0,
fitzpatrick17k_hf/images/img_4801.jpg,naevus,HAM_HAM_0000391,HAM10000,CC-BY-NC-4.0,
fitzpatrick17k_hf/images/img_4802.jpg,naevus,HAM_HAM_0003750,HAM10000,CC-BY-NC-4.0,
fitzpatrick17k_hf/images/img_4803.jpg,naevus,HAM_HAM_0006790,HAM10000,CC-BY-NC-4.0,
fitzpatrick17k_hf/images/img_4804.jpg,naevus,HAM_HAM_0006209,HAM10000,CC-BY-NC-4.0,
fitzpatrick17k_hf/images/img_4805.jpg,naevus,HAM_HAM_0000980,HAM10000,CC-BY-NC-4.0,
fitzpatrick17k_hf/images/img_4806.jpg,naevus,HAM_HAM_0001003,HAM10000,CC-BY-NC-4.0,
fitzpatrick17k_hf/images/img_4807.jpg,naevus,HAM_HAM_0003488,HAM10000,CC-BY-NC-4.0,
fitzpatrick17k_hf/images/img_4808.jpg,naevus,HAM_HAM_0000338,HAM10000,CC-BY-NC-4.0,
fitzpatrick17k_hf/images/img_4809.jpg,naevus,HAM_HAM_0005960,HAM10000,CC-BY-NC-4.0,
fitzpatrick17k_hf/images/img_4810.jpg,naevus,HAM_HAM_0001563,HAM10000,CC-BY-NC-4.0,
fitzpatrick17k_hf/images/img_4811.jpg,naevus,HAM_HAM_0000481,HAM10000,CC-BY-NC-4.0,
fitzpatrick17k_hf/images/img_4812.jpg,naevus,HAM_HAM_0002416,HAM10000,CC-BY-NC-4.0,
fitzpatrick17k_hf/images/img_4813.jpg,naevus,HAM_HAM_0002097,HAM10000,CC-BY-NC-4.0,
fitzpatrick17k_hf/images/img_4814.jpg,naevus,HAM_HAM_0007046,HAM10000,CC-BY-NC-4.0,
fitzpatrick17k_hf/images/img_4815.jpg,naevus,HAM_HAM_0001320,HAM10000,CC-BY-NC-4.0,
fitzpatrick17k_hf/images/img_4816.jpg,naevus,HAM_HAM_0006340,HAM10000,CC-BY-NC-4.0,
fitzpatrick17k_hf/images/img_4817.jpg,naevus,HAM_HAM_0004805,HAM10000,CC-BY-NC-4.0,
fitzpatrick17k_hf/images/img_4818.jpg,naevus,HAM_HAM_0000275,HAM10000,CC-BY-NC-4.0,
fitzpatrick17k_hf/images/img_4819.jpg,naevus,HAM_HAM_0005849,HAM10000,CC-BY-NC-4.0,
fitzpatrick17k_hf/images/img_4820.jpg,naevus,HAM_HAM_0005670,HAM10000,CC-BY-NC-4.0,
fitzpatrick17k_hf/images/img_4821.jpg,naevus,HAM_HAM_0003754,HAM10000,CC-BY-NC-4.0,
fitzpatrick17k_hf/images/img_4822.jpg,naevus,HAM_HAM_0002179,HAM10000,CC-BY-NC-4.0,
fitzpatrick17k_hf/images/img_4823.jpg,naevus,HAM_HAM_0006597,HAM10000,CC-BY-NC-4.0,
fitzpatrick17k_hf/images/img_4824.jpg,naevus,HAM_HAM_0004703,HAM10000,CC-BY-NC-4.0,
fitzpatrick17k_hf/images/img_4825.jpg,naevus,HAM_HAM_0003674,HAM10000,CC-BY-NC-4.0,
fitzpatrick17k_hf/images/img_4826.jpg,naevus,HAM_HAM_0006776,HAM10000,CC-BY-NC-4.0,
fitzpatrick17k_hf/images/img_4827.jpg,naevus,HAM_HAM_0000635,HAM10000,CC-BY-NC-4.0,
fitzpatrick17k_hf/images/img_4828.jpg,naevus,HAM_HAM_0002695,HAM10000,CC-BY-NC-4.0,
fitzpatrick17k_hf/images/img_4829.jpg,naevus,HAM_HAM_0005193,HAM10000,CC-BY-NC-4.0,
fitzpatrick17k_hf/images/img_4830.jpg,naevus,HAM_HAM_0003806,HAM10000,CC-BY-NC-4.0,
fitzpatrick17k_hf/images/img_4831.jpg,naevus,HAM_HAM_0003197,HAM10000,CC-BY-NC-4.0,
fitzpatrick17k_hf/images/img_4832.jpg,naevus,HAM_HAM_0004989,HAM10000,CC-BY-NC-4.0,
fitzpatrick17k_hf/images/img_4833.jpg,naevus,HAM_HAM_0003888,HAM10000,CC-BY-NC-4.0,
fitzpatrick17k_hf/images/img_4834.jpg,naevus,HAM_HAM_0004553,HAM10000,CC-BY-NC-4.0,
fitzpatrick17k_hf/images/img_4835.jpg,naevus,HAM_HAM_0000962,HAM10000,CC-BY-NC-4.0,
fitzpatrick17k_hf/images/img_4836.jpg,naevus,HAM_HAM_0001799,HAM10000,CC-BY-NC-4.0,
fitzpatrick17k_hf/images/img_4837.jpg,naevus,HAM_HAM_0006198,HAM10000,CC-BY-NC-4.0,
fitzpatrick17k_hf/images/img_4838.jpg,naevus,HAM_HAM_0000222,HAM10000,CC-BY-NC-4.0,
fitzpatrick17k_hf/images/img_4839.jpg,naevus,HAM_HAM_0005239,HAM10000,CC-BY-NC-4.0,
fitzpatrick17k_hf/images/img_4840.jpg,naevus,HAM_HAM_0002651,HAM10000,CC-BY-NC-4.0,
fitzpatrick17k_hf/images/img_4841.jpg,naevus,HAM_HAM_0006839,HAM10000,CC-BY-NC-4.0,
fitzpatrick17k_hf/images/img_4842.jpg,naevus,HAM_HAM_0006120,HAM10000,CC-BY-NC-4.0,
fitzpatrick17k_hf/images/img_4843.jpg,naevus,HAM_HAM_0005329,HAM10000,CC-BY-NC-4.0,
fitzpatrick17k_hf/images/img_4844.jpg,naevus,HAM_HAM_0002537,HAM10000,CC-BY-NC-4.0,
fitzpatrick17k_hf/images/img_4845.jpg,naevus,HAM_HAM_0002773,HAM10000,CC-BY-NC-4.0,
fitzpatrick17k_hf/images/img_4846.jpg,naevus,HAM_HAM_0001161,HAM10000,CC-BY-NC-4.0,
fitzpatrick17k_hf/images/img_4847.jpg,naevus,HAM_HAM_0005840,HAM10000,CC-BY-NC-4.0,
fitzpatrick17k_hf/images/img_4848.jpg,naevus,HAM_HAM_0004841,HAM10000,CC-BY-NC-4.0,
fitzpatrick17k_hf/images/img_4849.jpg,naevus,HAM_HAM_0006010,HAM10000,CC-BY-NC-4.0,
fitzpatrick17k_hf/images/img_4850.jpg,naevus,HAM_HAM_0001585,HAM10000,CC-BY-NC-4.0,
fitzpatrick17k_hf/images/img_4851.jpg,naevus,HAM_HAM_0003033,HAM10000,CC-BY-NC-4.0,
fitzpatrick17k_hf/images/img_4852.jpg,naevus,HAM_HAM_0002260,HAM10000,CC-BY-NC-4.0,
fitzpatrick17k_hf/images/img_4853.jpg,naevus,HAM_HAM_0001717,HAM10000,CC-BY-NC-4.0,
fitzpatrick17k_hf/images/img_4854.jpg,naevus,HAM_HAM_0007345,HAM10000,CC-BY-NC-4.0,
fitzpatrick17k_hf/images/img_4855.jpg,naevus,HAM_HAM_0006427,HAM10000,CC-BY-NC-4.0,
fitzpatrick17k_hf/images/img_4856.jpg,naevus,HAM_HAM_0002353,HAM10000,CC-BY-NC-4.0,
fitzpatrick17k_hf/images/img_4857.jpg,naevus,HAM_HAM_0002986,HAM10000,CC-BY-NC-4.0,
fitzpatrick17k_hf/images/img_4858.jpg,naevus,HAM_HAM_0005004,HAM10000,CC-BY-NC-4.0,
fitzpatrick17k_hf/images/img_4859.jpg,naevus,HAM_HAM_0001355,HAM10000,CC-BY-NC-4.0,
fitzpatrick17k_hf/images/img_4860.jpg,naevus,HAM_HAM_0002160,HAM10000,CC-BY-NC-4.0,
fitzpatrick17k_hf/images/img_4861.jpg,naevus,HAM_HAM_0003898,HAM10000,CC-BY-NC-4.0,
fitzpatrick17k_hf/images/img_4862.jpg,naevus,HAM_HAM_0002053,HAM10000,CC-BY-NC-4.0,
fitzpatrick17k_hf/images/img_4863.jpg,naevus,HAM_HAM_0000864,HAM10000,CC-BY-NC-4.0,
fitzpatrick17k_hf/images/img_4864.jpg,naevus,HAM_HAM_0005803,HAM10000,CC-BY-NC-4.0,
fitzpatrick17k_hf/images/img_4865.jpg,naevus,HAM_HAM_0002589,HAM10000,CC-BY-NC-4.0,
fitzpatrick17k_hf/images/img_4866.jpg,naevus,HAM_HAM_0007173,HAM10000,CC-BY-NC-4.0,
fitzpatrick17k_hf/images/img_4867.jpg,naevus,HAM_HAM_0002901,HAM10000,CC-BY-NC-4.0,
fitzpatrick17k_hf/images/img_4868.jpg,naevus,HAM_HAM_0007160,HAM10000,CC-BY-NC-4.0,
fitzpatrick17k_hf/images/img_4869.jpg,naevus,HAM_HAM_0006450,HAM10000,CC-BY-NC-4.0,
fitzpatrick17k_hf/images/img_4870.jpg,naevus,HAM_HAM_0003598,HAM10000,CC-BY-NC-4.0,
fitzpatrick17k_hf/images/img_4871.jpg,naevus,HAM_HAM_0005900,HAM10000,CC-BY-NC-4.0,
fitzpatrick17k_hf/images/img_4872.jpg,naevus,HAM_HAM_0006678,HAM10000,CC-BY-NC-4.0,
fitzpatrick17k_hf/images/img_4873.jpg,naevus,HAM_HAM_0006989,HAM10000,CC-BY-NC-4.0,
fitzpatrick17k_hf/images/img_4874.jpg,naevus,HAM_HAM_0002407,HAM10000,CC-BY-NC-4.0,
fitzpatrick17k_hf/images/img_4875.jpg,naevus,HAM_HAM_0002780,HAM10000,CC-BY-NC-4.0,
fitzpatrick17k_hf/images/img_4876.jpg,naevus,HAM_HAM_0006639,HAM10000,CC-BY-NC-4.0,
fitzpatrick17k_hf/images/img_4877.jpg,naevus,HAM_HAM_0000861,HAM10000,CC-BY-NC-4.0,
fitzpatrick17k_hf/images/img_4878.jpg,naevus,HAM_HAM_0003125,HAM10000,CC-BY-NC-4.0,
fitzpatrick17k_hf/images/img_4879.jpg,naevus,HAM_HAM_0004576,HAM10000,CC-BY-NC-4.0,
fitzpatrick17k_hf/images/img_4880.jpg,naevus,HAM_HAM_0004977,HAM10000,CC-BY-NC-4.0,
fitzpatrick17k_hf/images/img_4881.jpg,naevus,HAM_HAM_0003549,HAM10000,CC-BY-NC-4.0,
fitzpatrick17k_hf/images/img_4882.jpg,naevus,HAM_HAM_0004062,HAM10000,CC-BY-NC-4.0,
fitzpatrick17k_hf/images/img_4883.jpg,naevus,HAM_HAM_0001075,HAM10000,CC-BY-NC-4.0,
fitzpatrick17k_hf/images/img_4884.jpg,naevus,HAM_HAM_0002515,HAM10000,CC-BY-NC-4.0,
fitzpatrick17k_hf/images/img_4885.jpg,naevus,HAM_HAM_0003214,HAM10000,CC-BY-NC-4.0,
fitzpatrick17k_hf/images/img_4886.jpg,naevus,HAM_HAM_0005516,HAM10000,CC-BY-NC-4.0,
fitzpatrick17k_hf/images/img_4887.jpg,naevus,HAM_HAM_0005034,HAM10000,CC-BY-NC-4.0,
fitzpatrick17k_hf/images/img_4888.jpg,naevus,HAM_HAM_0001695,HAM10000,CC-BY-NC-4.0,
fitzpatrick17k_hf/images/img_4889.jpg,naevus,HAM_HAM_0001303,HAM10000,CC-BY-NC-4.0,
fitzpatrick17k_hf/images/img_4890.jpg,naevus,HAM_HAM_0005385,HAM10000,CC-BY-NC-4.0,
fitzpatrick17k_hf/images/img_4891.jpg,naevus,HAM_HAM_0000288,HAM10000,CC-BY-NC-4.0,
fitzpatrick17k_hf/images/img_4892.jpg,naevus,HAM_HAM_0004604,HAM10000,CC-BY-NC-4.0,
fitzpatrick17k_hf/images/img_4893.jpg,naevus,HAM_HAM_0003662,HAM10000,CC-BY-NC-4.0,
fitzpatrick17k_hf/images/img_4894.jpg,naevus,HAM_HAM_0004443,HAM10000,CC-BY-NC-4.0,
fitzpatrick17k_hf/images/img_4895.jpg,naevus,HAM_HAM_0006185,HAM10000,CC-BY-NC-4.0,
fitzpatrick17k_hf/images/img_4896.jpg,naevus,HAM_HAM_0001080,HAM10000,CC-BY-NC-4.0,
fitzpatrick17k_hf/images/img_4897.jpg,naevus,HAM_HAM_0001541,HAM10000,CC-BY-NC-4.0,
fitzpatrick17k_hf/images/img_4898.jpg,naevus,HAM_HAM_0003419,HAM10000,CC-BY-NC-4.0,
fitzpatrick17k_hf/images/img_4899.jpg,naevus,HAM_HAM_0000148,HAM10000,CC-BY-NC-4.0,
fitzpatrick17k_hf/images/img_4900.jpg,naevus,HAM_HAM_0004242,HAM10000,CC-BY-NC-4.0,
fitzpatrick17k_hf/images/img_4901.jpg,naevus,HAM_HAM_0005682,HAM10000,CC-BY-NC-4.0,
fitzpatrick17k_hf/images/img_4902.jpg,naevus,HAM_HAM_0007594,HAM10000,CC-BY-NC-4.0,
fitzpatrick17k_hf/images/img_4903.jpg,naevus,HAM_HAM_0005495,HAM10000,CC-BY-NC-4.0,
fitzpatrick17k_hf/images/img_4904.jpg,naevus,HAM_HAM_0002065,HAM10000,CC-BY-NC-4.0,
fitzpatrick17k_hf/images/img_4905.jpg,naevus,HAM_HAM_0006534,HAM10000,CC-BY-NC-4.0,
fitzpatrick17k_hf/images/img_4906.jpg,naevus,HAM_HAM_0003524,HAM10000,CC-BY-NC-4.0,
fitzpatrick17k_hf/images/img_4907.jpg,naevus,HAM_HAM_0000138,HAM10000,CC-BY-NC-4.0,
fitzpatrick17k_hf/images/img_4908.jpg,naevus,HAM_HAM_0005208,HAM10000,CC-BY-NC-4.0,
fitzpatrick17k_hf/images/img_4909.jpg,naevus,HAM_HAM_0000528,HAM10000,CC-BY-NC-4.0,
fitzpatrick17k_hf/images/img_4910.jpg,naevus,HAM_HAM_0007326,HAM10000,CC-BY-NC-4.0,
fitzpatrick17k_hf/images/img_4911.jpg,naevus,HAM_HAM_0004460,HAM10000,CC-BY-NC-4.0,
fitzpatrick17k_hf/images/img_4912.jpg,naevus,HAM_HAM_0005914,HAM10000,CC-BY-NC-4.0,
fitzpatrick17k_hf/images/img_4913.jpg,naevus,HAM_HAM_0005272,HAM10000,CC-BY-NC-4.0,
fitzpatrick17k_hf/images/img_4914.jpg,naevus,HAM_HAM_0001934,HAM10000,CC-BY-NC-4.0,
fitzpatrick17k_hf/images/img_4915.jpg,naevus,HAM_HAM_0002351,HAM10000,CC-BY-NC-4.0,
fitzpatrick17k_hf/images/img_4916.jpg,naevus,HAM_HAM_0003032,HAM10000,CC-BY-NC-4.0,
fitzpatrick17k_hf/images/img_4917.jpg,naevus,HAM_HAM_0006032,HAM10000,CC-BY-NC-4.0,
fitzpatrick17k_hf/images/img_4918.jpg,naevus,HAM_HAM_0004783,HAM10000,CC-BY-NC-4.0,
fitzpatrick17k_hf/images/img_4919.jpg,naevus,HAM_HAM_0006606,HAM10000,CC-BY-NC-4.0,
fitzpatrick17k_hf/images/img_4920.jpg,naevus,HAM_HAM_0002420,HAM10000,CC-BY-NC-4.0,
fitzpatrick17k_hf/images/img_4921.jpg,naevus,HAM_HAM_0007365,HAM10000,CC-BY-NC-4.0,
fitzpatrick17k_hf/images/img_4922.jpg,naevus,HAM_HAM_0001727,HAM10000,CC-BY-NC-4.0,
fitzpatrick17k_hf/images/img_4923.jpg,naevus,HAM_HAM_0003235,HAM10000,CC-BY-NC-4.0,
fitzpatrick17k_hf/images/img_4924.jpg,naevus,HAM_HAM_0003855,HAM10000,CC-BY-NC-4.0,
fitzpatrick17k_hf/images/img_4925.jpg,naevus,HAM_HAM_0005549,HAM10000,CC-BY-NC-4.0,
fitzpatrick17k_hf/images/img_4926.jpg,naevus,HAM_HAM_0000977,HAM10000,CC-BY-NC-4.0,
fitzpatrick17k_hf/images/img_4927.jpg,naevus,HAM_HAM_0006618,HAM10000,CC-BY-NC-4.0,
fitzpatrick17k_hf/images/img_4928.jpg,naevus,HAM_HAM_0006166,HAM10000,CC-BY-NC-4.0,
fitzpatrick17k_hf/images/img_4929.jpg,naevus,HAM_HAM_0004175,HAM10000,CC-BY-NC-4.0,
fitzpatrick17k_hf/images/img_4930.jpg,naevus,HAM_HAM_0005910,HAM10000,CC-BY-NC-4.0,
fitzpatrick17k_hf/images/img_4931.jpg,naevus,HAM_HAM_0004991,HAM10000,CC-BY-NC-4.0,
fitzpatrick17k_hf/images/img_4932.jpg,naevus,HAM_HAM_0002975,HAM10000,CC-BY-NC-4.0,
fitzpatrick17k_hf/images/img_4933.jpg,naevus,HAM_HAM_0003795,HAM10000,CC-BY-NC-4.0,
fitzpatrick17k_hf/images/img_4934.jpg,naevus,HAM_HAM_0004248,HAM10000,CC-BY-NC-4.0,
fitzpatrick17k_hf/images/img_4935.jpg,naevus,HAM_HAM_0001067,HAM10000,CC-BY-NC-4.0,
fitzpatrick17k_hf/images/img_4936.jpg,naevus,HAM_HAM_0003294,HAM10000,CC-BY-NC-4.0,
fitzpatrick17k_hf/images/img_4937.jpg,naevus,HAM_HAM_0003536,HAM10000,CC-BY-NC-4.0,
fitzpatrick17k_hf/images/img_4938.jpg,naevus,HAM_HAM_0003992,HAM10000,CC-BY-NC-4.0,
fitzpatrick17k_hf/images/img_4939.jpg,naevus,HAM_HAM_0007138,HAM10000,CC-BY-NC-4.0,
fitzpatrick17k_hf/images/img_4940.jpg,naevus,HAM_HAM_0003053,HAM10000,CC-BY-NC-4.0,
fitzpatrick17k_hf/images/img_4941.jpg,naevus,HAM_HAM_0001517,HAM10000,CC-BY-NC-4.0,
fitzpatrick17k_hf/images/img_4942.jpg,naevus,HAM_HAM_0001816,HAM10000,CC-BY-NC-4.0,
fitzpatrick17k_hf/images/img_4943.jpg,naevus,HAM_HAM_0002690,HAM10000,CC-BY-NC-4.0,
fitzpatrick17k_hf/images/img_4944.jpg,naevus,HAM_HAM_0006191,HAM10000,CC-BY-NC-4.0,
fitzpatrick17k_hf/images/img_4945.jpg,naevus,HAM_HAM_0006856,HAM10000,CC-BY-NC-4.0,
fitzpatrick17k_hf/images/img_4946.jpg,naevus,HAM_HAM_0001750,HAM10000,CC-BY-NC-4.0,
fitzpatrick17k_hf/images/img_4947.jpg,naevus,HAM_HAM_0001015,HAM10000,CC-BY-NC-4.0,
fitzpatrick17k_hf/images/img_4948.jpg,naevus,HAM_HAM_0007566,HAM10000,CC-BY-NC-4.0,
fitzpatrick17k_hf/images/img_4949.jpg,naevus,HAM_HAM_0000820,HAM10000,CC-BY-NC-4.0,
fitzpatrick17k_hf/images/img_4950.jpg,naevus,HAM_HAM_0004971,HAM10000,CC-BY-NC-4.0,
fitzpatrick17k_hf/images/img_4951.jpg,naevus,HAM_HAM_0005164,HAM10000,CC-BY-NC-4.0,
fitzpatrick17k_hf/images/img_4952.jpg,naevus,HAM_HAM_0004541,HAM10000,CC-BY-NC-4.0,
fitzpatrick17k_hf/images/img_4953.jpg,naevus,HAM_HAM_0004994,HAM10000,CC-BY-NC-4.0,
fitzpatrick17k_hf/images/img_4954.jpg,naevus,HAM_HAM_0007143,HAM10000,CC-BY-NC-4.0,
fitzpatrick17k_hf/images/img_4955.jpg,naevus,HAM_HAM_0002409,HAM10000,CC-BY-NC-4.0,
fitzpatrick17k_hf/images/img_4956.jpg,naevus,HAM_HAM_0003184,HAM10000,CC-BY-NC-4.0,
fitzpatrick17k_hf/images/img_4957.jpg,naevus,HAM_HAM_0001016,HAM10000,CC-BY-NC-4.0,
fitzpatrick17k_hf/images/img_4958.jpg,naevus,HAM_HAM_0004828,HAM10000,CC-BY-NC-4.0,
fitzpatrick17k_hf/images/img_4959.jpg,naevus,HAM_HAM_0005230,HAM10000,CC-BY-NC-4.0,
fitzpatrick17k_hf/images/img_4960.jpg,naevus,HAM_HAM_0003837,HAM10000,CC-BY-NC-4.0,
fitzpatrick17k_hf/images/img_4961.jpg,naevus,HAM_HAM_0007028,HAM10000,CC-BY-NC-4.0,
fitzpatrick17k_hf/images/img_4962.jpg,naevus,HAM_HAM_0000800,HAM10000,CC-BY-NC-4.0,
fitzpatrick17k_hf/images/img_4963.jpg,naevus,HAM_HAM_0001047,HAM10000,CC-BY-NC-4.0,
fitzpatrick17k_hf/images/img_4964.jpg,naevus,HAM_HAM_0005201,HAM10000,CC-BY-NC-4.0,
fitzpatrick17k_hf/images/img_4965.jpg,naevus,HAM_HAM_0002107,HAM10000,CC-BY-NC-4.0,
fitzpatrick17k_hf/images/img_4966.jpg,naevus,HAM_HAM_0000336,HAM10000,CC-BY-NC-4.0,
fitzpatrick17k_hf/images/img_4967.jpg,naevus,HAM_HAM_0005621,HAM10000,CC-BY-NC-4.0,
fitzpatrick17k_hf/images/img_4968.jpg,naevus,HAM_HAM_0003382,HAM10000,CC-BY-NC-4.0,
fitzpatrick17k_hf/images/img_4969.jpg,naevus,HAM_HAM_0005651,HAM10000,CC-BY-NC-4.0,
fitzpatrick17k_hf/images/img_4970.jpg,naevus,HAM_HAM_0005800,HAM10000,CC-BY-NC-4.0,
fitzpatrick17k_hf/images/img_4971.jpg,naevus,HAM_HAM_0004600,HAM10000,CC-BY-NC-4.0,
fitzpatrick17k_hf/images/img_4972.jpg,naevus,HAM_HAM_0003169,HAM10000,CC-BY-NC-4.0,
fitzpatrick17k_hf/images/img_4973.jpg,naevus,HAM_HAM_0004450,HAM10000,CC-BY-NC-4.0,
fitzpatrick17k_hf/images/img_4974.jpg,naevus,HAM_HAM_0002283,HAM10000,CC-BY-NC-4.0,
fitzpatrick17k_hf/images/img_4975.jpg,naevus,HAM_HAM_0001381,HAM10000,CC-BY-NC-4.0,
fitzpatrick17k_hf/images/img_4976.jpg,naevus,HAM_HAM_0001190,HAM10000,CC-BY-NC-4.0,
fitzpatrick17k_hf/images/img_4977.jpg,naevus,HAM_HAM_0001702,HAM10000,CC-BY-NC-4.0,
fitzpatrick17k_hf/images/img_4978.jpg,naevus,HAM_HAM_0002492,HAM10000,CC-BY-NC-4.0,
fitzpatrick17k_hf/images/img_4979.jpg,naevus,HAM_HAM_0005858,HAM10000,CC-BY-NC-4.0,
fitzpatrick17k_hf/images/img_4980.jpg,naevus,HAM_HAM_0000486,HAM10000,CC-BY-NC-4.0,
fitzpatrick17k_hf/images/img_4981.jpg,naevus,HAM_HAM_0003372,HAM10000,CC-BY-NC-4.0,
fitzpatrick17k_hf/images/img_4982.jpg,naevus,HAM_HAM_0005914,HAM10000,CC-BY-NC-4.0,
fitzpatrick17k_hf/images/img_4983.jpg,naevus,HAM_HAM_0002995,HAM10000,CC-BY-NC-4.0,
fitzpatrick17k_hf/images/img_4984.jpg,naevus,HAM_HAM_0003838,HAM10000,CC-BY-NC-4.0,
fitzpatrick17k_hf/images/img_4985.jpg,naevus,HAM_HAM_0003004,HAM10000,CC-BY-NC-4.0,
fitzpatrick17k_hf/images/img_4986.jpg,naevus,HAM_HAM_0006600,HAM10000,CC-BY-NC-4.0,
fitzpatrick17k_hf/images/img_4987.jpg,naevus,HAM_HAM_0006335,HAM10000,CC-BY-NC-4.0,
fitzpatrick17k_hf/images/img_4988.jpg,naevus,HAM_HAM_0007556,HAM10000,CC-BY-NC-4.0,
fitzpatrick17k_hf/images/img_4989.jpg,naevus,HAM_HAM_0003639,HAM10000,CC-BY-NC-4.0,
fitzpatrick17k_hf/images/img_4990.jpg,naevus,HAM_HAM_0003567,HAM10000,CC-BY-NC-4.0,
fitzpatrick17k_hf/images/img_4991.jpg,naevus,HAM_HAM_0005659,HAM10000,CC-BY-NC-4.0,
fitzpatrick17k_hf/images/img_4992.jpg,naevus,HAM_HAM_0005426,HAM10000,CC-BY-NC-4.0,
fitzpatrick17k_hf/images/img_4993.jpg,naevus,HAM_HAM_0003269,HAM10000,CC-BY-NC-4.0,
fitzpatrick17k_hf/images/img_4994.jpg,naevus,HAM_HAM_0004399,HAM10000,CC-BY-NC-4.0,
fitzpatrick17k_hf/images/img_4995.jpg,naevus,HAM_HAM_0002891,HAM10000,CC-BY-NC-4.0,
fitzpatrick17k_hf/images/img_4996.jpg,naevus,HAM_HAM_0005698,HAM10000,CC-BY-NC-4.0,
fitzpatrick17k_hf/images/img_4997.jpg,naevus,HAM_HAM_0005281,HAM10000,CC-BY-NC-4.0,
fitzpatrick17k_hf/images/img_4998.jpg,naevus,HAM_HAM_0004996,HAM10000,CC-BY-NC-4.0,
fitzpatrick17k_hf/images/img_4999.jpg,naevus,HAM_HAM_0006136,HAM10000,CC-BY-NC-4.0,
fitzpatrick17k_hf/images/img_5000.jpg,naevus,HAM_HAM_0006058,HAM10000,CC-BY-NC-4.0,
fitzpatrick17k_hf/images/img_5001.jpg,naevus,HAM_HAM_0006448,HAM10000,CC-BY-NC-4.0,
fitzpatrick17k_hf/images/img_5002.jpg,naevus,HAM_HAM_0003349,HAM10000,CC-BY-NC-4.0,
fitzpatrick17k_hf/images/img_5003.jpg,naevus,HAM_HAM_0001141,HAM10000,CC-BY-NC-4.0,
fitzpatrick17k_hf/images/img_5004.jpg,naevus,HAM_HAM_0000964,HAM10000,CC-BY-NC-4.0,
fitzpatrick17k_hf/images/img_5005.jpg,naevus,HAM_HAM_0000507,HAM10000,CC-BY-NC-4.0,
fitzpatrick17k_hf/images/img_5006.jpg,naevus,HAM_HAM_0001382,HAM10000,CC-BY-NC-4.0,
fitzpatrick17k_hf/images/img_5007.jpg,naevus,HAM_HAM_0005730,HAM10000,CC-BY-NC-4.0,
fitzpatrick17k_hf/images/img_5008.jpg,naevus,HAM_HAM_0001149,HAM10000,CC-BY-NC-4.0,
fitzpatrick17k_hf/images/img_5009.jpg,naevus,HAM_HAM_0000680,HAM10000,CC-BY-NC-4.0,
fitzpatrick17k_hf/images/img_5010.jpg,naevus,HAM_HAM_0000789,HAM10000,CC-BY-NC-4.0,
fitzpatrick17k_hf/images/img_5011.jpg,naevus,HAM_HAM_0001572,HAM10000,CC-BY-NC-4.0,
fitzpatrick17k_hf/images/img_5012.jpg,naevus,HAM_HAM_0000514,HAM10000,CC-BY-NC-4.0,
fitzpatrick17k_hf/images/img_5013.jpg,naevus,HAM_HAM_0001336,HAM10000,CC-BY-NC-4.0,
fitzpatrick17k_hf/images/img_5014.jpg,naevus,HAM_HAM_0005377,HAM10000,CC-BY-NC-4.0,
fitzpatrick17k_hf/images/img_5015.jpg,naevus,HAM_HAM_0001689,HAM10000,CC-BY-NC-4.0,
fitzpatrick17k_hf/images/img_5016.jpg,naevus,HAM_HAM_0005218,HAM10000,CC-BY-NC-4.0,
fitzpatrick17k_hf/images/img_5017.jpg,naevus,HAM_HAM_0003890,HAM10000,CC-BY-NC-4.0,
fitzpatrick17k_hf/images/img_5018.jpg,naevus,HAM_HAM_0006690,HAM10000,CC-BY-NC-4.0,
fitzpatrick17k_hf/images/img_5019.jpg,naevus,HAM_HAM_0007340,HAM10000,CC-BY-NC-4.0,
fitzpatrick17k_hf/images/img_5020.jpg,naevus,HAM_HAM_0002370,HAM10000,CC-BY-NC-4.0,
fitzpatrick17k_hf/images/img_5021.jpg,naevus,HAM_HAM_0003109,HAM10000,CC-BY-NC-4.0,
fitzpatrick17k_hf/images/img_5022.jpg,naevus,HAM_HAM_0002486,HAM10000,CC-BY-NC-4.0,
fitzpatrick17k_hf/images/img_5023.jpg,naevus,HAM_HAM_0001333,HAM10000,CC-BY-NC-4.0,
fitzpatrick17k_hf/images/img_5024.jpg,naevus,HAM_HAM_0001066,HAM10000,CC-BY-NC-4.0,
fitzpatrick17k_hf/images/img_5025.jpg,naevus,HAM_HAM_0007187,HAM10000,CC-BY-NC-4.0,
fitzpatrick17k_hf/images/img_5026.jpg,naevus,HAM_HAM_0007116,HAM10000,CC-BY-NC-4.0,
fitzpatrick17k_hf/images/img_5027.jpg,naevus,HAM_HAM_0000660,HAM10000,CC-BY-NC-4.0,
fitzpatrick17k_hf/images/img_5028.jpg,naevus,HAM_HAM_0000166,HAM10000,CC-BY-NC-4.0,
fitzpatrick17k_hf/images/img_5029.jpg,naevus,HAM_HAM_0003875,HAM10000,CC-BY-NC-4.0,
fitzpatrick17k_hf/images/img_5030.jpg,naevus,HAM_HAM_0000786,HAM10000,CC-BY-NC-4.0,
fitzpatrick17k_hf/images/img_5031.jpg,naevus,HAM_HAM_0003127,HAM10000,CC-BY-NC-4.0,
fitzpatrick17k_hf/images/img_5032.jpg,naevus,HAM_HAM_0004974,HAM10000,CC-BY-NC-4.0,
fitzpatrick17k_hf/images/img_5033.jpg,naevus,HAM_HAM_0004007,HAM10000,CC-BY-NC-4.0,
fitzpatrick17k_hf/images/img_5034.jpg,naevus,HAM_HAM_0005561,HAM10000,CC-BY-NC-4.0,
fitzpatrick17k_hf/images/img_5035.jpg,naevus,HAM_HAM_0001322,HAM10000,CC-BY-NC-4.0,
fitzpatrick17k_hf/images/img_5036.jpg,naevus,HAM_HAM_0002423,HAM10000,CC-BY-NC-4.0,
fitzpatrick17k_hf/images/img_5037.jpg,naevus,HAM_HAM_0001849,HAM10000,CC-BY-NC-4.0,
fitzpatrick17k_hf/images/img_5038.jpg,naevus,HAM_HAM_0005202,HAM10000,CC-BY-NC-4.0,
fitzpatrick17k_hf/images/img_5039.jpg,naevus,HAM_HAM_0004819,HAM10000,CC-BY-NC-4.0,
fitzpatrick17k_hf/images/img_5040.jpg,naevus,HAM_HAM_0003100,HAM10000,CC-BY-NC-4.0,
fitzpatrick17k_hf/images/img_5041.jpg,naevus,HAM_HAM_0004608,HAM10000,CC-BY-NC-4.0,
fitzpatrick17k_hf/images/img_5042.jpg,naevus,HAM_HAM_0002187,HAM10000,CC-BY-NC-4.0,
fitzpatrick17k_hf/images/img_5043.jpg,naevus,HAM_HAM_0000762,HAM10000,CC-BY-NC-4.0,
fitzpatrick17k_hf/images/img_5044.jpg,naevus,HAM_HAM_0000674,HAM10000,CC-BY-NC-4.0,
fitzpatrick17k_hf/images/img_5045.jpg,naevus,HAM_HAM_0006611,HAM10000,CC-BY-NC-4.0,
fitzpatrick17k_hf/images/img_5046.jpg,naevus,HAM_HAM_0007338,HAM10000,CC-BY-NC-4.0,
fitzpatrick17k_hf/images/img_5047.jpg,naevus,HAM_HAM_0006409,HAM10000,CC-BY-NC-4.0,
fitzpatrick17k_hf/images/img_5048.jpg,naevus,HAM_HAM_0003155,HAM10000,CC-BY-NC-4.0,
fitzpatrick17k_hf/images/img_5049.jpg,naevus,HAM_HAM_0001194,HAM10000,CC-BY-NC-4.0,
fitzpatrick17k_hf/images/img_5050.jpg,naevus,HAM_HAM_0006352,HAM10000,CC-BY-NC-4.0,
fitzpatrick17k_hf/images/img_5051.jpg,naevus,HAM_HAM_0004151,HAM10000,CC-BY-NC-4.0,
fitzpatrick17k_hf/images/img_5052.jpg,naevus,HAM_HAM_0003253,HAM10000,CC-BY-NC-4.0,
fitzpatrick17k_hf/images/img_5053.jpg,naevus,HAM_HAM_0006296,HAM10000,CC-BY-NC-4.0,
fitzpatrick17k_hf/images/img_5054.jpg,naevus,HAM_HAM_0005664,HAM10000,CC-BY-NC-4.0,
fitzpatrick17k_hf/images/img_5055.jpg,naevus,HAM_HAM_0001584,HAM10000,CC-BY-NC-4.0,
fitzpatrick17k_hf/images/img_5056.jpg,naevus,HAM_HAM_0001054,HAM10000,CC-BY-NC-4.0,
fitzpatrick17k_hf/images/img_5057.jpg,naevus,HAM_HAM_0000672,HAM10000,CC-BY-NC-4.0,
fitzpatrick17k_hf/images/img_5058.jpg,naevus,HAM_HAM_0000629,HAM10000,CC-BY-NC-4.0,
fitzpatrick17k_hf/images/img_5059.jpg,naevus,HAM_HAM_0001705,HAM10000,CC-BY-NC-4.0,
fitzpatrick17k_hf/images/img_5060.jpg,naevus,HAM_HAM_0002248,HAM10000,CC-BY-NC-4.0,
fitzpatrick17k_hf/images/img_5061.jpg,naevus,HAM_HAM_0002321,HAM10000,CC-BY-NC-4.0,
fitzpatrick17k_hf/images/img_5062.jpg,naevus,HAM_HAM_0006441,HAM10000,CC-BY-NC-4.0,
fitzpatrick17k_hf/images/img_5063.jpg,naevus,HAM_HAM_0003246,HAM10000,CC-BY-NC-4.0,
fitzpatrick17k_hf/images/img_5064.jpg,naevus,HAM_HAM_0005221,HAM10000,CC-BY-NC-4.0,
fitzpatrick17k_hf/images/img_5065.jpg,naevus,HAM_HAM_0005598,HAM10000,CC-BY-NC-4.0,
fitzpatrick17k_hf/images/img_5066.jpg,naevus,HAM_HAM_0003942,HAM10000,CC-BY-NC-4.0,
fitzpatrick17k_hf/images/img_5067.jpg,naevus,HAM_HAM_0002905,HAM10000,CC-BY-NC-4.0,
fitzpatrick17k_hf/images/img_5068.jpg,naevus,HAM_HAM_0006364,HAM10000,CC-BY-NC-4.0,
fitzpatrick17k_hf/images/img_5069.jpg,naevus,HAM_HAM_0001393,HAM10000,CC-BY-NC-4.0,
fitzpatrick17k_hf/images/img_5070.jpg,naevus,HAM_HAM_0004311,HAM10000,CC-BY-NC-4.0,
fitzpatrick17k_hf/images/img_5071.jpg,naevus,HAM_HAM_0004857,HAM10000,CC-BY-NC-4.0,
fitzpatrick17k_hf/images/img_5072.jpg,naevus,HAM_HAM_0004040,HAM10000,CC-BY-NC-4.0,
fitzpatrick17k_hf/images/img_5073.jpg,naevus,HAM_HAM_0004929,HAM10000,CC-BY-NC-4.0,
fitzpatrick17k_hf/images/img_5074.jpg,naevus,HAM_HAM_0000068,HAM10000,CC-BY-NC-4.0,
fitzpatrick17k_hf/images/img_5075.jpg,naevus,HAM_HAM_0004170,HAM10000,CC-BY-NC-4.0,
fitzpatrick17k_hf/images/img_5076.jpg,naevus,HAM_HAM_0002340,HAM10000,CC-BY-NC-4.0,
fitzpatrick17k_hf/images/img_5077.jpg,naevus,HAM_HAM_0003246,HAM10000,CC-BY-NC-4.0,
fitzpatrick17k_hf/images/img_5078.jpg,naevus,HAM_HAM_0003481,HAM10000,CC-BY-NC-4.0,
fitzpatrick17k_hf/images/img_5079.jpg,naevus,HAM_HAM_0005822,HAM10000,CC-BY-NC-4.0,
fitzpatrick17k_hf/images/img_5080.jpg,naevus,HAM_HAM_0002296,HAM10000,CC-BY-NC-4.0,
fitzpatrick17k_hf/images/img_5081.jpg,naevus,HAM_HAM_0000244,HAM10000,CC-BY-NC-4.0,
fitzpatrick17k_hf/images/img_5082.jpg,naevus,HAM_HAM_0006292,HAM10000,CC-BY-NC-4.0,
fitzpatrick17k_hf/images/img_5083.jpg,naevus,HAM_HAM_0001185,HAM10000,CC-BY-NC-4.0,
fitzpatrick17k_hf/images/img_5084.jpg,naevus,HAM_HAM_0000134,HAM10000,CC-BY-NC-4.0,
fitzpatrick17k_hf/images/img_5085.jpg,naevus,HAM_HAM_0004067,HAM10000,CC-BY-NC-4.0,
fitzpatrick17k_hf/images/img_5086.jpg,naevus,HAM_HAM_0004160,HAM10000,CC-BY-NC-4.0,
fitzpatrick17k_hf/images/img_5087.jpg,naevus,HAM_HAM_0003792,HAM10000,CC-BY-NC-4.0,
fitzpatrick17k_hf/images/img_5088.jpg,naevus,HAM_HAM_0000096,HAM10000,CC-BY-NC-4.0,
fitzpatrick17k_hf/images/img_5089.jpg,naevus,HAM_HAM_0004380,HAM10000,CC-BY-NC-4.0,
fitzpatrick17k_hf/images/img_5090.jpg,naevus,HAM_HAM_0001774,HAM10000,CC-BY-NC-4.0,
fitzpatrick17k_hf/images/img_5091.jpg,naevus,HAM_HAM_0000678,HAM10000,CC-BY-NC-4.0,
fitzpatrick17k_hf/images/img_5092.jpg,naevus,HAM_HAM_0006225,HAM10000,CC-BY-NC-4.0,
fitzpatrick17k_hf/images/img_5093.jpg,naevus,HAM_HAM_0005147,HAM10000,CC-BY-NC-4.0,
fitzpatrick17k_hf/images/img_5094.jpg,naevus,HAM_HAM_0002945,HAM10000,CC-BY-NC-4.0,
fitzpatrick17k_hf/images/img_5095.jpg,naevus,HAM_HAM_0004808,HAM10000,CC-BY-NC-4.0,
fitzpatrick17k_hf/images/img_5096.jpg,naevus,HAM_HAM_0002888,HAM10000,CC-BY-NC-4.0,
fitzpatrick17k_hf/images/img_5097.jpg,naevus,HAM_HAM_0003552,HAM10000,CC-BY-NC-4.0,
fitzpatrick17k_hf/images/img_5098.jpg,naevus,HAM_HAM_0007467,HAM10000,CC-BY-NC-4.0,
fitzpatrick17k_hf/images/img_5099.jpg,naevus,HAM_HAM_0000180,HAM10000,CC-BY-NC-4.0,
fitzpatrick17k_hf/images/img_5100.jpg,naevus,HAM_HAM_0000911,HAM10000,CC-BY-NC-4.0,
fitzpatrick17k_hf/images/img_5101.jpg,naevus,HAM_HAM_0007430,HAM10000,CC-BY-NC-4.0,
fitzpatrick17k_hf/images/img_5102.jpg,naevus,HAM_HAM_0007389,HAM10000,CC-BY-NC-4.0,
fitzpatrick17k_hf/images/img_5103.jpg,naevus,HAM_HAM_0002832,HAM10000,CC-BY-NC-4.0,
fitzpatrick17k_hf/images/img_5104.jpg,naevus,HAM_HAM_0000476,HAM10000,CC-BY-NC-4.0,
fitzpatrick17k_hf/images/img_5105.jpg,naevus,HAM_HAM_0006685,HAM10000,CC-BY-NC-4.0,
fitzpatrick17k_hf/images/img_5106.jpg,naevus,HAM_HAM_0006672,HAM10000,CC-BY-NC-4.0,
fitzpatrick17k_hf/images/img_5107.jpg,naevus,HAM_HAM_0005019,HAM10000,CC-BY-NC-4.0,
fitzpatrick17k_hf/images/img_5108.jpg,naevus,HAM_HAM_0000333,HAM10000,CC-BY-NC-4.0,
fitzpatrick17k_hf/images/img_5109.jpg,naevus,HAM_HAM_0004798,HAM10000,CC-BY-NC-4.0,
fitzpatrick17k_hf/images/img_5110.jpg,naevus,HAM_HAM_0003221,HAM10000,CC-BY-NC-4.0,
fitzpatrick17k_hf/images/img_5111.jpg,naevus,HAM_HAM_0005047,HAM10000,CC-BY-NC-4.0,
fitzpatrick17k_hf/images/img_5112.jpg,naevus,HAM_HAM_0006337,HAM10000,CC-BY-NC-4.0,
fitzpatrick17k_hf/images/img_5113.jpg,naevus,HAM_HAM_0003820,HAM10000,CC-BY-NC-4.0,
fitzpatrick17k_hf/images/img_5114.jpg,naevus,HAM_HAM_0001233,HAM10000,CC-BY-NC-4.0,
fitzpatrick17k_hf/images/img_5115.jpg,naevus,HAM_HAM_0003964,HAM10000,CC-BY-NC-4.0,
fitzpatrick17k_hf/images/img_5116.jpg,naevus,HAM_HAM_0003883,HAM10000,CC-BY-NC-4.0,
fitzpatrick17k_hf/images/img_5117.jpg,naevus,HAM_HAM_0007231,HAM10000,CC-BY-NC-4.0,
fitzpatrick17k_hf/images/img_5118.jpg,naevus,HAM_HAM_0007062,HAM10000,CC-BY-NC-4.0,
fitzpatrick17k_hf/images/img_5119.jpg,naevus,HAM_HAM_0002341,HAM10000,CC-BY-NC-4.0,
fitzpatrick17k_hf/images/img_5120.jpg,naevus,HAM_HAM_0000444,HAM10000,CC-BY-NC-4.0,
fitzpatrick17k_hf/images/img_5121.jpg,naevus,HAM_HAM_0003932,HAM10000,CC-BY-NC-4.0,
fitzpatrick17k_hf/images/img_5122.jpg,naevus,HAM_HAM_0002081,HAM10000,CC-BY-NC-4.0,
fitzpatrick17k_hf/images/img_5123.jpg,naevus,HAM_HAM_0002368,HAM10000,CC-BY-NC-4.0,
fitzpatrick17k_hf/images/img_5124.jpg,naevus,HAM_HAM_0006050,HAM10000,CC-BY-NC-4.0,
fitzpatrick17k_hf/images/img_5125.jpg,naevus,HAM_HAM_0001626,HAM10000,CC-BY-NC-4.0,
fitzpatrick17k_hf/images/img_5126.jpg,naevus,HAM_HAM_0001193,HAM10000,CC-BY-NC-4.0,
fitzpatrick17k_hf/images/img_5127.jpg,naevus,HAM_HAM_0003918,HAM10000,CC-BY-NC-4.0,
fitzpatrick17k_hf/images/img_5128.jpg,naevus,HAM_HAM_0001436,HAM10000,CC-BY-NC-4.0,
fitzpatrick17k_hf/images/img_5129.jpg,naevus,HAM_HAM_0006985,HAM10000,CC-BY-NC-4.0,
fitzpatrick17k_hf/images/img_5130.jpg,naevus,HAM_HAM_0001632,HAM10000,CC-BY-NC-4.0,
fitzpatrick17k_hf/images/img_5131.jpg,naevus,HAM_HAM_0002829,HAM10000,CC-BY-NC-4.0,
fitzpatrick17k_hf/images/img_5132.jpg,naevus,HAM_HAM_0005416,HAM10000,CC-BY-NC-4.0,
fitzpatrick17k_hf/images/img_5133.jpg,naevus,HAM_HAM_0002048,HAM10000,CC-BY-NC-4.0,
fitzpatrick17k_hf/images/img_5134.jpg,naevus,HAM_HAM_0003355,HAM10000,CC-BY-NC-4.0,
fitzpatrick17k_hf/images/img_5135.jpg,naevus,HAM_HAM_0004646,HAM10000,CC-BY-NC-4.0,
fitzpatrick17k_hf/images/img_5136.jpg,naevus,HAM_HAM_0000016,HAM10000,CC-BY-NC-4.0,
fitzpatrick17k_hf/images/img_5137.jpg,naevus,HAM_HAM_0001410,HAM10000,CC-BY-NC-4.0,
fitzpatrick17k_hf/images/img_5138.jpg,naevus,HAM_HAM_0007319,HAM10000,CC-BY-NC-4.0,
fitzpatrick17k_hf/images/img_5139.jpg,naevus,HAM_HAM_0000500,HAM10000,CC-BY-NC-4.0,
fitzpatrick17k_hf/images/img_5140.jpg,naevus,HAM_HAM_0000697,HAM10000,CC-BY-NC-4.0,
fitzpatrick17k_hf/images/img_5141.jpg,naevus,HAM_HAM_0002545,HAM10000,CC-BY-NC-4.0,
fitzpatrick17k_hf/images/img_5142.jpg,naevus,HAM_HAM_0005908,HAM10000,CC-BY-NC-4.0,
fitzpatrick17k_hf/images/img_5143.jpg,naevus,HAM_HAM_0004755,HAM10000,CC-BY-NC-4.0,
fitzpatrick17k_hf/images/img_5144.jpg,naevus,HAM_HAM_0003816,HAM10000,CC-BY-NC-4.0,
fitzpatrick17k_hf/images/img_5145.jpg,naevus,HAM_HAM_0004124,HAM10000,CC-BY-NC-4.0,
fitzpatrick17k_hf/images/img_5146.jpg,naevus,HAM_HAM_0001426,HAM10000,CC-BY-NC-4.0,
fitzpatrick17k_hf/images/img_5147.jpg,naevus,HAM_HAM_0001571,HAM10000,CC-BY-NC-4.0,
fitzpatrick17k_hf/images/img_5148.jpg,naevus,HAM_HAM_0004689,HAM10000,CC-BY-NC-4.0,
fitzpatrick17k_hf/images/img_5149.jpg,naevus,HAM_HAM_0005507,HAM10000,CC-BY-NC-4.0,
fitzpatrick17k_hf/images/img_5150.jpg,naevus,HAM_HAM_0006514,HAM10000,CC-BY-NC-4.0,
fitzpatrick17k_hf/images/img_5151.jpg,naevus,HAM_HAM_0005090,HAM10000,CC-BY-NC-4.0,
fitzpatrick17k_hf/images/img_5152.jpg,naevus,HAM_HAM_0006161,HAM10000,CC-BY-NC-4.0,
fitzpatrick17k_hf/images/img_5153.jpg,naevus,HAM_HAM_0004666,HAM10000,CC-BY-NC-4.0,
fitzpatrick17k_hf/images/img_5154.jpg,naevus,HAM_HAM_0003147,HAM10000,CC-BY-NC-4.0,
fitzpatrick17k_hf/images/img_5155.jpg,naevus,HAM_HAM_0002049,HAM10000,CC-BY-NC-4.0,
fitzpatrick17k_hf/images/img_5156.jpg,naevus,HAM_HAM_0004179,HAM10000,CC-BY-NC-4.0,
fitzpatrick17k_hf/images/img_5157.jpg,naevus,HAM_HAM_0003292,HAM10000,CC-BY-NC-4.0,
fitzpatrick17k_hf/images/img_5158.jpg,naevus,HAM_HAM_0001381,HAM10000,CC-BY-NC-4.0,
fitzpatrick17k_hf/images/img_5159.jpg,naevus,HAM_HAM_0002806,HAM10000,CC-BY-NC-4.0,
fitzpatrick17k_hf/images/img_5160.jpg,naevus,HAM_HAM_0000594,HAM10000,CC-BY-NC-4.0,
fitzpatrick17k_hf/images/img_5161.jpg,naevus,HAM_HAM_0007300,HAM10000,CC-BY-NC-4.0,
fitzpatrick17k_hf/images/img_5162.jpg,naevus,HAM_HAM_0005595,HAM10000,CC-BY-NC-4.0,
fitzpatrick17k_hf/images/img_5163.jpg,naevus,HAM_HAM_0003126,HAM10000,CC-BY-NC-4.0,
fitzpatrick17k_hf/images/img_5164.jpg,naevus,HAM_HAM_0000277,HAM10000,CC-BY-NC-4.0,
fitzpatrick17k_hf/images/img_5165.jpg,naevus,HAM_HAM_0007491,HAM10000,CC-BY-NC-4.0,
fitzpatrick17k_hf/images/img_5166.jpg,naevus,HAM_HAM_0005454,HAM10000,CC-BY-NC-4.0,
fitzpatrick17k_hf/images/img_5167.jpg,naevus,HAM_HAM_0006275,HAM10000,CC-BY-NC-4.0,
fitzpatrick17k_hf/images/img_5168.jpg,naevus,HAM_HAM_0005611,HAM10000,CC-BY-NC-4.0,
fitzpatrick17k_hf/images/img_5169.jpg,naevus,HAM_HAM_0001872,HAM10000,CC-BY-NC-4.0,
fitzpatrick17k_hf/images/img_5170.jpg,naevus,HAM_HAM_0006393,HAM10000,CC-BY-NC-4.0,
fitzpatrick17k_hf/images/img_5171.jpg,naevus,HAM_HAM_0000965,HAM10000,CC-BY-NC-4.0,
fitzpatrick17k_hf/images/img_5172.jpg,naevus,HAM_HAM_0003415,HAM10000,CC-BY-NC-4.0,
fitzpatrick17k_hf/images/img_5173.jpg,naevus,HAM_HAM_0001895,HAM10000,CC-BY-NC-4.0,
fitzpatrick17k_hf/images/img_5174.jpg,naevus,HAM_HAM_0001911,HAM10000,CC-BY-NC-4.0,
fitzpatrick17k_hf/images/img_5175.jpg,naevus,HAM_HAM_0006749,HAM10000,CC-BY-NC-4.0,
fitzpatrick17k_hf/images/img_5176.jpg,naevus,HAM_HAM_0000188,HAM10000,CC-BY-NC-4.0,
fitzpatrick17k_hf/images/img_5177.jpg,naevus,HAM_HAM_0000849,HAM10000,CC-BY-NC-4.0,
fitzpatrick17k_hf/images/img_5178.jpg,naevus,HAM_HAM_0005510,HAM10000,CC-BY-NC-4.0,
fitzpatrick17k_hf/images/img_5179.jpg,naevus,HAM_HAM_0005877,HAM10000,CC-BY-NC-4.0,
fitzpatrick17k_hf/images/img_5180.jpg,naevus,HAM_HAM_0002247,HAM10000,CC-BY-NC-4.0,
fitzpatrick17k_hf/images/img_5181.jpg,naevus,HAM_HAM_0003477,HAM10000,CC-BY-NC-4.0,
fitzpatrick17k_hf/images/img_5182.jpg,naevus,HAM_HAM_0000604,HAM10000,CC-BY-NC-4.0,
fitzpatrick17k_hf/images/img_5183.jpg,naevus,HAM_HAM_0001162,HAM10000,CC-BY-NC-4.0,
fitzpatrick17k_hf/images/img_5184.jpg,naevus,HAM_HAM_0004886,HAM10000,CC-BY-NC-4.0,
fitzpatrick17k_hf/images/img_5185.jpg,naevus,HAM_HAM_0001507,HAM10000,CC-BY-NC-4.0,
fitzpatrick17k_hf/images/img_5186.jpg,naevus,HAM_HAM_0005633,HAM10000,CC-BY-NC-4.0,
fitzpatrick17k_hf/images/img_5187.jpg,naevus,HAM_HAM_0001923,HAM10000,CC-BY-NC-4.0,
fitzpatrick17k_hf/images/img_5188.jpg,naevus,HAM_HAM_0003615,HAM10000,CC-BY-NC-4.0,
fitzpatrick17k_hf/images/img_5189.jpg,naevus,HAM_HAM_0006747,HAM10000,CC-BY-NC-4.0,
fitzpatrick17k_hf/images/img_5190.jpg,naevus,HAM_HAM_0006695,HAM10000,CC-BY-NC-4.0,
fitzpatrick17k_hf/images/img_5191.jpg,naevus,HAM_HAM_0003226,HAM10000,CC-BY-NC-4.0,
fitzpatrick17k_hf/images/img_5192.jpg,naevus,HAM_HAM_0000831,HAM10000,CC-BY-NC-4.0,
fitzpatrick17k_hf/images/img_5193.jpg,naevus,HAM_HAM_0003492,HAM10000,CC-BY-NC-4.0,
fitzpatrick17k_hf/images/img_5194.jpg,naevus,HAM_HAM_0006331,HAM10000,CC-BY-NC-4.0,
fitzpatrick17k_hf/images/img_5195.jpg,naevus,HAM_HAM_0004996,HAM10000,CC-BY-NC-4.0,
fitzpatrick17k_hf/images/img_5196.jpg,naevus,HAM_HAM_0006758,HAM10000,CC-BY-NC-4.0,
fitzpatrick17k_hf/images/img_5197.jpg,naevus,HAM_HAM_0000503,HAM10000,CC-BY-NC-4.0,
fitzpatrick17k_hf/images/img_5198.jpg,naevus,HAM_HAM_0006477,HAM10000,CC-BY-NC-4.0,
fitzpatrick17k_hf/images/img_5199.jpg,naevus,HAM_HAM_0001367,HAM10000,CC-BY-NC-4.0,
fitzpatrick17k_hf/images/img_5200.jpg,naevus,HAM_HAM_0006012,HAM10000,CC-BY-NC-4.0,
fitzpatrick17k_hf/images/img_5201.jpg,naevus,HAM_HAM_0004315,HAM10000,CC-BY-NC-4.0,
fitzpatrick17k_hf/images/img_5202.jpg,naevus,HAM_HAM_0004529,HAM10000,CC-BY-NC-4.0,
fitzpatrick17k_hf/images/img_5203.jpg,naevus,HAM_HAM_0003666,HAM10000,CC-BY-NC-4.0,
fitzpatrick17k_hf/images/img_5204.jpg,naevus,HAM_HAM_0002708,HAM10000,CC-BY-NC-4.0,
fitzpatrick17k_hf/images/img_5205.jpg,naevus,HAM_HAM_0003720,HAM10000,CC-BY-NC-4.0,
fitzpatrick17k_hf/images/img_5206.jpg,naevus,HAM_HAM_0004095,HAM10000,CC-BY-NC-4.0,
fitzpatrick17k_hf/images/img_5207.jpg,naevus,HAM_HAM_0000306,HAM10000,CC-BY-NC-4.0,
fitzpatrick17k_hf/images/img_5208.jpg,naevus,HAM_HAM_0006747,HAM10000,CC-BY-NC-4.0,
fitzpatrick17k_hf/images/img_5209.jpg,naevus,HAM_HAM_0007599,HAM10000,CC-BY-NC-4.0,
fitzpatrick17k_hf/images/img_5210.jpg,naevus,HAM_HAM_0001783,HAM10000,CC-BY-NC-4.0,
fitzpatrick17k_hf/images/img_5211.jpg,naevus,HAM_HAM_0005085,HAM10000,CC-BY-NC-4.0,
fitzpatrick17k_hf/images/img_5212.jpg,naevus,HAM_HAM_0002786,HAM10000,CC-BY-NC-4.0,
fitzpatrick17k_hf/images/img_5213.jpg,naevus,HAM_HAM_0003132,HAM10000,CC-BY-NC-4.0,
fitzpatrick17k_hf/images/img_5214.jpg,naevus,HAM_HAM_0001977,HAM10000,CC-BY-NC-4.0,
fitzpatrick17k_hf/images/img_5215.jpg,naevus,HAM_HAM_0004353,HAM10000,CC-BY-NC-4.0,
fitzpatrick17k_hf/images/img_5216.jpg,naevus,HAM_HAM_0001691,HAM10000,CC-BY-NC-4.0,
fitzpatrick17k_hf/images/img_5217.jpg,naevus,HAM_HAM_0004750,HAM10000,CC-BY-NC-4.0,
fitzpatrick17k_hf/images/img_5218.jpg,naevus,HAM_HAM_0000975,HAM10000,CC-BY-NC-4.0,
fitzpatrick17k_hf/images/img_5219.jpg,naevus,HAM_HAM_0002470,HAM10000,CC-BY-NC-4.0,
fitzpatrick17k_hf/images/img_5220.jpg,naevus,HAM_HAM_0004538,HAM10000,CC-BY-NC-4.0,
fitzpatrick17k_hf/images/img_5221.jpg,naevus,HAM_HAM_0003632,HAM10000,CC-BY-NC-4.0,
fitzpatrick17k_hf/images/img_5222.jpg,naevus,HAM_HAM_0003905,HAM10000,CC-BY-NC-4.0,
fitzpatrick17k_hf/images/img_5223.jpg,naevus,HAM_HAM_0004719,HAM10000,CC-BY-NC-4.0,
fitzpatrick17k_hf/images/img_5224.jpg,naevus,HAM_HAM_0007385,HAM10000,CC-BY-NC-4.0,
fitzpatrick17k_hf/images/img_5225.jpg,naevus,HAM_HAM_0006674,HAM10000,CC-BY-NC-4.0,
fitzpatrick17k_hf/images/img_5226.jpg,naevus,HAM_HAM_0001059,HAM10000,CC-BY-NC-4.0,
fitzpatrick17k_hf/images/img_5227.jpg,naevus,HAM_HAM_0001873,HAM10000,CC-BY-NC-4.0,
fitzpatrick17k_hf/images/img_5228.jpg,naevus,HAM_HAM_0007048,HAM10000,CC-BY-NC-4.0,
fitzpatrick17k_hf/images/img_5229.jpg,naevus,HAM_HAM_0006276,HAM10000,CC-BY-NC-4.0,
fitzpatrick17k_hf/images/img_5230.jpg,naevus,HAM_HAM_0005450,HAM10000,CC-BY-NC-4.0,
fitzpatrick17k_hf/images/img_5231.jpg,naevus,HAM_HAM_0000715,HAM10000,CC-BY-NC-4.0,
fitzpatrick17k_hf/images/img_5232.jpg,naevus,HAM_HAM_0005226,HAM10000,CC-BY-NC-4.0,
fitzpatrick17k_hf/images/img_5233.jpg,naevus,HAM_HAM_0004295,HAM10000,CC-BY-NC-4.0,
fitzpatrick17k_hf/images/img_5234.jpg,naevus,HAM_HAM_0000580,HAM10000,CC-BY-NC-4.0,
fitzpatrick17k_hf/images/img_5235.jpg,naevus,HAM_HAM_0003564,HAM10000,CC-BY-NC-4.0,
fitzpatrick17k_hf/images/img_5236.jpg,naevus,HAM_HAM_0005941,HAM10000,CC-BY-NC-4.0,
fitzpatrick17k_hf/images/img_5237.jpg,naevus,HAM_HAM_0007476,HAM10000,CC-BY-NC-4.0,
fitzpatrick17k_hf/images/img_5238.jpg,naevus,HAM_HAM_0001508,HAM10000,CC-BY-NC-4.0,
fitzpatrick17k_hf/images/img_5239.jpg,naevus,HAM_HAM_0000071,HAM10000,CC-BY-NC-4.0,
fitzpatrick17k_hf/images/img_5240.jpg,naevus,HAM_HAM_0003914,HAM10000,CC-BY-NC-4.0,
fitzpatrick17k_hf/images/img_5241.jpg,naevus,HAM_HAM_0001180,HAM10000,CC-BY-NC-4.0,
fitzpatrick17k_hf/images/img_5242.jpg,naevus,HAM_HAM_0001955,HAM10000,CC-BY-NC-4.0,
fitzpatrick17k_hf/images/img_5243.jpg,naevus,HAM_HAM_0002459,HAM10000,CC-BY-NC-4.0,
fitzpatrick17k_hf/images/img_5244.jpg,naevus,HAM_HAM_0000897,HAM10000,CC-BY-NC-4.0,
fitzpatrick17k_hf/images/img_5245.jpg,naevus,HAM_HAM_0001127,HAM10000,CC-BY-NC-4.0,
fitzpatrick17k_hf/images/img_5246.jpg,naevus,HAM_HAM_0006701,HAM10000,CC-BY-NC-4.0,
fitzpatrick17k_hf/images/img_5247.jpg,naevus,HAM_HAM_0006502,HAM10000,CC-BY-NC-4.0,
fitzpatrick17k_hf/images/img_5248.jpg,naevus,HAM_HAM_0006041,HAM10000,CC-BY-NC-4.0,
fitzpatrick17k_hf/images/img_5249.jpg,naevus,HAM_HAM_0003959,HAM10000,CC-BY-NC-4.0,
fitzpatrick17k_hf/images/img_5250.jpg,naevus,HAM_HAM_0005629,HAM10000,CC-BY-NC-4.0,
fitzpatrick17k_hf/images/img_5251.jpg,naevus,HAM_HAM_0007162,HAM10000,CC-BY-NC-4.0,
fitzpatrick17k_hf/images/img_5252.jpg,naevus,HAM_HAM_0001371,HAM10000,CC-BY-NC-4.0,
fitzpatrick17k_hf/images/img_5253.jpg,naevus,HAM_HAM_0007380,HAM10000,CC-BY-NC-4.0,
fitzpatrick17k_hf/images/img_5254.jpg,naevus,HAM_HAM_0000026,HAM10000,CC-BY-NC-4.0,
fitzpatrick17k_hf/images/img_5255.jpg,naevus,HAM_HAM_0005081,HAM10000,CC-BY-NC-4.0,
fitzpatrick17k_hf/images/img_5256.jpg,naevus,HAM_HAM_0003163,HAM10000,CC-BY-NC-4.0,
fitzpatrick17k_hf/images/img_5257.jpg,naevus,HAM_HAM_0001169,HAM10000,CC-BY-NC-4.0,
fitzpatrick17k_hf/images/img_5258.jpg,naevus,HAM_HAM_0005768,HAM10000,CC-BY-NC-4.0,
fitzpatrick17k_hf/images/img_5259.jpg,naevus,HAM_HAM_0000798,HAM10000,CC-BY-NC-4.0,
fitzpatrick17k_hf/images/img_5260.jpg,naevus,HAM_HAM_0001946,HAM10000,CC-BY-NC-4.0,
fitzpatrick17k_hf/images/img_5261.jpg,naevus,HAM_HAM_0002881,HAM10000,CC-BY-NC-4.0,
fitzpatrick17k_hf/images/img_5262.jpg,naevus,HAM_HAM_0005119,HAM10000,CC-BY-NC-4.0,
fitzpatrick17k_hf/images/img_5263.jpg,naevus,HAM_HAM_0005863,HAM10000,CC-BY-NC-4.0,
fitzpatrick17k_hf/images/img_5264.jpg,naevus,HAM_HAM_0002141,HAM10000,CC-BY-NC-4.0,
fitzpatrick17k_hf/images/img_5265.jpg,naevus,HAM_HAM_0004638,HAM10000,CC-BY-NC-4.0,
fitzpatrick17k_hf/images/img_5266.jpg,naevus,HAM_HAM_0004625,HAM10000,CC-BY-NC-4.0,
fitzpatrick17k_hf/images/img_5267.jpg,naevus,HAM_HAM_0000256,HAM10000,CC-BY-NC-4.0,
fitzpatrick17k_hf/images/img_5268.jpg,naevus,HAM_HAM_0000012,HAM10000,CC-BY-NC-4.0,
fitzpatrick17k_hf/images/img_5269.jpg,naevus,HAM_HAM_0000771,HAM10000,CC-BY-NC-4.0,
fitzpatrick17k_hf/images/img_5270.jpg,naevus,HAM_HAM_0000151,HAM10000,CC-BY-NC-4.0,
fitzpatrick17k_hf/images/img_5271.jpg,naevus,HAM_HAM_0006224,HAM10000,CC-BY-NC-4.0,
fitzpatrick17k_hf/images/img_5272.jpg,naevus,HAM_HAM_0000269,HAM10000,CC-BY-NC-4.0,
fitzpatrick17k_hf/images/img_5273.jpg,naevus,HAM_HAM_0007069,HAM10000,CC-BY-NC-4.0,
fitzpatrick17k_hf/images/img_5274.jpg,naevus,HAM_HAM_0001767,HAM10000,CC-BY-NC-4.0,
fitzpatrick17k_hf/images/img_5275.jpg,naevus,HAM_HAM_0001137,HAM10000,CC-BY-NC-4.0,
fitzpatrick17k_hf/images/img_5276.jpg,naevus,HAM_HAM_0001182,HAM10000,CC-BY-NC-4.0,
fitzpatrick17k_hf/images/img_5277.jpg,naevus,HAM_HAM_0002635,HAM10000,CC-BY-NC-4.0,
fitzpatrick17k_hf/images/img_5278.jpg,naevus,HAM_HAM_0001068,HAM10000,CC-BY-NC-4.0,
fitzpatrick17k_hf/images/img_5279.jpg,naevus,HAM_HAM_0001342,HAM10000,CC-BY-NC-4.0,
fitzpatrick17k_hf/images/img_5280.jpg,naevus,HAM_HAM_0003304,HAM10000,CC-BY-NC-4.0,
fitzpatrick17k_hf/images/img_5281.jpg,naevus,HAM_HAM_0005522,HAM10000,CC-BY-NC-4.0,
fitzpatrick17k_hf/images/img_5282.jpg,naevus,HAM_HAM_0004505,HAM10000,CC-BY-NC-4.0,
fitzpatrick17k_hf/images/img_5283.jpg,naevus,HAM_HAM_0006738,HAM10000,CC-BY-NC-4.0,
fitzpatrick17k_hf/images/img_5284.jpg,naevus,HAM_HAM_0003012,HAM10000,CC-BY-NC-4.0,
fitzpatrick17k_hf/images/img_5285.jpg,naevus,HAM_HAM_0002637,HAM10000,CC-BY-NC-4.0,
fitzpatrick17k_hf/images/img_5286.jpg,naevus,HAM_HAM_0006973,HAM10000,CC-BY-NC-4.0,
fitzpatrick17k_hf/images/img_5287.jpg,naevus,HAM_HAM_0006620,HAM10000,CC-BY-NC-4.0,
fitzpatrick17k_hf/images/img_5288.jpg,naevus,HAM_HAM_0002781,HAM10000,CC-BY-NC-4.0,
fitzpatrick17k_hf/images/img_5289.jpg,naevus,HAM_HAM_0005171,HAM10000,CC-BY-NC-4.0,
fitzpatrick17k_hf/images/img_5290.jpg,naevus,HAM_HAM_0002681,HAM10000,CC-BY-NC-4.0,
fitzpatrick17k_hf/images/img_5291.jpg,naevus,HAM_HAM_0000275,HAM10000,CC-BY-NC-4.0,
fitzpatrick17k_hf/images/img_5292.jpg,naevus,HAM_HAM_0005344,HAM10000,CC-BY-NC-4.0,
fitzpatrick17k_hf/images/img_5293.jpg,naevus,HAM_HAM_0005187,HAM10000,CC-BY-NC-4.0,
fitzpatrick17k_hf/images/img_5294.jpg,naevus,HAM_HAM_0000711,HAM10000,CC-BY-NC-4.0,
fitzpatrick17k_hf/images/img_5295.jpg,naevus,HAM_HAM_0006144,HAM10000,CC-BY-NC-4.0,
fitzpatrick17k_hf/images/img_5296.jpg,naevus,HAM_HAM_0004575,HAM10000,CC-BY-NC-4.0,
fitzpatrick17k_hf/images/img_5297.jpg,naevus,HAM_HAM_0001701,HAM10000,CC-BY-NC-4.0,
fitzpatrick17k_hf/images/img_5298.jpg,naevus,HAM_HAM_0001755,HAM10000,CC-BY-NC-4.0,
fitzpatrick17k_hf/images/img_5299.jpg,naevus,HAM_HAM_0006958,HAM10000,CC-BY-NC-4.0,
fitzpatrick17k_hf/images/img_5300.jpg,naevus,HAM_HAM_0002101,HAM10000,CC-BY-NC-4.0,
fitzpatrick17k_hf/images/img_5301.jpg,naevus,HAM_HAM_0004059,HAM10000,CC-BY-NC-4.0,
fitzpatrick17k_hf/images/img_5302.jpg,naevus,HAM_HAM_0000369,HAM10000,CC-BY-NC-4.0,
fitzpatrick17k_hf/images/img_5303.jpg,naevus,HAM_HAM_0001009,HAM10000,CC-BY-NC-4.0,
fitzpatrick17k_hf/images/img_5304.jpg,naevus,HAM_HAM_0007579,HAM10000,CC-BY-NC-4.0,
fitzpatrick17k_hf/images/img_5305.jpg,naevus,HAM_HAM_0007506,HAM10000,CC-BY-NC-4.0,
fitzpatrick17k_hf/images/img_5306.jpg,naevus,HAM_HAM_0003394,HAM10000,CC-BY-NC-4.0,
fitzpatrick17k_hf/images/img_5307.jpg,naevus,HAM_HAM_0002116,HAM10000,CC-BY-NC-4.0,
fitzpatrick17k_hf/images/img_5308.jpg,naevus,HAM_HAM_0002122,HAM10000,CC-BY-NC-4.0,
fitzpatrick17k_hf/images/img_5309.jpg,naevus,HAM_HAM_0003677,HAM10000,CC-BY-NC-4.0,
fitzpatrick17k_hf/images/img_5310.jpg,naevus,HAM_HAM_0004286,HAM10000,CC-BY-NC-4.0,
fitzpatrick17k_hf/images/img_5311.jpg,naevus,HAM_HAM_0002866,HAM10000,CC-BY-NC-4.0,
fitzpatrick17k_hf/images/img_5312.jpg,naevus,HAM_HAM_0001422,HAM10000,CC-BY-NC-4.0,
fitzpatrick17k_hf/images/img_5313.jpg,naevus,HAM_HAM_0004504,HAM10000,CC-BY-NC-4.0,
fitzpatrick17k_hf/images/img_5314.jpg,naevus,HAM_HAM_0005455,HAM10000,CC-BY-NC-4.0,
fitzpatrick17k_hf/images/img_5315.jpg,naevus,HAM_HAM_0002469,HAM10000,CC-BY-NC-4.0,
fitzpatrick17k_hf/images/img_5316.jpg,naevus,HAM_HAM_0003203,HAM10000,CC-BY-NC-4.0,
fitzpatrick17k_hf/images/img_5317.jpg,naevus,HAM_HAM_0005866,HAM10000,CC-BY-NC-4.0,
fitzpatrick17k_hf/images/img_5318.jpg,naevus,HAM_HAM_0005177,HAM10000,CC-BY-NC-4.0,
fitzpatrick17k_hf/images/img_5319.jpg,naevus,HAM_HAM_0000297,HAM10000,CC-BY-NC-4.0,
fitzpatrick17k_hf/images/img_5320.jpg,naevus,HAM_HAM_0002250,HAM10000,CC-BY-NC-4.0,
fitzpatrick17k_hf/images/img_5321.jpg,naevus,HAM_HAM_0003291,HAM10000,CC-BY-NC-4.0,
fitzpatrick17k_hf/images/img_5322.jpg,naevus,HAM_HAM_0003794,HAM10000,CC-BY-NC-4.0,
fitzpatrick17k_hf/images/img_5323.jpg,naevus,HAM_HAM_0003327,HAM10000,CC-BY-NC-4.0,
fitzpatrick17k_hf/images/img_5324.jpg,naevus,HAM_HAM_0000167,HAM10000,CC-BY-NC-4.0,
fitzpatrick17k_hf/images/img_5325.jpg,naevus,HAM_HAM_0002480,HAM10000,CC-BY-NC-4.0,
fitzpatrick17k_hf/images/img_5326.jpg,naevus,HAM_HAM_0001445,HAM10000,CC-BY-NC-4.0,
fitzpatrick17k_hf/images/img_5327.jpg,naevus,HAM_HAM_0006062,HAM10000,CC-BY-NC-4.0,
fitzpatrick17k_hf/images/img_5328.jpg,naevus,HAM_HAM_0006786,HAM10000,CC-BY-NC-4.0,
fitzpatrick17k_hf/images/img_5329.jpg,naevus,HAM_HAM_0005235,HAM10000,CC-BY-NC-4.0,
fitzpatrick17k_hf/images/img_5330.jpg,naevus,HAM_HAM_0002738,HAM10000,CC-BY-NC-4.0,
fitzpatrick17k_hf/images/img_5331.jpg,naevus,HAM_HAM_0000829,HAM10000,CC-BY-NC-4.0,
fitzpatrick17k_hf/images/img_5332.jpg,naevus,HAM_HAM_0000500,HAM10000,CC-BY-NC-4.0,
fitzpatrick17k_hf/images/img_5333.jpg,naevus,HAM_HAM_0007175,HAM10000,CC-BY-NC-4.0,
fitzpatrick17k_hf/images/img_5334.jpg,naevus,HAM_HAM_0001128,HAM10000,CC-BY-NC-4.0,
fitzpatrick17k_hf/images/img_5335.jpg,naevus,HAM_HAM_0001368,HAM10000,CC-BY-NC-4.0,
fitzpatrick17k_hf/images/img_5336.jpg,naevus,HAM_HAM_0000749,HAM10000,CC-BY-NC-4.0,
fitzpatrick17k_hf/images/img_5337.jpg,naevus,HAM_HAM_0006263,HAM10000,CC-BY-NC-4.0,
fitzpatrick17k_hf/images/img_5338.jpg,naevus,HAM_HAM_0000957,HAM10000,CC-BY-NC-4.0,
fitzpatrick17k_hf/images/img_5339.jpg,naevus,HAM_HAM_0004239,HAM10000,CC-BY-NC-4.0,
fitzpatrick17k_hf/images/img_5340.jpg,naevus,HAM_HAM_0006981,HAM10000,CC-BY-NC-4.0,
fitzpatrick17k_hf/images/img_5341.jpg,naevus,HAM_HAM_0005429,HAM10000,CC-BY-NC-4.0,
fitzpatrick17k_hf/images/img_5342.jpg,naevus,HAM_HAM_0006977,HAM10000,CC-BY-NC-4.0,
fitzpatrick17k_hf/images/img_5343.jpg,naevus,HAM_HAM_0001846,HAM10000,CC-BY-NC-4.0,
fitzpatrick17k_hf/images/img_5344.jpg,naevus,HAM_HAM_0006884,HAM10000,CC-BY-NC-4.0,
fitzpatrick17k_hf/images/img_5345.jpg,naevus,HAM_HAM_0007344,HAM10000,CC-BY-NC-4.0,
fitzpatrick17k_hf/images/img_5346.jpg,naevus,HAM_HAM_0003704,HAM10000,CC-BY-NC-4.0,
fitzpatrick17k_hf/images/img_5347.jpg,naevus,HAM_HAM_0006323,HAM10000,CC-BY-NC-4.0,
fitzpatrick17k_hf/images/img_5348.jpg,naevus,HAM_HAM_0006762,HAM10000,CC-BY-NC-4.0,
fitzpatrick17k_hf/images/img_5349.jpg,naevus,HAM_HAM_0003976,HAM10000,CC-BY-NC-4.0,
fitzpatrick17k_hf/images/img_5350.jpg,naevus,HAM_HAM_0000073,HAM10000,CC-BY-NC-4.0,
fitzpatrick17k_hf/images/img_5351.jpg,naevus,HAM_HAM_0000205,HAM10000,CC-BY-NC-4.0,
fitzpatrick17k_hf/images/img_5352.jpg,naevus,HAM_HAM_0006397,HAM10000,CC-BY-NC-4.0,
fitzpatrick17k_hf/images/img_5353.jpg,naevus,HAM_HAM_0004069,HAM10000,CC-BY-NC-4.0,
fitzpatrick17k_hf/images/img_5354.jpg,naevus,HAM_HAM_0004168,HAM10000,CC-BY-NC-4.0,
fitzpatrick17k_hf/images/img_5355.jpg,naevus,HAM_HAM_0002937,HAM10000,CC-BY-NC-4.0,
fitzpatrick17k_hf/images/img_5356.jpg,naevus,HAM_HAM_0005175,HAM10000,CC-BY-NC-4.0,
fitzpatrick17k_hf/images/img_5357.jpg,naevus,HAM_HAM_0004421,HAM10000,CC-BY-NC-4.0,
fitzpatrick17k_hf/images/img_5358.jpg,naevus,HAM_HAM_0000211,HAM10000,CC-BY-NC-4.0,
fitzpatrick17k_hf/images/img_5359.jpg,naevus,HAM_HAM_0005296,HAM10000,CC-BY-NC-4.0,
fitzpatrick17k_hf/images/img_5360.jpg,naevus,HAM_HAM_0004457,HAM10000,CC-BY-NC-4.0,
fitzpatrick17k_hf/images/img_5361.jpg,naevus,HAM_HAM_0006582,HAM10000,CC-BY-NC-4.0,
fitzpatrick17k_hf/images/img_5362.jpg,naevus,HAM_HAM_0001623,HAM10000,CC-BY-NC-4.0,
fitzpatrick17k_hf/images/img_5363.jpg,naevus,HAM_HAM_0003721,HAM10000,CC-BY-NC-4.0,
fitzpatrick17k_hf/images/img_5364.jpg,naevus,HAM_HAM_0003663,HAM10000,CC-BY-NC-4.0,
fitzpatrick17k_hf/images/img_5365.jpg,naevus,HAM_HAM_0000735,HAM10000,CC-BY-NC-4.0,
fitzpatrick17k_hf/images/img_5366.jpg,naevus,HAM_HAM_0005761,HAM10000,CC-BY-NC-4.0,
fitzpatrick17k_hf/images/img_5367.jpg,naevus,HAM_HAM_0003486,HAM10000,CC-BY-NC-4.0,
fitzpatrick17k_hf/images/img_5368.jpg,naevus,HAM_HAM_0001448,HAM10000,CC-BY-NC-4.0,
fitzpatrick17k_hf/images/img_5369.jpg,naevus,HAM_HAM_0001300,HAM10000,CC-BY-NC-4.0,
fitzpatrick17k_hf/images/img_5370.jpg,naevus,HAM_HAM_0001356,HAM10000,CC-BY-NC-4.0,
fitzpatrick17k_hf/images/img_5371.jpg,naevus,HAM_HAM_0000397,HAM10000,CC-BY-NC-4.0,
fitzpatrick17k_hf/images/img_5372.jpg,naevus,HAM_HAM_0006894,HAM10000,CC-BY-NC-4.0,
fitzpatrick17k_hf/images/img_5373.jpg,naevus,HAM_HAM_0001715,HAM10000,CC-BY-NC-4.0,
fitzpatrick17k_hf/images/img_5374.jpg,naevus,HAM_HAM_0005497,HAM10000,CC-BY-NC-4.0,
fitzpatrick17k_hf/images/img_5375.jpg,naevus,HAM_HAM_0002783,HAM10000,CC-BY-NC-4.0,
fitzpatrick17k_hf/images/img_5376.jpg,naevus,HAM_HAM_0004966,HAM10000,CC-BY-NC-4.0,
fitzpatrick17k_hf/images/img_5377.jpg,naevus,HAM_HAM_0001364,HAM10000,CC-BY-NC-4.0,
fitzpatrick17k_hf/images/img_5378.jpg,naevus,HAM_HAM_0006627,HAM10000,CC-BY-NC-4.0,
fitzpatrick17k_hf/images/img_5379.jpg,naevus,HAM_HAM_0002547,HAM10000,CC-BY-NC-4.0,
fitzpatrick17k_hf/images/img_5380.jpg,naevus,HAM_HAM_0004031,HAM10000,CC-BY-NC-4.0,
fitzpatrick17k_hf/images/img_5381.jpg,naevus,HAM_HAM_0002249,HAM10000,CC-BY-NC-4.0,
fitzpatrick17k_hf/images/img_5382.jpg,naevus,HAM_HAM_0001663,HAM10000,CC-BY-NC-4.0,
fitzpatrick17k_hf/images/img_5383.jpg,naevus,HAM_HAM_0005134,HAM10000,CC-BY-NC-4.0,
fitzpatrick17k_hf/images/img_5384.jpg,naevus,HAM_HAM_0001061,HAM10000,CC-BY-NC-4.0,
fitzpatrick17k_hf/images/img_5385.jpg,naevus,HAM_HAM_0003707,HAM10000,CC-BY-NC-4.0,
fitzpatrick17k_hf/images/img_5386.jpg,naevus,HAM_HAM_0007034,HAM10000,CC-BY-NC-4.0,
fitzpatrick17k_hf/images/img_5387.jpg,naevus,HAM_HAM_0000267,HAM10000,CC-BY-NC-4.0,
fitzpatrick17k_hf/images/img_5388.jpg,naevus,HAM_HAM_0006314,HAM10000,CC-BY-NC-4.0,
fitzpatrick17k_hf/images/img_5389.jpg,naevus,HAM_HAM_0000854,HAM10000,CC-BY-NC-4.0,
fitzpatrick17k_hf/images/img_5390.jpg,naevus,HAM_HAM_0000664,HAM10000,CC-BY-NC-4.0,
fitzpatrick17k_hf/images/img_5391.jpg,naevus,HAM_HAM_0005223,HAM10000,CC-BY-NC-4.0,
fitzpatrick17k_hf/images/img_5392.jpg,naevus,HAM_HAM_0002147,HAM10000,CC-BY-NC-4.0,
fitzpatrick17k_hf/images/img_5393.jpg,naevus,HAM_HAM_0003516,HAM10000,CC-BY-NC-4.0,
fitzpatrick17k_hf/images/img_5394.jpg,naevus,HAM_HAM_0006388,HAM10000,CC-BY-NC-4.0,
fitzpatrick17k_hf/images/img_5395.jpg,naevus,HAM_HAM_0007419,HAM10000,CC-BY-NC-4.0,
fitzpatrick17k_hf/images/img_5396.jpg,naevus,HAM_HAM_0007013,HAM10000,CC-BY-NC-4.0,
fitzpatrick17k_hf/images/img_5397.jpg,naevus,HAM_HAM_0002394,HAM10000,CC-BY-NC-4.0,
fitzpatrick17k_hf/images/img_5398.jpg,naevus,HAM_HAM_0006640,HAM10000,CC-BY-NC-4.0,
fitzpatrick17k_hf/images/img_5399.jpg,naevus,HAM_HAM_0005477,HAM10000,CC-BY-NC-4.0,
fitzpatrick17k_hf/images/img_5400.jpg,naevus,HAM_HAM_0005048,HAM10000,CC-BY-NC-4.0,
fitzpatrick17k_hf/images/img_5401.jpg,naevus,HAM_HAM_0003958,HAM10000,CC-BY-NC-4.0,
fitzpatrick17k_hf/images/img_5402.jpg,naevus,HAM_HAM_0001831,HAM10000,CC-BY-NC-4.0,
fitzpatrick17k_hf/images/img_5403.jpg,naevus,HAM_HAM_0006129,HAM10000,CC-BY-NC-4.0,
fitzpatrick17k_hf/images/img_5404.jpg,naevus,HAM_HAM_0005046,HAM10000,CC-BY-NC-4.0,
fitzpatrick17k_hf/images/img_5405.jpg,naevus,HAM_HAM_0001859,HAM10000,CC-BY-NC-4.0,
fitzpatrick17k_hf/images/img_5406.jpg,naevus,HAM_HAM_0004787,HAM10000,CC-BY-NC-4.0,
fitzpatrick17k_hf/images/img_5407.jpg,naevus,HAM_HAM_0005853,HAM10000,CC-BY-NC-4.0,
fitzpatrick17k_hf/images/img_5408.jpg,naevus,HAM_HAM_0006020,HAM10000,CC-BY-NC-4.0,
fitzpatrick17k_hf/images/img_5409.jpg,naevus,HAM_HAM_0000886,HAM10000,CC-BY-NC-4.0,
fitzpatrick17k_hf/images/img_5410.jpg,naevus,HAM_HAM_0003082,HAM10000,CC-BY-NC-4.0,
fitzpatrick17k_hf/images/img_5411.jpg,naevus,HAM_HAM_0000626,HAM10000,CC-BY-NC-4.0,
fitzpatrick17k_hf/images/img_5412.jpg,naevus,HAM_HAM_0003585,HAM10000,CC-BY-NC-4.0,
fitzpatrick17k_hf/images/img_5413.jpg,naevus,HAM_HAM_0007115,HAM10000,CC-BY-NC-4.0,
fitzpatrick17k_hf/images/img_5414.jpg,naevus,HAM_HAM_0003864,HAM10000,CC-BY-NC-4.0,
fitzpatrick17k_hf/images/img_5415.jpg,naevus,HAM_HAM_0003160,HAM10000,CC-BY-NC-4.0,
fitzpatrick17k_hf/images/img_5416.jpg,naevus,HAM_HAM_0004069,HAM10000,CC-BY-NC-4.0,
fitzpatrick17k_hf/images/img_5417.jpg,naevus,HAM_HAM_0002679,HAM10000,CC-BY-NC-4.0,
fitzpatrick17k_hf/images/img_5418.jpg,naevus,HAM_HAM_0006756,HAM10000,CC-BY-NC-4.0,
fitzpatrick17k_hf/images/img_5419.jpg,naevus,HAM_HAM_0004229,HAM10000,CC-BY-NC-4.0,
fitzpatrick17k_hf/images/img_5420.jpg,naevus,HAM_HAM_0003227,HAM10000,CC-BY-NC-4.0,
fitzpatrick17k_hf/images/img_5421.jpg,naevus,HAM_HAM_0007520,HAM10000,CC-BY-NC-4.0,
fitzpatrick17k_hf/images/img_5422.jpg,naevus,HAM_HAM_0007133,HAM10000,CC-BY-NC-4.0,
fitzpatrick17k_hf/images/img_5423.jpg,naevus,HAM_HAM_0000499,HAM10000,CC-BY-NC-4.0,
fitzpatrick17k_hf/images/img_5424.jpg,naevus,HAM_HAM_0001131,HAM10000,CC-BY-NC-4.0,
fitzpatrick17k_hf/images/img_5425.jpg,naevus,HAM_HAM_0001804,HAM10000,CC-BY-NC-4.0,
fitzpatrick17k_hf/images/img_5426.jpg,naevus,HAM_HAM_0005502,HAM10000,CC-BY-NC-4.0,
fitzpatrick17k_hf/images/img_5427.jpg,naevus,HAM_HAM_0003599,HAM10000,CC-BY-NC-4.0,
fitzpatrick17k_hf/images/img_5428.jpg,naevus,HAM_HAM_0000211,HAM10000,CC-BY-NC-4.0,
fitzpatrick17k_hf/images/img_5429.jpg,naevus,HAM_HAM_0000818,HAM10000,CC-BY-NC-4.0,
fitzpatrick17k_hf/images/img_5430.jpg,naevus,HAM_HAM_0006684,HAM10000,CC-BY-NC-4.0,
fitzpatrick17k_hf/images/img_5431.jpg,naevus,HAM_HAM_0006735,HAM10000,CC-BY-NC-4.0,
fitzpatrick17k_hf/images/img_5432.jpg,naevus,HAM_HAM_0002842,HAM10000,CC-BY-NC-4.0,
fitzpatrick17k_hf/images/img_5433.jpg,naevus,HAM_HAM_0005655,HAM10000,CC-BY-NC-4.0,
fitzpatrick17k_hf/images/img_5434.jpg,naevus,HAM_HAM_0002080,HAM10000,CC-BY-NC-4.0,
fitzpatrick17k_hf/images/img_5435.jpg,naevus,HAM_HAM_0004800,HAM10000,CC-BY-NC-4.0,
fitzpatrick17k_hf/images/img_5436.jpg,naevus,HAM_HAM_0007132,HAM10000,CC-BY-NC-4.0,
fitzpatrick17k_hf/images/img_5437.jpg,naevus,HAM_HAM_0004276,HAM10000,CC-BY-NC-4.0,
fitzpatrick17k_hf/images/img_5438.jpg,naevus,HAM_HAM_0004433,HAM10000,CC-BY-NC-4.0,
fitzpatrick17k_hf/images/img_5439.jpg,naevus,HAM_HAM_0006489,HAM10000,CC-BY-NC-4.0,
fitzpatrick17k_hf/images/img_5440.jpg,naevus,HAM_HAM_0004292,HAM10000,CC-BY-NC-4.0,
fitzpatrick17k_hf/images/img_5441.jpg,naevus,HAM_HAM_0002564,HAM10000,CC-BY-NC-4.0,
fitzpatrick17k_hf/images/img_5442.jpg,naevus,HAM_HAM_0004227,HAM10000,CC-BY-NC-4.0,
fitzpatrick17k_hf/images/img_5443.jpg,naevus,HAM_HAM_0004019,HAM10000,CC-BY-NC-4.0,
fitzpatrick17k_hf/images/img_5444.jpg,naevus,HAM_HAM_0003170,HAM10000,CC-BY-NC-4.0,
fitzpatrick17k_hf/images/img_5445.jpg,naevus,HAM_HAM_0002302,HAM10000,CC-BY-NC-4.0,
fitzpatrick17k_hf/images/img_5446.jpg,naevus,HAM_HAM_0005485,HAM10000,CC-BY-NC-4.0,
fitzpatrick17k_hf/images/img_5447.jpg,naevus,HAM_HAM_0001220,HAM10000,CC-BY-NC-4.0,
fitzpatrick17k_hf/images/img_5448.jpg,naevus,HAM_HAM_0001807,HAM10000,CC-BY-NC-4.0,
fitzpatrick17k_hf/images/img_5449.jpg,naevus,HAM_HAM_0001543,HAM10000,CC-BY-NC-4.0,
fitzpatrick17k_hf/images/img_5450.jpg,naevus,HAM_HAM_0005284,HAM10000,CC-BY-NC-4.0,
fitzpatrick17k_hf/images/img_5451.jpg,naevus,HAM_HAM_0002675,HAM10000,CC-BY-NC-4.0,
fitzpatrick17k_hf/images/img_5452.jpg,naevus,HAM_HAM_0005451,HAM10000,CC-BY-NC-4.0,
fitzpatrick17k_hf/images/img_5453.jpg,naevus,HAM_HAM_0000225,HAM10000,CC-BY-NC-4.0,
fitzpatrick17k_hf/images/img_5454.jpg,naevus,HAM_HAM_0002674,HAM10000,CC-BY-NC-4.0,
fitzpatrick17k_hf/images/img_5455.jpg,naevus,HAM_HAM_0005099,HAM10000,CC-BY-NC-4.0,
fitzpatrick17k_hf/images/img_5456.jpg,naevus,HAM_HAM_0000586,HAM10000,CC-BY-NC-4.0,
fitzpatrick17k_hf/images/img_5457.jpg,naevus,HAM_HAM_0001329,HAM10000,CC-BY-NC-4.0,
fitzpatrick17k_hf/images/img_5458.jpg,naevus,HAM_HAM_0006738,HAM10000,CC-BY-NC-4.0,
fitzpatrick17k_hf/images/img_5459.jpg,naevus,HAM_HAM_0000312,HAM10000,CC-BY-NC-4.0,
fitzpatrick17k_hf/images/img_5460.jpg,naevus,HAM_HAM_0000395,HAM10000,CC-BY-NC-4.0,
fitzpatrick17k_hf/images/img_5461.jpg,naevus,HAM_HAM_0006694,HAM10000,CC-BY-NC-4.0,
fitzpatrick17k_hf/images/img_5462.jpg,naevus,HAM_HAM_0005593,HAM10000,CC-BY-NC-4.0,
fitzpatrick17k_hf/images/img_5463.jpg,naevus,HAM_HAM_0001699,HAM10000,CC-BY-NC-4.0,
fitzpatrick17k_hf/images/img_5464.jpg,naevus,HAM_HAM_0005298,HAM10000,CC-BY-NC-4.0,
fitzpatrick17k_hf/images/img_5465.jpg,naevus,HAM_HAM_0002039,HAM10000,CC-BY-NC-4.0,
fitzpatrick17k_hf/images/img_5466.jpg,naevus,HAM_HAM_0006754,HAM10000,CC-BY-NC-4.0,
fitzpatrick17k_hf/images/img_5467.jpg,naevus,HAM_HAM_0000347,HAM10000,CC-BY-NC-4.0,
fitzpatrick17k_hf/images/img_5468.jpg,naevus,HAM_HAM_0002645,HAM10000,CC-BY-NC-4.0,
fitzpatrick17k_hf/images/img_5469.jpg,naevus,HAM_HAM_0001142,HAM10000,CC-BY-NC-4.0,
fitzpatrick17k_hf/images/img_5470.jpg,naevus,HAM_HAM_0001902,HAM10000,CC-BY-NC-4.0,
fitzpatrick17k_hf/images/img_5471.jpg,naevus,HAM_HAM_0006016,HAM10000,CC-BY-NC-4.0,
fitzpatrick17k_hf/images/img_5472.jpg,naevus,HAM_HAM_0003754,HAM10000,CC-BY-NC-4.0,
fitzpatrick17k_hf/images/img_5473.jpg,naevus,HAM_HAM_0006880,HAM10000,CC-BY-NC-4.0,
fitzpatrick17k_hf/images/img_5474.jpg,naevus,HAM_HAM_0001825,HAM10000,CC-BY-NC-4.0,
fitzpatrick17k_hf/images/img_5475.jpg,naevus,HAM_HAM_0001314,HAM10000,CC-BY-NC-4.0,
fitzpatrick17k_hf/images/img_5476.jpg,naevus,HAM_HAM_0000567,HAM10000,CC-BY-NC-4.0,
fitzpatrick17k_hf/images/img_5477.jpg,naevus,HAM_HAM_0000366,HAM10000,CC-BY-NC-4.0,
fitzpatrick17k_hf/images/img_5478.jpg,naevus,HAM_HAM_0000583,HAM10000,CC-BY-NC-4.0,
fitzpatrick17k_hf/images/img_5479.jpg,naevus,HAM_HAM_0005754,HAM10000,CC-BY-NC-4.0,
fitzpatrick17k_hf/images/img_5480.jpg,naevus,HAM_HAM_0002443,HAM10000,CC-BY-NC-4.0,
fitzpatrick17k_hf/images/img_5481.jpg,naevus,HAM_HAM_0006369,HAM10000,CC-BY-NC-4.0,
fitzpatrick17k_hf/images/img_5482.jpg,naevus,HAM_HAM_0006976,HAM10000,CC-BY-NC-4.0,
fitzpatrick17k_hf/images/img_5483.jpg,naevus,HAM_HAM_0006455,HAM10000,CC-BY-NC-4.0,
fitzpatrick17k_hf/images/img_5484.jpg,naevus,HAM_HAM_0002880,HAM10000,CC-BY-NC-4.0,
fitzpatrick17k_hf/images/img_5485.jpg,naevus,HAM_HAM_0005503,HAM10000,CC-BY-NC-4.0,
fitzpatrick17k_hf/images/img_5486.jpg,naevus,HAM_HAM_0002305,HAM10000,CC-BY-NC-4.0,
fitzpatrick17k_hf/images/img_5487.jpg,naevus,HAM_HAM_0006590,HAM10000,CC-BY-NC-4.0,
fitzpatrick17k_hf/images/img_5488.jpg,naevus,HAM_HAM_0007377,HAM10000,CC-BY-NC-4.0,
fitzpatrick17k_hf/images/img_5489.jpg,naevus,HAM_HAM_0005183,HAM10000,CC-BY-NC-4.0,
fitzpatrick17k_hf/images/img_5490.jpg,naevus,HAM_HAM_0005671,HAM10000,CC-BY-NC-4.0,
fitzpatrick17k_hf/images/img_5491.jpg,naevus,HAM_HAM_0001787,HAM10000,CC-BY-NC-4.0,
fitzpatrick17k_hf/images/img_5492.jpg,naevus,HAM_HAM_0001425,HAM10000,CC-BY-NC-4.0,
fitzpatrick17k_hf/images/img_5493.jpg,naevus,HAM_HAM_0000824,HAM10000,CC-BY-NC-4.0,
fitzpatrick17k_hf/images/img_5494.jpg,naevus,HAM_HAM_0000617,HAM10000,CC-BY-NC-4.0,
fitzpatrick17k_hf/images/img_5495.jpg,naevus,HAM_HAM_0003745,HAM10000,CC-BY-NC-4.0,
fitzpatrick17k_hf/images/img_5496.jpg,naevus,HAM_HAM_0003972,HAM10000,CC-BY-NC-4.0,
fitzpatrick17k_hf/images/img_5497.jpg,naevus,HAM_HAM_0000774,HAM10000,CC-BY-NC-4.0,
fitzpatrick17k_hf/images/img_5498.jpg,naevus,HAM_HAM_0000899,HAM10000,CC-BY-NC-4.0,
fitzpatrick17k_hf/images/img_5499.jpg,naevus,HAM_HAM_0003763,HAM10000,CC-BY-NC-4.0,
fitzpatrick17k_hf/images/img_5500.jpg,naevus,HAM_HAM_0002068,HAM10000,CC-BY-NC-4.0,
fitzpatrick17k_hf/images/img_5501.jpg,naevus,HAM_HAM_0002544,HAM10000,CC-BY-NC-4.0,
fitzpatrick17k_hf/images/img_5502.jpg,naevus,HAM_HAM_0004438,HAM10000,CC-BY-NC-4.0,
fitzpatrick17k_hf/images/img_5503.jpg,naevus,HAM_HAM_0006494,HAM10000,CC-BY-NC-4.0,
fitzpatrick17k_hf/images/img_5504.jpg,naevus,HAM_HAM_0000098,HAM10000,CC-BY-NC-4.0,
fitzpatrick17k_hf/images/img_5505.jpg,naevus,HAM_HAM_0002802,HAM10000,CC-BY-NC-4.0,
fitzpatrick17k_hf/images/img_5506.jpg,naevus,HAM_HAM_0003545,HAM10000,CC-BY-NC-4.0,
fitzpatrick17k_hf/images/img_5507.jpg,naevus,HAM_HAM_0003692,HAM10000,CC-BY-NC-4.0,
fitzpatrick17k_hf/images/img_5508.jpg,naevus,HAM_HAM_0000230,HAM10000,CC-BY-NC-4.0,
fitzpatrick17k_hf/images/img_5509.jpg,naevus,HAM_HAM_0006212,HAM10000,CC-BY-NC-4.0,
fitzpatrick17k_hf/images/img_5510.jpg,naevus,HAM_HAM_0003338,HAM10000,CC-BY-NC-4.0,
fitzpatrick17k_hf/images/img_5511.jpg,naevus,HAM_HAM_0002440,HAM10000,CC-BY-NC-4.0,
fitzpatrick17k_hf/images/img_5512.jpg,naevus,HAM_HAM_0005284,HAM10000,CC-BY-NC-4.0,
fitzpatrick17k_hf/images/img_5513.jpg,naevus,HAM_HAM_0000929,HAM10000,CC-BY-NC-4.0,
fitzpatrick17k_hf/images/img_5514.jpg,naevus,HAM_HAM_0006155,HAM10000,CC-BY-NC-4.0,
fitzpatrick17k_hf/images/img_5515.jpg,naevus,HAM_HAM_0003008,HAM10000,CC-BY-NC-4.0,
fitzpatrick17k_hf/images/img_5516.jpg,naevus,HAM_HAM_0002907,HAM10000,CC-BY-NC-4.0,
fitzpatrick17k_hf/images/img_5517.jpg,naevus,HAM_HAM_0006356,HAM10000,CC-BY-NC-4.0,
fitzpatrick17k_hf/images/img_5518.jpg,naevus,HAM_HAM_0005750,HAM10000,CC-BY-NC-4.0,
fitzpatrick17k_hf/images/img_5519.jpg,naevus,HAM_HAM_0003537,HAM10000,CC-BY-NC-4.0,
fitzpatrick17k_hf/images/img_5520.jpg,naevus,HAM_HAM_0002120,HAM10000,CC-BY-NC-4.0,
fitzpatrick17k_hf/images/img_5521.jpg,naevus,HAM_HAM_0003088,HAM10000,CC-BY-NC-4.0,
fitzpatrick17k_hf/images/img_5522.jpg,naevus,HAM_HAM_0000515,HAM10000,CC-BY-NC-4.0,
fitzpatrick17k_hf/images/img_5523.jpg,naevus,HAM_HAM_0003637,HAM10000,CC-BY-NC-4.0,
fitzpatrick17k_hf/images/img_5524.jpg,naevus,HAM_HAM_0007352,HAM10000,CC-BY-NC-4.0,
fitzpatrick17k_hf/images/img_5525.jpg,naevus,HAM_HAM_0005367,HAM10000,CC-BY-NC-4.0,
fitzpatrick17k_hf/images/img_5526.jpg,naevus,HAM_HAM_0001137,HAM10000,CC-BY-NC-4.0,
fitzpatrick17k_hf/images/img_5527.jpg,naevus,HAM_HAM_0006260,HAM10000,CC-BY-NC-4.0,
fitzpatrick17k_hf/images/img_5528.jpg,naevus,HAM_HAM_0002395,HAM10000,CC-BY-NC-4.0,
fitzpatrick17k_hf/images/img_5529.jpg,naevus,HAM_HAM_0004786,HAM10000,CC-BY-NC-4.0,
fitzpatrick17k_hf/images/img_5530.jpg,naevus,HAM_HAM_0000028,HAM10000,CC-BY-NC-4.0,
fitzpatrick17k_hf/images/img_5531.jpg,naevus,HAM_HAM_0000389,HAM10000,CC-BY-NC-4.0,
fitzpatrick17k_hf/images/img_5532.jpg,naevus,HAM_HAM_0003221,HAM10000,CC-BY-NC-4.0,
fitzpatrick17k_hf/images/img_5533.jpg,naevus,HAM_HAM_0001288,HAM10000,CC-BY-NC-4.0,
fitzpatrick17k_hf/images/img_5534.jpg,naevus,HAM_HAM_0004314,HAM10000,CC-BY-NC-4.0,
fitzpatrick17k_hf/images/img_5535.jpg,naevus,HAM_HAM_0001765,HAM10000,CC-BY-NC-4.0,
fitzpatrick17k_hf/images/img_5536.jpg,naevus,HAM_HAM_0005948,HAM10000,CC-BY-NC-4.0,
fitzpatrick17k_hf/images/img_5537.jpg,naevus,HAM_HAM_0007587,HAM10000,CC-BY-NC-4.0,
fitzpatrick17k_hf/images/img_5538.jpg,naevus,HAM_HAM_0005739,HAM10000,CC-BY-NC-4.0,
fitzpatrick17k_hf/images/img_5539.jpg,naevus,HAM_HAM_0005348,HAM10000,CC-BY-NC-4.0,
fitzpatrick17k_hf/images/img_5540.jpg,naevus,HAM_HAM_0004023,HAM10000,CC-BY-NC-4.0,
fitzpatrick17k_hf/images/img_5541.jpg,naevus,HAM_HAM_0003734,HAM10000,CC-BY-NC-4.0,
fitzpatrick17k_hf/images/img_5542.jpg,naevus,HAM_HAM_0002479,HAM10000,CC-BY-NC-4.0,
fitzpatrick17k_hf/images/img_5543.jpg,naevus,HAM_HAM_0004107,HAM10000,CC-BY-NC-4.0,
fitzpatrick17k_hf/images/img_5544.jpg,naevus,HAM_HAM_0004656,HAM10000,CC-BY-NC-4.0,
fitzpatrick17k_hf/images/img_5545.jpg,naevus,HAM_HAM_0006805,HAM10000,CC-BY-NC-4.0,
fitzpatrick17k_hf/images/img_5546.jpg,naevus,HAM_HAM_0003340,HAM10000,CC-BY-NC-4.0,
fitzpatrick17k_hf/images/img_5547.jpg,naevus,HAM_HAM_0004393,HAM10000,CC-BY-NC-4.0,
fitzpatrick17k_hf/images/img_5548.jpg,naevus,HAM_HAM_0002432,HAM10000,CC-BY-NC-4.0,
fitzpatrick17k_hf/images/img_5549.jpg,naevus,HAM_HAM_0001189,HAM10000,CC-BY-NC-4.0,
fitzpatrick17k_hf/images/img_5550.jpg,naevus,HAM_HAM_0007120,HAM10000,CC-BY-NC-4.0,
fitzpatrick17k_hf/images/img_5551.jpg,naevus,HAM_HAM_0005468,HAM10000,CC-BY-NC-4.0,
fitzpatrick17k_hf/images/img_5552.jpg,naevus,HAM_HAM_0007058,HAM10000,CC-BY-NC-4.0,
fitzpatrick17k_hf/images/img_5553.jpg,naevus,HAM_HAM_0004136,HAM10000,CC-BY-NC-4.0,
fitzpatrick17k_hf/images/img_5554.jpg,naevus,HAM_HAM_0004822,HAM10000,CC-BY-NC-4.0,
fitzpatrick17k_hf/images/img_5555.jpg,naevus,HAM_HAM_0001684,HAM10000,CC-BY-NC-4.0,
fitzpatrick17k_hf/images/img_5556.jpg,naevus,HAM_HAM_0005250,HAM10000,CC-BY-NC-4.0,
fitzpatrick17k_hf/images/img_5557.jpg,naevus,HAM_HAM_0006734,HAM10000,CC-BY-NC-4.0,
fitzpatrick17k_hf/images/img_5558.jpg,naevus,HAM_HAM_0002737,HAM10000,CC-BY-NC-4.0,
fitzpatrick17k_hf/images/img_5559.jpg,naevus,HAM_HAM_0000860,HAM10000,CC-BY-NC-4.0,
fitzpatrick17k_hf/images/img_5560.jpg,naevus,HAM_HAM_0003404,HAM10000,CC-BY-NC-4.0,
fitzpatrick17k_hf/images/img_5561.jpg,naevus,HAM_HAM_0003517,HAM10000,CC-BY-NC-4.0,
fitzpatrick17k_hf/images/img_5562.jpg,naevus,HAM_HAM_0003995,HAM10000,CC-BY-NC-4.0,
fitzpatrick17k_hf/images/img_5563.jpg,naevus,HAM_HAM_0003702,HAM10000,CC-BY-NC-4.0,
fitzpatrick17k_hf/images/img_5564.jpg,naevus,HAM_HAM_0003940,HAM10000,CC-BY-NC-4.0,
fitzpatrick17k_hf/images/img_5565.jpg,naevus,HAM_HAM_0005851,HAM10000,CC-BY-NC-4.0,
fitzpatrick17k_hf/images/img_5566.jpg,naevus,HAM_HAM_0006204,HAM10000,CC-BY-NC-4.0,
fitzpatrick17k_hf/images/img_5567.jpg,naevus,HAM_HAM_0002380,HAM10000,CC-BY-NC-4.0,
fitzpatrick17k_hf/images/img_5568.jpg,naevus,HAM_HAM_0003540,HAM10000,CC-BY-NC-4.0,
fitzpatrick17k_hf/images/img_5569.jpg,naevus,HAM_HAM_0004014,HAM10000,CC-BY-NC-4.0,
fitzpatrick17k_hf/images/img_5570.jpg,naevus,HAM_HAM_0005318,HAM10000,CC-BY-NC-4.0,
fitzpatrick17k_hf/images/img_5571.jpg,naevus,HAM_HAM_0007457,HAM10000,CC-BY-NC-4.0,
fitzpatrick17k_hf/images/img_5572.jpg,naevus,HAM_HAM_0004485,HAM10000,CC-BY-NC-4.0,
fitzpatrick17k_hf/images/img_5573.jpg,naevus,HAM_HAM_0006537,HAM10000,CC-BY-NC-4.0,
fitzpatrick17k_hf/images/img_5574.jpg,naevus,HAM_HAM_0003074,HAM10000,CC-BY-NC-4.0,
fitzpatrick17k_hf/images/img_5575.jpg,naevus,HAM_HAM_0003572,HAM10000,CC-BY-NC-4.0,
fitzpatrick17k_hf/images/img_5576.jpg,naevus,HAM_HAM_0001577,HAM10000,CC-BY-NC-4.0,
fitzpatrick17k_hf/images/img_5577.jpg,naevus,HAM_HAM_0005707,HAM10000,CC-BY-NC-4.0,
fitzpatrick17k_hf/images/img_5578.jpg,naevus,HAM_HAM_0006332,HAM10000,CC-BY-NC-4.0,
fitzpatrick17k_hf/images/img_5579.jpg,naevus,HAM_HAM_0003475,HAM10000,CC-BY-NC-4.0,
fitzpatrick17k_hf/images/img_5580.jpg,naevus,HAM_HAM_0005159,HAM10000,CC-BY-NC-4.0,
fitzpatrick17k_hf/images/img_5581.jpg,naevus,HAM_HAM_0006510,HAM10000,CC-BY-NC-4.0,
fitzpatrick17k_hf/images/img_5582.jpg,naevus,HAM_HAM_0006992,HAM10000,CC-BY-NC-4.0,
fitzpatrick17k_hf/images/img_5583.jpg,naevus,HAM_HAM_0000325,HAM10000,CC-BY-NC-4.0,
fitzpatrick17k_hf/images/img_5584.jpg,naevus,HAM_HAM_0006664,HAM10000,CC-BY-NC-4.0,
fitzpatrick17k_hf/images/img_5585.jpg,naevus,HAM_HAM_0004454,HAM10000,CC-BY-NC-4.0,
fitzpatrick17k_hf/images/img_5586.jpg,naevus,HAM_HAM_0001512,HAM10000,CC-BY-NC-4.0,
fitzpatrick17k_hf/images/img_5587.jpg,naevus,HAM_HAM_0002364,HAM10000,CC-BY-NC-4.0,
fitzpatrick17k_hf/images/img_5588.jpg,naevus,HAM_HAM_0006865,HAM10000,CC-BY-NC-4.0,
fitzpatrick17k_hf/images/img_5589.jpg,naevus,HAM_HAM_0002999,HAM10000,CC-BY-NC-4.0,
fitzpatrick17k_hf/images/img_5590.jpg,naevus,HAM_HAM_0000892,HAM10000,CC-BY-NC-4.0,
fitzpatrick17k_hf/images/img_5591.jpg,naevus,HAM_HAM_0002484,HAM10000,CC-BY-NC-4.0,
fitzpatrick17k_hf/images/img_5592.jpg,naevus,HAM_HAM_0001993,HAM10000,CC-BY-NC-4.0,
fitzpatrick17k_hf/images/img_5593.jpg,naevus,HAM_HAM_0006714,HAM10000,CC-BY-NC-4.0,
fitzpatrick17k_hf/images/img_5594.jpg,naevus,HAM_HAM_0002444,HAM10000,CC-BY-NC-4.0,
fitzpatrick17k_hf/images/img_5595.jpg,naevus,HAM_HAM_0001485,HAM10000,CC-BY-NC-4.0,
fitzpatrick17k_hf/images/img_5596.jpg,naevus,HAM_HAM_0003933,HAM10000,CC-BY-NC-4.0,
fitzpatrick17k_hf/images/img_5597.jpg,naevus,HAM_HAM_0003958,HAM10000,CC-BY-NC-4.0,
fitzpatrick17k_hf/images/img_5598.jpg,naevus,HAM_HAM_0005965,HAM10000,CC-BY-NC-4.0,
fitzpatrick17k_hf/images/img_5599.jpg,naevus,HAM_HAM_0006910,HAM10000,CC-BY-NC-4.0,
fitzpatrick17k_hf/images/img_5600.jpg,naevus,HAM_HAM_0000804,HAM10000,CC-BY-NC-4.0,
fitzpatrick17k_hf/images/img_5601.jpg,naevus,HAM_HAM_0000276,HAM10000,CC-BY-NC-4.0,
fitzpatrick17k_hf/images/img_5602.jpg,naevus,HAM_HAM_0003828,HAM10000,CC-BY-NC-4.0,
fitzpatrick17k_hf/images/img_5603.jpg,naevus,HAM_HAM_0006761,HAM10000,CC-BY-NC-4.0,
fitzpatrick17k_hf/images/img_5604.jpg,naevus,HAM_HAM_0002128,HAM10000,CC-BY-NC-4.0,
fitzpatrick17k_hf/images/img_5605.jpg,naevus,HAM_HAM_0000008,HAM10000,CC-BY-NC-4.0,
fitzpatrick17k_hf/images/img_5606.jpg,naevus,HAM_HAM_0004995,HAM10000,CC-BY-NC-4.0,
fitzpatrick17k_hf/images/img_5607.jpg,naevus,HAM_HAM_0002151,HAM10000,CC-BY-NC-4.0,
fitzpatrick17k_hf/images/img_5608.jpg,naevus,HAM_HAM_0003529,HAM10000,CC-BY-NC-4.0,
fitzpatrick17k_hf/images/img_5609.jpg,naevus,HAM_HAM_0005824,HAM10000,CC-BY-NC-4.0,
fitzpatrick17k_hf/images/img_5610.jpg,naevus,HAM_HAM_0003527,HAM10000,CC-BY-NC-4.0,
fitzpatrick17k_hf/images/img_5611.jpg,naevus,HAM_HAM_0003584,HAM10000,CC-BY-NC-4.0,
fitzpatrick17k_hf/images/img_5612.jpg,naevus,HAM_HAM_0002286,HAM10000,CC-BY-NC-4.0,
fitzpatrick17k_hf/images/img_5613.jpg,naevus,HAM_HAM_0001329,HAM10000,CC-BY-NC-4.0,
fitzpatrick17k_hf/images/img_5614.jpg,naevus,HAM_HAM_0000217,HAM10000,CC-BY-NC-4.0,
fitzpatrick17k_hf/images/img_5615.jpg,naevus,HAM_HAM_0007440,HAM10000,CC-BY-NC-4.0,
fitzpatrick17k_hf/images/img_5616.jpg,naevus,HAM_HAM_0006382,HAM10000,CC-BY-NC-4.0,
fitzpatrick17k_hf/images/img_5617.jpg,naevus,HAM_HAM_0000638,HAM10000,CC-BY-NC-4.0,
fitzpatrick17k_hf/images/img_5618.jpg,naevus,HAM_HAM_0003217,HAM10000,CC-BY-NC-4.0,
fitzpatrick17k_hf/images/img_5619.jpg,naevus,HAM_HAM_0000052,HAM10000,CC-BY-NC-4.0,
fitzpatrick17k_hf/images/img_5620.jpg,naevus,HAM_HAM_0006511,HAM10000,CC-BY-NC-4.0,
fitzpatrick17k_hf/images/img_5621.jpg,naevus,HAM_HAM_0006397,HAM10000,CC-BY-NC-4.0,
fitzpatrick17k_hf/images/img_5622.jpg,naevus,HAM_HAM_0004777,HAM10000,CC-BY-NC-4.0,
fitzpatrick17k_hf/images/img_5623.jpg,naevus,HAM_HAM_0001352,HAM10000,CC-BY-NC-4.0,
fitzpatrick17k_hf/images/img_5624.jpg,naevus,HAM_HAM_0004324,HAM10000,CC-BY-NC-4.0,
fitzpatrick17k_hf/images/img_5625.jpg,naevus,HAM_HAM_0006022,HAM10000,CC-BY-NC-4.0,
fitzpatrick17k_hf/images/img_5626.jpg,naevus,HAM_HAM_0001102,HAM10000,CC-BY-NC-4.0,
fitzpatrick17k_hf/images/img_5627.jpg,naevus,HAM_HAM_0007079,HAM10000,CC-BY-NC-4.0,
fitzpatrick17k_hf/images/img_5628.jpg,naevus,HAM_HAM_0006420,HAM10000,CC-BY-NC-4.0,
fitzpatrick17k_hf/images/img_5629.jpg,naevus,HAM_HAM_0001644,HAM10000,CC-BY-NC-4.0,
fitzpatrick17k_hf/images/img_5630.jpg,naevus,HAM_HAM_0003285,HAM10000,CC-BY-NC-4.0,
fitzpatrick17k_hf/images/img_5631.jpg,naevus,HAM_HAM_0001646,HAM10000,CC-BY-NC-4.0,
fitzpatrick17k_hf/images/img_5632.jpg,naevus,HAM_HAM_0006045,HAM10000,CC-BY-NC-4.0,
fitzpatrick17k_hf/images/img_5633.jpg,naevus,HAM_HAM_0000647,HAM10000,CC-BY-NC-4.0,
fitzpatrick17k_hf/images/img_5634.jpg,naevus,HAM_HAM_0001222,HAM10000,CC-BY-NC-4.0,
fitzpatrick17k_hf/images/img_5635.jpg,naevus,HAM_HAM_0000170,HAM10000,CC-BY-NC-4.0,
fitzpatrick17k_hf/images/img_5636.jpg,naevus,HAM_HAM_0004475,HAM10000,CC-BY-NC-4.0,
fitzpatrick17k_hf/images/img_5637.jpg,naevus,HAM_HAM_0002453,HAM10000,CC-BY-NC-4.0,
fitzpatrick17k_hf/images/img_5638.jpg,naevus,HAM_HAM_0007121,HAM10000,CC-BY-NC-4.0,
fitzpatrick17k_hf/images/img_5639.jpg,naevus,HAM_HAM_0000870,HAM10000,CC-BY-NC-4.0,
fitzpatrick17k_hf/images/img_5640.jpg,naevus,HAM_HAM_0004061,HAM10000,CC-BY-NC-4.0,
fitzpatrick17k_hf/images/img_5641.jpg,naevus,HAM_HAM_0004030,HAM10000,CC-BY-NC-4.0,
fitzpatrick17k_hf/images/img_5642.jpg,naevus,HAM_HAM_0001179,HAM10000,CC-BY-NC-4.0,
fitzpatrick17k_hf/images/img_5643.jpg,naevus,HAM_HAM_0006317,HAM10000,CC-BY-NC-4.0,
fitzpatrick17k_hf/images/img_5644.jpg,naevus,HAM_HAM_0002593,HAM10000,CC-BY-NC-4.0,
fitzpatrick17k_hf/images/img_5645.jpg,naevus,HAM_HAM_0000575,HAM10000,CC-BY-NC-4.0,
fitzpatrick17k_hf/images/img_5646.jpg,naevus,HAM_HAM_0001895,HAM10000,CC-BY-NC-4.0,
fitzpatrick17k_hf/images/img_5647.jpg,naevus,HAM_HAM_0001557,HAM10000,CC-BY-NC-4.0,
fitzpatrick17k_hf/images/img_5648.jpg,naevus,HAM_HAM_0007297,HAM10000,CC-BY-NC-4.0,
fitzpatrick17k_hf/images/img_5649.jpg,naevus,HAM_HAM_0001089,HAM10000,CC-BY-NC-4.0,
fitzpatrick17k_hf/images/img_5650.jpg,naevus,HAM_HAM_0003211,HAM10000,CC-BY-NC-4.0,
fitzpatrick17k_hf/images/img_5651.jpg,naevus,HAM_HAM_0002632,HAM10000,CC-BY-NC-4.0,
fitzpatrick17k_hf/images/img_5652.jpg,naevus,HAM_HAM_0006119,HAM10000,CC-BY-NC-4.0,
fitzpatrick17k_hf/images/img_5653.jpg,naevus,HAM_HAM_0000324,HAM10000,CC-BY-NC-4.0,
fitzpatrick17k_hf/images/img_5654.jpg,naevus,HAM_HAM_0001374,HAM10000,CC-BY-NC-4.0,
fitzpatrick17k_hf/images/img_5655.jpg,naevus,HAM_HAM_0001988,HAM10000,CC-BY-NC-4.0,
fitzpatrick17k_hf/images/img_5656.jpg,naevus,HAM_HAM_0002337,HAM10000,CC-BY-NC-4.0,
fitzpatrick17k_hf/images/img_5657.jpg,naevus,HAM_HAM_0000232,HAM10000,CC-BY-NC-4.0,
fitzpatrick17k_hf/images/img_5658.jpg,naevus,HAM_HAM_0002570,HAM10000,CC-BY-NC-4.0,
fitzpatrick17k_hf/images/img_5659.jpg,naevus,HAM_HAM_0002793,HAM10000,CC-BY-NC-4.0,
fitzpatrick17k_hf/images/img_5660.jpg,naevus,HAM_HAM_0000736,HAM10000,CC-BY-NC-4.0,
fitzpatrick17k_hf/images/img_5661.jpg,naevus,HAM_HAM_0003906,HAM10000,CC-BY-NC-4.0,
fitzpatrick17k_hf/images/img_5662.jpg,naevus,HAM_HAM_0005073,HAM10000,CC-BY-NC-4.0,
fitzpatrick17k_hf/images/img_5663.jpg,naevus,HAM_HAM_0005418,HAM10000,CC-BY-NC-4.0,
fitzpatrick17k_hf/images/img_5664.jpg,naevus,HAM_HAM_0007066,HAM10000,CC-BY-NC-4.0,
fitzpatrick17k_hf/images/img_5665.jpg,naevus,HAM_HAM_0001451,HAM10000,CC-BY-NC-4.0,
fitzpatrick17k_hf/images/img_5666.jpg,naevus,HAM_HAM_0000727,HAM10000,CC-BY-NC-4.0,
fitzpatrick17k_hf/images/img_5667.jpg,naevus,HAM_HAM_0007025,HAM10000,CC-BY-NC-4.0,
fitzpatrick17k_hf/images/img_5668.jpg,naevus,HAM_HAM_0006165,HAM10000,CC-BY-NC-4.0,
fitzpatrick17k_hf/images/img_5669.jpg,naevus,HAM_HAM_0001360,HAM10000,CC-BY-NC-4.0,
fitzpatrick17k_hf/images/img_5670.jpg,naevus,HAM_HAM_0003064,HAM10000,CC-BY-NC-4.0,
fitzpatrick17k_hf/images/img_5671.jpg,naevus,HAM_HAM_0006038,HAM10000,CC-BY-NC-4.0,
fitzpatrick17k_hf/images/img_5672.jpg,naevus,HAM_HAM_0005712,HAM10000,CC-BY-NC-4.0,
fitzpatrick17k_hf/images/img_5673.jpg,naevus,HAM_HAM_0004459,HAM10000,CC-BY-NC-4.0,
fitzpatrick17k_hf/images/img_5674.jpg,naevus,HAM_HAM_0002997,HAM10000,CC-BY-NC-4.0,
fitzpatrick17k_hf/images/img_5675.jpg,naevus,HAM_HAM_0002323,HAM10000,CC-BY-NC-4.0,
fitzpatrick17k_hf/images/img_5676.jpg,naevus,HAM_HAM_0003252,HAM10000,CC-BY-NC-4.0,
fitzpatrick17k_hf/images/img_5677.jpg,naevus,HAM_HAM_0006040,HAM10000,CC-BY-NC-4.0,
fitzpatrick17k_hf/images/img_5678.jpg,naevus,HAM_HAM_0004233,HAM10000,CC-BY-NC-4.0,
fitzpatrick17k_hf/images/img_5679.jpg,naevus,HAM_HAM_0000379,HAM10000,CC-BY-NC-4.0,
fitzpatrick17k_hf/images/img_5680.jpg,naevus,HAM_HAM_0005357,HAM10000,CC-BY-NC-4.0,
fitzpatrick17k_hf/images/img_5681.jpg,naevus,HAM_HAM_0005886,HAM10000,CC-BY-NC-4.0,
fitzpatrick17k_hf/images/img_5682.jpg,naevus,HAM_HAM_0006619,HAM10000,CC-BY-NC-4.0,
fitzpatrick17k_hf/images/img_5683.jpg,naevus,HAM_HAM_0004523,HAM10000,CC-BY-NC-4.0,
fitzpatrick17k_hf/images/img_5684.jpg,naevus,HAM_HAM_0004763,HAM10000,CC-BY-NC-4.0,
fitzpatrick17k_hf/images/img_5685.jpg,naevus,HAM_HAM_0006711,HAM10000,CC-BY-NC-4.0,
fitzpatrick17k_hf/images/img_5686.jpg,naevus,HAM_HAM_0005071,HAM10000,CC-BY-NC-4.0,
fitzpatrick17k_hf/images/img_5687.jpg,naevus,HAM_HAM_0002212,HAM10000,CC-BY-NC-4.0,
fitzpatrick17k_hf/images/img_5688.jpg,naevus,HAM_HAM_0000834,HAM10000,CC-BY-NC-4.0,
fitzpatrick17k_hf/images/img_5689.jpg,naevus,HAM_HAM_0002858,HAM10000,CC-BY-NC-4.0,
fitzpatrick17k_hf/images/img_5690.jpg,naevus,HAM_HAM_0002735,HAM10000,CC-BY-NC-4.0,
fitzpatrick17k_hf/images/img_5691.jpg,naevus,HAM_HAM_0005987,HAM10000,CC-BY-NC-4.0,
fitzpatrick17k_hf/images/img_5692.jpg,naevus,HAM_HAM_0007080,HAM10000,CC-BY-NC-4.0,
fitzpatrick17k_hf/images/img_5693.jpg,naevus,HAM_HAM_0004001,HAM10000,CC-BY-NC-4.0,
fitzpatrick17k_hf/images/img_5694.jpg,naevus,HAM_HAM_0000526,HAM10000,CC-BY-NC-4.0,
fitzpatrick17k_hf/images/img_5695.jpg,naevus,HAM_HAM_0005401,HAM10000,CC-BY-NC-4.0,
fitzpatrick17k_hf/images/img_5696.jpg,naevus,HAM_HAM_0001373,HAM10000,CC-BY-NC-4.0,
fitzpatrick17k_hf/images/img_5697.jpg,naevus,HAM_HAM_0004735,HAM10000,CC-BY-NC-4.0,
fitzpatrick17k_hf/images/img_5698.jpg,naevus,HAM_HAM_0001658,HAM10000,CC-BY-NC-4.0,
fitzpatrick17k_hf/images/img_5699.jpg,naevus,HAM_HAM_0007482,HAM10000,CC-BY-NC-4.0,
fitzpatrick17k_hf/images/img_5700.jpg,naevus,HAM_HAM_0003546,HAM10000,CC-BY-NC-4.0,
fitzpatrick17k_hf/images/img_5701.jpg,naevus,HAM_HAM_0006454,HAM10000,CC-BY-NC-4.0,
fitzpatrick17k_hf/images/img_5702.jpg,naevus,HAM_HAM_0000253,HAM10000,CC-BY-NC-4.0,
fitzpatrick17k_hf/images/img_5703.jpg,naevus,HAM_HAM_0001530,HAM10000,CC-BY-NC-4.0,
fitzpatrick17k_hf/images/img_5704.jpg,naevus,HAM_HAM_0003673,HAM10000,CC-BY-NC-4.0,
fitzpatrick17k_hf/images/img_5705.jpg,naevus,HAM_HAM_0002643,HAM10000,CC-BY-NC-4.0,
fitzpatrick17k_hf/images/img_5706.jpg,naevus,HAM_HAM_0002573,HAM10000,CC-BY-NC-4.0,
fitzpatrick17k_hf/images/img_5707.jpg,naevus,HAM_HAM_0003986,HAM10000,CC-BY-NC-4.0,
fitzpatrick17k_hf/images/img_5708.jpg,naevus,HAM_HAM_0002347,HAM10000,CC-BY-NC-4.0,
fitzpatrick17k_hf/images/img_5709.jpg,naevus,HAM_HAM_0001706,HAM10000,CC-BY-NC-4.0,
fitzpatrick17k_hf/images/img_5710.jpg,naevus,HAM_HAM_0001650,HAM10000,CC-BY-NC-4.0,
fitzpatrick17k_hf/images/img_5711.jpg,naevus,HAM_HAM_0003391,HAM10000,CC-BY-NC-4.0,
fitzpatrick17k_hf/images/img_5712.jpg,naevus,HAM_HAM_0002860,HAM10000,CC-BY-NC-4.0,
fitzpatrick17k_hf/images/img_5713.jpg,naevus,HAM_HAM_0004645,HAM10000,CC-BY-NC-4.0,
fitzpatrick17k_hf/images/img_5714.jpg,naevus,HAM_HAM_0005437,HAM10000,CC-BY-NC-4.0,
fitzpatrick17k_hf/images/img_5715.jpg,naevus,HAM_HAM_0007382,HAM10000,CC-BY-NC-4.0,
fitzpatrick17k_hf/images/img_5716.jpg,naevus,HAM_HAM_0002572,HAM10000,CC-BY-NC-4.0,
fitzpatrick17k_hf/images/img_5717.jpg,naevus,HAM_HAM_0002568,HAM10000,CC-BY-NC-4.0,
fitzpatrick17k_hf/images/img_5718.jpg,naevus,HAM_HAM_0001956,HAM10000,CC-BY-NC-4.0,
fitzpatrick17k_hf/images/img_5719.jpg,naevus,HAM_HAM_0001737,HAM10000,CC-BY-NC-4.0,
fitzpatrick17k_hf/images/img_5720.jpg,naevus,HAM_HAM_0003543,HAM10000,CC-BY-NC-4.0,
fitzpatrick17k_hf/images/img_5721.jpg,naevus,HAM_HAM_0000925,HAM10000,CC-BY-NC-4.0,
fitzpatrick17k_hf/images/img_5722.jpg,naevus,HAM_HAM_0004436,HAM10000,CC-BY-NC-4.0,
fitzpatrick17k_hf/images/img_5723.jpg,naevus,HAM_HAM_0002549,HAM10000,CC-BY-NC-4.0,
fitzpatrick17k_hf/images/img_5724.jpg,naevus,HAM_HAM_0001776,HAM10000,CC-BY-NC-4.0,
fitzpatrick17k_hf/images/img_5725.jpg,naevus,HAM_HAM_0006864,HAM10000,CC-BY-NC-4.0,
fitzpatrick17k_hf/images/img_5726.jpg,naevus,HAM_HAM_0001917,HAM10000,CC-BY-NC-4.0,
fitzpatrick17k_hf/images/img_5727.jpg,naevus,HAM_HAM_0003621,HAM10000,CC-BY-NC-4.0,
fitzpatrick17k_hf/images/img_5728.jpg,naevus,HAM_HAM_0007469,HAM10000,CC-BY-NC-4.0,
fitzpatrick17k_hf/images/img_5729.jpg,naevus,HAM_HAM_0001662,HAM10000,CC-BY-NC-4.0,
fitzpatrick17k_hf/images/img_5730.jpg,naevus,HAM_HAM_0003581,HAM10000,CC-BY-NC-4.0,
fitzpatrick17k_hf/images/img_5731.jpg,naevus,HAM_HAM_0003722,HAM10000,CC-BY-NC-4.0,
fitzpatrick17k_hf/images/img_5732.jpg,naevus,HAM_HAM_0000261,HAM10000,CC-BY-NC-4.0,
fitzpatrick17k_hf/images/img_5733.jpg,naevus,HAM_HAM_0001377,HAM10000,CC-BY-NC-4.0,
fitzpatrick17k_hf/images/img_5734.jpg,naevus,HAM_HAM_0006743,HAM10000,CC-BY-NC-4.0,
fitzpatrick17k_hf/images/img_5735.jpg,naevus,HAM_HAM_0001157,HAM10000,CC-BY-NC-4.0,
fitzpatrick17k_hf/images/img_5736.jpg,naevus,HAM_HAM_0005794,HAM10000,CC-BY-NC-4.0,
fitzpatrick17k_hf/images/img_5737.jpg,naevus,HAM_HAM_0005246,HAM10000,CC-BY-NC-4.0,
fitzpatrick17k_hf/images/img_5738.jpg,naevus,HAM_HAM_0000836,HAM10000,CC-BY-NC-4.0,
fitzpatrick17k_hf/images/img_5739.jpg,naevus,HAM_HAM_0006048,HAM10000,CC-BY-NC-4.0,
fitzpatrick17k_hf/images/img_5740.jpg,naevus,HAM_HAM_0001817,HAM10000,CC-BY-NC-4.0,
fitzpatrick17k_hf/images/img_5741.jpg,naevus,HAM_HAM_0007089,HAM10000,CC-BY-NC-4.0,
fitzpatrick17k_hf/images/img_5742.jpg,naevus,HAM_HAM_0005322,HAM10000,CC-BY-NC-4.0,
fitzpatrick17k_hf/images/img_5743.jpg,naevus,HAM_HAM_0004833,HAM10000,CC-BY-NC-4.0,
fitzpatrick17k_hf/images/img_5744.jpg,naevus,HAM_HAM_0002883,HAM10000,CC-BY-NC-4.0,
fitzpatrick17k_hf/images/img_5745.jpg,naevus,HAM_HAM_0005384,HAM10000,CC-BY-NC-4.0,
fitzpatrick17k_hf/images/img_5746.jpg,naevus,HAM_HAM_0000140,HAM10000,CC-BY-NC-4.0,
fitzpatrick17k_hf/images/img_5747.jpg,naevus,HAM_HAM_0003563,HAM10000,CC-BY-NC-4.0,
fitzpatrick17k_hf/images/img_5748.jpg,naevus,HAM_HAM_0003828,HAM10000,CC-BY-NC-4.0,
fitzpatrick17k_hf/images/img_5749.jpg,naevus,HAM_HAM_0005796,HAM10000,CC-BY-NC-4.0,
fitzpatrick17k_hf/images/img_5750.jpg,naevus,HAM_HAM_0003241,HAM10000,CC-BY-NC-4.0,
fitzpatrick17k_hf/images/img_5751.jpg,naevus,HAM_HAM_0004616,HAM10000,CC-BY-NC-4.0,
fitzpatrick17k_hf/images/img_5752.jpg,naevus,HAM_HAM_0000012,HAM10000,CC-BY-NC-4.0,
fitzpatrick17k_hf/images/img_5753.jpg,naevus,HAM_HAM_0000229,HAM10000,CC-BY-NC-4.0,
fitzpatrick17k_hf/images/img_5754.jpg,naevus,HAM_HAM_0006248,HAM10000,CC-BY-NC-4.0,
fitzpatrick17k_hf/images/img_5755.jpg,naevus,HAM_HAM_0005756,HAM10000,CC-BY-NC-4.0,
fitzpatrick17k_hf/images/img_5756.jpg,naevus,HAM_HAM_0005829,HAM10000,CC-BY-NC-4.0,
fitzpatrick17k_hf/images/img_5757.jpg,naevus,HAM_HAM_0002000,HAM10000,CC-BY-NC-4.0,
fitzpatrick17k_hf/images/img_5758.jpg,naevus,HAM_HAM_0000275,HAM10000,CC-BY-NC-4.0,
fitzpatrick17k_hf/images/img_5759.jpg,naevus,HAM_HAM_0007487,HAM10000,CC-BY-NC-4.0,
fitzpatrick17k_hf/images/img_5760.jpg,naevus,HAM_HAM_0003975,HAM10000,CC-BY-NC-4.0,
fitzpatrick17k_hf/images/img_5761.jpg,naevus,HAM_HAM_0000474,HAM10000,CC-BY-NC-4.0,
fitzpatrick17k_hf/images/img_5762.jpg,naevus,HAM_HAM_0002694,HAM10000,CC-BY-NC-4.0,
fitzpatrick17k_hf/images/img_5763.jpg,naevus,HAM_HAM_0004712,HAM10000,CC-BY-NC-4.0,
fitzpatrick17k_hf/images/img_5764.jpg,naevus,HAM_HAM_0005449,HAM10000,CC-BY-NC-4.0,
fitzpatrick17k_hf/images/img_5765.jpg,naevus,HAM_HAM_0005165,HAM10000,CC-BY-NC-4.0,
fitzpatrick17k_hf/images/img_5766.jpg,naevus,HAM_HAM_0000606,HAM10000,CC-BY-NC-4.0,
fitzpatrick17k_hf/images/img_5767.jpg,naevus,HAM_HAM_0001864,HAM10000,CC-BY-NC-4.0,
fitzpatrick17k_hf/images/img_5768.jpg,naevus,HAM_HAM_0005152,HAM10000,CC-BY-NC-4.0,
fitzpatrick17k_hf/images/img_5769.jpg,naevus,HAM_HAM_0005729,HAM10000,CC-BY-NC-4.0,
fitzpatrick17k_hf/images/img_5770.jpg,naevus,HAM_HAM_0003822,HAM10000,CC-BY-NC-4.0,
fitzpatrick17k_hf/images/img_5771.jpg,naevus,HAM_HAM_0000182,HAM10000,CC-BY-NC-4.0,
fitzpatrick17k_hf/images/img_5772.jpg,naevus,HAM_HAM_0001361,HAM10000,CC-BY-NC-4.0,
fitzpatrick17k_hf/images/img_5773.jpg,naevus,HAM_HAM_0000729,HAM10000,CC-BY-NC-4.0,
fitzpatrick17k_hf/images/img_5774.jpg,naevus,HAM_HAM_0003088,HAM10000,CC-BY-NC-4.0,
fitzpatrick17k_hf/images/img_5775.jpg,naevus,HAM_HAM_0001680,HAM10000,CC-BY-NC-4.0,
fitzpatrick17k_hf/images/img_5776.jpg,naevus,HAM_HAM_0005651,HAM10000,CC-BY-NC-4.0,
fitzpatrick17k_hf/images/img_5777.jpg,naevus,HAM_HAM_0004698,HAM10000,CC-BY-NC-4.0,
fitzpatrick17k_hf/images/img_5778.jpg,naevus,HAM_HAM_0002466,HAM10000,CC-BY-NC-4.0,
fitzpatrick17k_hf/images/img_5779.jpg,naevus,HAM_HAM_0002064,HAM10000,CC-BY-NC-4.0,
fitzpatrick17k_hf/images/img_5780.jpg,naevus,HAM_HAM_0005857,HAM10000,CC-BY-NC-4.0,
fitzpatrick17k_hf/images/img_5781.jpg,naevus,HAM_HAM_0001297,HAM10000,CC-BY-NC-4.0,
fitzpatrick17k_hf/images/img_5782.jpg,naevus,HAM_HAM_0001867,HAM10000,CC-BY-NC-4.0,
fitzpatrick17k_hf/images/img_5783.jpg,naevus,HAM_HAM_0003653,HAM10000,CC-BY-NC-4.0,
fitzpatrick17k_hf/images/img_5784.jpg,naevus,HAM_HAM_0006512,HAM10000,CC-BY-NC-4.0,
fitzpatrick17k_hf/images/img_5785.jpg,naevus,HAM_HAM_0001798,HAM10000,CC-BY-NC-4.0,
fitzpatrick17k_hf/images/img_5786.jpg,naevus,HAM_HAM_0004996,HAM10000,CC-BY-NC-4.0,
fitzpatrick17k_hf/images/img_5787.jpg,naevus,HAM_HAM_0006895,HAM10000,CC-BY-NC-4.0,
fitzpatrick17k_hf/images/img_5788.jpg,naevus,HAM_HAM_0004366,HAM10000,CC-BY-NC-4.0,
fitzpatrick17k_hf/images/img_5789.jpg,naevus,HAM_HAM_0000381,HAM10000,CC-BY-NC-4.0,
fitzpatrick17k_hf/images/img_5790.jpg,naevus,HAM_HAM_0003693,HAM10000,CC-BY-NC-4.0,
fitzpatrick17k_hf/images/img_5791.jpg,naevus,HAM_HAM_0004614,HAM10000,CC-BY-NC-4.0,
fitzpatrick17k_hf/images/img_5792.jpg,naevus,HAM_HAM_0000043,HAM10000,CC-BY-NC-4.0,
fitzpatrick17k_hf/images/img_5793.jpg,naevus,HAM_HAM_0005836,HAM10000,CC-BY-NC-4.0,
fitzpatrick17k_hf/images/img_5794.jpg,naevus,HAM_HAM_0000293,HAM10000,CC-BY-NC-4.0,
fitzpatrick17k_hf/images/img_5795.jpg,naevus,HAM_HAM_0005817,HAM10000,CC-BY-NC-4.0,
fitzpatrick17k_hf/images/img_5796.jpg,naevus,HAM_HAM_0004954,HAM10000,CC-BY-NC-4.0,
fitzpatrick17k_hf/images/img_5797.jpg,naevus,HAM_HAM_0002173,HAM10000,CC-BY-NC-4.0,
fitzpatrick17k_hf/images/img_5798.jpg,naevus,HAM_HAM_0007208,HAM10000,CC-BY-NC-4.0,
fitzpatrick17k_hf/images/img_5799.jpg,naevus,HAM_HAM_0000622,HAM10000,CC-BY-NC-4.0,
fitzpatrick17k_hf/images/img_5800.jpg,naevus,HAM_HAM_0006468,HAM10000,CC-BY-NC-4.0,
fitzpatrick17k_hf/images/img_5801.jpg,naevus,HAM_HAM_0006140,HAM10000,CC-BY-NC-4.0,
fitzpatrick17k_hf/images/img_5802.jpg,naevus,HAM_HAM_0002828,HAM10000,CC-BY-NC-4.0,
fitzpatrick17k_hf/images/img_5803.jpg,naevus,HAM_HAM_0007270,HAM10000,CC-BY-NC-4.0,
fitzpatrick17k_hf/images/img_5804.jpg,naevus,HAM_HAM_0004372,HAM10000,CC-BY-NC-4.0,
fitzpatrick17k_hf/images/img_5805.jpg,naevus,HAM_HAM_0000966,HAM10000,CC-BY-NC-4.0,
fitzpatrick17k_hf/images/img_5806.jpg,naevus,HAM_HAM_0005240,HAM10000,CC-BY-NC-4.0,
fitzpatrick17k_hf/images/img_5807.jpg,naevus,HAM_HAM_0006845,HAM10000,CC-BY-NC-4.0,
fitzpatrick17k_hf/images/img_5808.jpg,naevus,HAM_HAM_0005259,HAM10000,CC-BY-NC-4.0,
fitzpatrick17k_hf/images/img_5809.jpg,naevus,HAM_HAM_0005450,HAM10000,CC-BY-NC-4.0,
fitzpatrick17k_hf/images/img_5810.jpg,naevus,HAM_HAM_0003533,HAM10000,CC-BY-NC-4.0,
fitzpatrick17k_hf/images/img_5811.jpg,naevus,HAM_HAM_0001507,HAM10000,CC-BY-NC-4.0,
fitzpatrick17k_hf/images/img_5812.jpg,naevus,HAM_HAM_0000362,HAM10000,CC-BY-NC-4.0,
fitzpatrick17k_hf/images/img_5813.jpg,naevus,HAM_HAM_0000690,HAM10000,CC-BY-NC-4.0,
fitzpatrick17k_hf/images/img_5814.jpg,naevus,HAM_HAM_0004138,HAM10000,CC-BY-NC-4.0,
fitzpatrick17k_hf/images/img_5815.jpg,naevus,HAM_HAM_0001204,HAM10000,CC-BY-NC-4.0,
fitzpatrick17k_hf/images/img_5816.jpg,naevus,HAM_HAM_0006850,HAM10000,CC-BY-NC-4.0,
fitzpatrick17k_hf/images/img_5817.jpg,naevus,HAM_HAM_0003956,HAM10000,CC-BY-NC-4.0,
fitzpatrick17k_hf/images/img_5818.jpg,naevus,HAM_HAM_0000671,HAM10000,CC-BY-NC-4.0,
fitzpatrick17k_hf/images/img_5819.jpg,naevus,HAM_HAM_0000589,HAM10000,CC-BY-NC-4.0,
fitzpatrick17k_hf/images/img_5820.jpg,naevus,HAM_HAM_0004110,HAM10000,CC-BY-NC-4.0,
fitzpatrick17k_hf/images/img_5821.jpg,naevus,HAM_HAM_0006361,HAM10000,CC-BY-NC-4.0,
fitzpatrick17k_hf/images/img_5822.jpg,naevus,HAM_HAM_0005695,HAM10000,CC-BY-NC-4.0,
fitzpatrick17k_hf/images/img_5823.jpg,naevus,HAM_HAM_0000495,HAM10000,CC-BY-NC-4.0,
fitzpatrick17k_hf/images/img_5824.jpg,naevus,HAM_HAM_0005638,HAM10000,CC-BY-NC-4.0,
fitzpatrick17k_hf/images/img_5825.jpg,naevus,HAM_HAM_0003644,HAM10000,CC-BY-NC-4.0,
fitzpatrick17k_hf/images/img_5826.jpg,naevus,HAM_HAM_0005104,HAM10000,CC-BY-NC-4.0,
fitzpatrick17k_hf/images/img_5827.jpg,naevus,HAM_HAM_0007322,HAM10000,CC-BY-NC-4.0,
fitzpatrick17k_hf/images/img_5828.jpg,naevus,HAM_HAM_0000191,HAM10000,CC-BY-NC-4.0,
fitzpatrick17k_hf/images/img_5829.jpg,naevus,HAM_HAM_0000266,HAM10000,CC-BY-NC-4.0,
fitzpatrick17k_hf/images/img_5830.jpg,naevus,HAM_HAM_0004534,HAM10000,CC-BY-NC-4.0,
fitzpatrick17k_hf/images/img_5831.jpg,naevus,HAM_HAM_0000605,HAM10000,CC-BY-NC-4.0,
fitzpatrick17k_hf/images/img_5832.jpg,naevus,HAM_HAM_0005622,HAM10000,CC-BY-NC-4.0,
fitzpatrick17k_hf/images/img_5833.jpg,naevus,HAM_HAM_0006216,HAM10000,CC-BY-NC-4.0,
fitzpatrick17k_hf/images/img_5834.jpg,naevus,HAM_HAM_0002978,HAM10000,CC-BY-NC-4.0,
fitzpatrick17k_hf/images/img_5835.jpg,naevus,HAM_HAM_0001951,HAM10000,CC-BY-NC-4.0,
fitzpatrick17k_hf/images/img_5836.jpg,naevus,HAM_HAM_0002137,HAM10000,CC-BY-NC-4.0,
fitzpatrick17k_hf/images/img_5837.jpg,naevus,HAM_HAM_0002098,HAM10000,CC-BY-NC-4.0,
fitzpatrick17k_hf/images/img_5838.jpg,naevus,HAM_HAM_0006681,HAM10000,CC-BY-NC-4.0,
fitzpatrick17k_hf/images/img_5839.jpg,naevus,HAM_HAM_0004810,HAM10000,CC-BY-NC-4.0,
fitzpatrick17k_hf/images/img_5840.jpg,naevus,HAM_HAM_0001350,HAM10000,CC-BY-NC-4.0,
fitzpatrick17k_hf/images/img_5841.jpg,naevus,HAM_HAM_0001802,HAM10000,CC-BY-NC-4.0,
fitzpatrick17k_hf/images/img_5842.jpg,naevus,HAM_HAM_0005085,HAM10000,CC-BY-NC-4.0,
fitzpatrick17k_hf/images/img_5843.jpg,naevus,HAM_HAM_0002777,HAM10000,CC-BY-NC-4.0,
fitzpatrick17k_hf/images/img_5844.jpg,naevus,HAM_HAM_0003579,HAM10000,CC-BY-NC-4.0,
fitzpatrick17k_hf/images/img_5845.jpg,naevus,HAM_HAM_0005092,HAM10000,CC-BY-NC-4.0,
fitzpatrick17k_hf/images/img_5846.jpg,naevus,HAM_HAM_0002152,HAM10000,CC-BY-NC-4.0,
fitzpatrick17k_hf/images/img_5847.jpg,naevus,HAM_HAM_0002896,HAM10000,CC-BY-NC-4.0,
fitzpatrick17k_hf/images/img_5848.jpg,naevus,HAM_HAM_0004368,HAM10000,CC-BY-NC-4.0,
fitzpatrick17k_hf/images/img_5849.jpg,naevus,HAM_HAM_0003210,HAM10000,CC-BY-NC-4.0,
fitzpatrick17k_hf/images/img_5850.jpg,naevus,HAM_HAM_0001648,HAM10000,CC-BY-NC-4.0,
fitzpatrick17k_hf/images/img_5851.jpg,naevus,HAM_HAM_0000721,HAM10000,CC-BY-NC-4.0,
fitzpatrick17k_hf/images/img_5852.jpg,naevus,HAM_HAM_0003767,HAM10000,CC-BY-NC-4.0,
fitzpatrick17k_hf/images/img_5853.jpg,naevus,HAM_HAM_0006403,HAM10000,CC-BY-NC-4.0,
fitzpatrick17k_hf/images/img_5854.jpg,naevus,HAM_HAM_0002163,HAM10000,CC-BY-NC-4.0,
fitzpatrick17k_hf/images/img_5855.jpg,naevus,HAM_HAM_0001989,HAM10000,CC-BY-NC-4.0,
fitzpatrick17k_hf/images/img_5856.jpg,naevus,HAM_HAM_0002263,HAM10000,CC-BY-NC-4.0,
fitzpatrick17k_hf/images/img_5857.jpg,naevus,HAM_HAM_0005670,HAM10000,CC-BY-NC-4.0,
fitzpatrick17k_hf/images/img_5858.jpg,naevus,HAM_HAM_0006759,HAM10000,CC-BY-NC-4.0,
fitzpatrick17k_hf/images/img_5859.jpg,naevus,HAM_HAM_0001586,HAM10000,CC-BY-NC-4.0,
fitzpatrick17k_hf/images/img_5860.jpg,naevus,HAM_HAM_0001370,HAM10000,CC-BY-NC-4.0,
fitzpatrick17k_hf/images/img_5861.jpg,naevus,HAM_HAM_0000665,HAM10000,CC-BY-NC-4.0,
fitzpatrick17k_hf/images/img_5862.jpg,naevus,HAM_HAM_0006821,HAM10000,CC-BY-NC-4.0,
fitzpatrick17k_hf/images/img_5863.jpg,naevus,HAM_HAM_0006474,HAM10000,CC-BY-NC-4.0,
fitzpatrick17k_hf/images/img_5864.jpg,naevus,HAM_HAM_0003672,HAM10000,CC-BY-NC-4.0,
fitzpatrick17k_hf/images/img_5865.jpg,naevus,HAM_HAM_0007221,HAM10000,CC-BY-NC-4.0,
fitzpatrick17k_hf/images/img_5866.jpg,naevus,HAM_HAM_0003374,HAM10000,CC-BY-NC-4.0,
fitzpatrick17k_hf/images/img_5867.jpg,naevus,HAM_HAM_0007458,HAM10000,CC-BY-NC-4.0,
fitzpatrick17k_hf/images/img_5868.jpg,naevus,HAM_HAM_0000877,HAM10000,CC-BY-NC-4.0,
fitzpatrick17k_hf/images/img_5869.jpg,naevus,HAM_HAM_0004717,HAM10000,CC-BY-NC-4.0,
fitzpatrick17k_hf/images/img_5870.jpg,naevus,HAM_HAM_0006817,HAM10000,CC-BY-NC-4.0,
fitzpatrick17k_hf/images/img_5871.jpg,naevus,HAM_HAM_0002029,HAM10000,CC-BY-NC-4.0,
fitzpatrick17k_hf/images/img_5872.jpg,naevus,HAM_HAM_0005100,HAM10000,CC-BY-NC-4.0,
fitzpatrick17k_hf/images/img_5873.jpg,naevus,HAM_HAM_0001545,HAM10000,CC-BY-NC-4.0,
fitzpatrick17k_hf/images/img_5874.jpg,naevus,HAM_HAM_0002936,HAM10000,CC-BY-NC-4.0,
fitzpatrick17k_hf/images/img_5875.jpg,naevus,HAM_HAM_0005211,HAM10000,CC-BY-NC-4.0,
fitzpatrick17k_hf/images/img_5876.jpg,naevus,HAM_HAM_0003192,HAM10000,CC-BY-NC-4.0,
fitzpatrick17k_hf/images/img_5877.jpg,naevus,HAM_HAM_0005178,HAM10000,CC-BY-NC-4.0,
fitzpatrick17k_hf/images/img_5878.jpg,naevus,HAM_HAM_0000793,HAM10000,CC-BY-NC-4.0,
fitzpatrick17k_hf/images/img_5879.jpg,naevus,HAM_HAM_0004055,HAM10000,CC-BY-NC-4.0,
fitzpatrick17k_hf/images/img_5880.jpg,naevus,HAM_HAM_0003626,HAM10000,CC-BY-NC-4.0,
fitzpatrick17k_hf/images/img_5881.jpg,naevus,HAM_HAM_0002836,HAM10000,CC-BY-NC-4.0,
fitzpatrick17k_hf/images/img_5882.jpg,naevus,HAM_HAM_0004391,HAM10000,CC-BY-NC-4.0,
fitzpatrick17k_hf/images/img_5883.jpg,naevus,HAM_HAM_0004983,HAM10000,CC-BY-NC-4.0,
fitzpatrick17k_hf/images/img_5884.jpg,naevus,HAM_HAM_0002387,HAM10000,CC-BY-NC-4.0,
fitzpatrick17k_hf/images/img_5885.jpg,naevus,HAM_HAM_0007618,HAM10000,CC-BY-NC-4.0,
fitzpatrick17k_hf/images/img_5886.jpg,naevus,HAM_HAM_0007215,HAM10000,CC-BY-NC-4.0,
fitzpatrick17k_hf/images/img_5887.jpg,naevus,HAM_HAM_0007404,HAM10000,CC-BY-NC-4.0,
fitzpatrick17k_hf/images/img_5888.jpg,naevus,HAM_HAM_0005795,HAM10000,CC-BY-NC-4.0,
fitzpatrick17k_hf/images/img_5889.jpg,naevus,HAM_HAM_0003336,HAM10000,CC-BY-NC-4.0,
fitzpatrick17k_hf/images/img_5890.jpg,naevus,HAM_HAM_0006554,HAM10000,CC-BY-NC-4.0,
fitzpatrick17k_hf/images/img_5891.jpg,naevus,HAM_HAM_0002284,HAM10000,CC-BY-NC-4.0,
fitzpatrick17k_hf/images/img_5892.jpg,naevus,HAM_HAM_0000788,HAM10000,CC-BY-NC-4.0,
fitzpatrick17k_hf/images/img_5893.jpg,naevus,HAM_HAM_0000058,HAM10000,CC-BY-NC-4.0,
fitzpatrick17k_hf/images/img_5894.jpg,naevus,HAM_HAM_0005143,HAM10000,CC-BY-NC-4.0,
fitzpatrick17k_hf/images/img_5895.jpg,naevus,HAM_HAM_0000493,HAM10000,CC-BY-NC-4.0,
fitzpatrick17k_hf/images/img_5896.jpg,naevus,HAM_HAM_0007577,HAM10000,CC-BY-NC-4.0,
fitzpatrick17k_hf/images/img_5897.jpg,naevus,HAM_HAM_0001904,HAM10000,CC-BY-NC-4.0,
fitzpatrick17k_hf/images/img_5898.jpg,naevus,HAM_HAM_0003798,HAM10000,CC-BY-NC-4.0,
fitzpatrick17k_hf/images/img_5899.jpg,naevus,HAM_HAM_0006250,HAM10000,CC-BY-NC-4.0,
fitzpatrick17k_hf/images/img_5900.jpg,naevus,HAM_HAM_0006322,HAM10000,CC-BY-NC-4.0,
fitzpatrick17k_hf/images/img_5901.jpg,naevus,HAM_HAM_0000836,HAM10000,CC-BY-NC-4.0,
fitzpatrick17k_hf/images/img_5902.jpg,naevus,HAM_HAM_0004762,HAM10000,CC-BY-NC-4.0,
fitzpatrick17k_hf/images/img_5903.jpg,naevus,HAM_HAM_0003902,HAM10000,CC-BY-NC-4.0,
fitzpatrick17k_hf/images/img_5904.jpg,naevus,HAM_HAM_0002584,HAM10000,CC-BY-NC-4.0,
fitzpatrick17k_hf/images/img_5905.jpg,naevus,HAM_HAM_0001050,HAM10000,CC-BY-NC-4.0,
fitzpatrick17k_hf/images/img_5906.jpg,naevus,HAM_HAM_0006646,HAM10000,CC-BY-NC-4.0,
fitzpatrick17k_hf/images/img_5907.jpg,naevus,HAM_HAM_0005279,HAM10000,CC-BY-NC-4.0,
fitzpatrick17k_hf/images/img_5908.jpg,naevus,HAM_HAM_0004493,HAM10000,CC-BY-NC-4.0,
fitzpatrick17k_hf/images/img_5909.jpg,naevus,HAM_HAM_0000262,HAM10000,CC-BY-NC-4.0,
fitzpatrick17k_hf/images/img_5910.jpg,naevus,HAM_HAM_0005815,HAM10000,CC-BY-NC-4.0,
fitzpatrick17k_hf/images/img_5911.jpg,naevus,HAM_HAM_0001334,HAM10000,CC-BY-NC-4.0,
fitzpatrick17k_hf/images/img_5912.jpg,naevus,HAM_HAM_0006163,HAM10000,CC-BY-NC-4.0,
fitzpatrick17k_hf/images/img_5913.jpg,naevus,HAM_HAM_0007035,HAM10000,CC-BY-NC-4.0,
fitzpatrick17k_hf/images/img_5914.jpg,naevus,HAM_HAM_0001497,HAM10000,CC-BY-NC-4.0,
fitzpatrick17k_hf/images/img_5915.jpg,naevus,HAM_HAM_0002640,HAM10000,CC-BY-NC-4.0,
fitzpatrick17k_hf/images/img_5916.jpg,naevus,HAM_HAM_0001775,HAM10000,CC-BY-NC-4.0,
fitzpatrick17k_hf/images/img_5917.jpg,naevus,HAM_HAM_0006972,HAM10000,CC-BY-NC-4.0,
fitzpatrick17k_hf/images/img_5918.jpg,naevus,HAM_HAM_0006508,HAM10000,CC-BY-NC-4.0,
fitzpatrick17k_hf/images/img_5919.jpg,naevus,HAM_HAM_0006570,HAM10000,CC-BY-NC-4.0,
fitzpatrick17k_hf/images/img_5920.jpg,naevus,HAM_HAM_0004598,HAM10000,CC-BY-NC-4.0,
fitzpatrick17k_hf/images/img_5921.jpg,naevus,HAM_HAM_0006019,HAM10000,CC-BY-NC-4.0,
fitzpatrick17k_hf/images/img_5922.jpg,naevus,HAM_HAM_0002364,HAM10000,CC-BY-NC-4.0,
fitzpatrick17k_hf/images/img_5923.jpg,naevus,HAM_HAM_0006822,HAM10000,CC-BY-NC-4.0,
fitzpatrick17k_hf/images/img_5924.jpg,naevus,HAM_HAM_0004017,HAM10000,CC-BY-NC-4.0,
fitzpatrick17k_hf/images/img_5925.jpg,naevus,HAM_HAM_0000737,HAM10000,CC-BY-NC-4.0,
fitzpatrick17k_hf/images/img_5926.jpg,naevus,HAM_HAM_0003987,HAM10000,CC-BY-NC-4.0,
fitzpatrick17k_hf/images/img_5927.jpg,naevus,HAM_HAM_0002159,HAM10000,CC-BY-NC-4.0,
fitzpatrick17k_hf/images/img_5928.jpg,naevus,HAM_HAM_0004026,HAM10000,CC-BY-NC-4.0,
fitzpatrick17k_hf/images/img_5929.jpg,naevus,HAM_HAM_0005960,HAM10000,CC-BY-NC-4.0,
fitzpatrick17k_hf/images/img_5930.jpg,naevus,HAM_HAM_0007435,HAM10000,CC-BY-NC-4.0,
fitzpatrick17k_hf/images/img_5931.jpg,naevus,HAM_HAM_0001470,HAM10000,CC-BY-NC-4.0,
fitzpatrick17k_hf/images/img_5932.jpg,naevus,HAM_HAM_0000135,HAM10000,CC-BY-NC-4.0,
fitzpatrick17k_hf/images/img_5933.jpg,naevus,HAM_HAM_0004112,HAM10000,CC-BY-NC-4.0,
fitzpatrick17k_hf/images/img_5934.jpg,naevus,HAM_HAM_0001709,HAM10000,CC-BY-NC-4.0,
fitzpatrick17k_hf/images/img_5935.jpg,naevus,HAM_HAM_0003320,HAM10000,CC-BY-NC-4.0,
fitzpatrick17k_hf/images/img_5936.jpg,naevus,HAM_HAM_0006422,HAM10000,CC-BY-NC-4.0,
fitzpatrick17k_hf/images/img_5937.jpg,naevus,HAM_HAM_0000889,HAM10000,CC-BY-NC-4.0,
fitzpatrick17k_hf/images/img_5938.jpg,naevus,HAM_HAM_0005342,HAM10000,CC-BY-NC-4.0,
fitzpatrick17k_hf/images/img_5939.jpg,naevus,HAM_HAM_0007362,HAM10000,CC-BY-NC-4.0,
fitzpatrick17k_hf/images/img_5940.jpg,naevus,HAM_HAM_0007095,HAM10000,CC-BY-NC-4.0,
fitzpatrick17k_hf/images/img_5941.jpg,naevus,HAM_HAM_0000053,HAM10000,CC-BY-NC-4.0,
fitzpatrick17k_hf/images/img_5942.jpg,naevus,HAM_HAM_0004128,HAM10000,CC-BY-NC-4.0,
fitzpatrick17k_hf/images/img_5943.jpg,naevus,HAM_HAM_0003416,HAM10000,CC-BY-NC-4.0,
fitzpatrick17k_hf/images/img_5944.jpg,naevus,HAM_HAM_0002405,HAM10000,CC-BY-NC-4.0,
fitzpatrick17k_hf/images/img_5945.jpg,naevus,HAM_HAM_0005702,HAM10000,CC-BY-NC-4.0,
fitzpatrick17k_hf/images/img_5946.jpg,naevus,HAM_HAM_0001169,HAM10000,CC-BY-NC-4.0,
fitzpatrick17k_hf/images/img_5947.jpg,naevus,HAM_HAM_0000997,HAM10000,CC-BY-NC-4.0,
fitzpatrick17k_hf/images/img_5948.jpg,naevus,HAM_HAM_0003201,HAM10000,CC-BY-NC-4.0,
fitzpatrick17k_hf/images/img_5949.jpg,naevus,HAM_HAM_0000936,HAM10000,CC-BY-NC-4.0,
fitzpatrick17k_hf/images/img_5950.jpg,naevus,HAM_HAM_0005645,HAM10000,CC-BY-NC-4.0,
fitzpatrick17k_hf/images/img_5951.jpg,naevus,HAM_HAM_0005238,HAM10000,CC-BY-NC-4.0,
fitzpatrick17k_hf/images/img_5952.jpg,naevus,HAM_HAM_0002980,HAM10000,CC-BY-NC-4.0,
fitzpatrick17k_hf/images/img_5953.jpg,naevus,HAM_HAM_0005614,HAM10000,CC-BY-NC-4.0,
fitzpatrick17k_hf/images/img_5954.jpg,naevus,HAM_HAM_0003834,HAM10000,CC-BY-NC-4.0,
fitzpatrick17k_hf/images/img_5955.jpg,naevus,HAM_HAM_0005870,HAM10000,CC-BY-NC-4.0,
fitzpatrick17k_hf/images/img_5956.jpg,naevus,HAM_HAM_0001145,HAM10000,CC-BY-NC-4.0,
fitzpatrick17k_hf/images/img_5957.jpg,naevus,HAM_HAM_0002370,HAM10000,CC-BY-NC-4.0,
fitzpatrick17k_hf/images/img_5958.jpg,naevus,HAM_HAM_0002019,HAM10000,CC-BY-NC-4.0,
fitzpatrick17k_hf/images/img_5959.jpg,naevus,HAM_HAM_0002084,HAM10000,CC-BY-NC-4.0,
fitzpatrick17k_hf/images/img_5960.jpg,naevus,HAM_HAM_0006555,HAM10000,CC-BY-NC-4.0,
fitzpatrick17k_hf/images/img_5961.jpg,naevus,HAM_HAM_0007548,HAM10000,CC-BY-NC-4.0,
fitzpatrick17k_hf/images/img_5962.jpg,naevus,HAM_HAM_0005550,HAM10000,CC-BY-NC-4.0,
fitzpatrick17k_hf/images/img_5963.jpg,naevus,HAM_HAM_0001181,HAM10000,CC-BY-NC-4.0,
fitzpatrick17k_hf/images/img_5964.jpg,naevus,HAM_HAM_0006553,HAM10000,CC-BY-NC-4.0,
fitzpatrick17k_hf/images/img_5965.jpg,naevus,HAM_HAM_0001392,HAM10000,CC-BY-NC-4.0,
fitzpatrick17k_hf/images/img_5966.jpg,naevus,HAM_HAM_0002123,HAM10000,CC-BY-NC-4.0,
fitzpatrick17k_hf/images/img_5967.jpg,naevus,HAM_HAM_0006546,HAM10000,CC-BY-NC-4.0,
fitzpatrick17k_hf/images/img_5968.jpg,naevus,HAM_HAM_0003717,HAM10000,CC-BY-NC-4.0,
fitzpatrick17k_hf/images/img_5969.jpg,naevus,HAM_HAM_0005317,HAM10000,CC-BY-NC-4.0,
fitzpatrick17k_hf/images/img_5970.jpg,naevus,HAM_HAM_0003026,HAM10000,CC-BY-NC-4.0,
fitzpatrick17k_hf/images/img_5971.jpg,naevus,HAM_HAM_0005283,HAM10000,CC-BY-NC-4.0,
fitzpatrick17k_hf/images/img_5972.jpg,naevus,HAM_HAM_0005063,HAM10000,CC-BY-NC-4.0,
fitzpatrick17k_hf/images/img_5973.jpg,naevus,HAM_HAM_0003106,HAM10000,CC-BY-NC-4.0,
fitzpatrick17k_hf/images/img_5974.jpg,naevus,HAM_HAM_0007183,HAM10000,CC-BY-NC-4.0,
fitzpatrick17k_hf/images/img_5975.jpg,naevus,HAM_HAM_0005980,HAM10000,CC-BY-NC-4.0,
fitzpatrick17k_hf/images/img_5976.jpg,naevus,HAM_HAM_0006452,HAM10000,CC-BY-NC-4.0,
fitzpatrick17k_hf/images/img_5977.jpg,naevus,HAM_HAM_0004946,HAM10000,CC-BY-NC-4.0,
fitzpatrick17k_hf/images/img_5978.jpg,naevus,HAM_HAM_0002670,HAM10000,CC-BY-NC-4.0,
fitzpatrick17k_hf/images/img_5979.jpg,naevus,HAM_HAM_0002508,HAM10000,CC-BY-NC-4.0,
fitzpatrick17k_hf/images/img_5980.jpg,naevus,HAM_HAM_0006146,HAM10000,CC-BY-NC-4.0,
fitzpatrick17k_hf/images/img_5981.jpg,naevus,HAM_HAM_0003185,HAM10000,CC-BY-NC-4.0,
fitzpatrick17k_hf/images/img_5982.jpg,naevus,HAM_HAM_0005833,HAM10000,CC-BY-NC-4.0,
fitzpatrick17k_hf/images/img_5983.jpg,naevus,HAM_HAM_0006735,HAM10000,CC-BY-NC-4.0,
fitzpatrick17k_hf/images/img_5984.jpg,naevus,HAM_HAM_0005582,HAM10000,CC-BY-NC-4.0,
fitzpatrick17k_hf/images/img_5985.jpg,naevus,HAM_HAM_0005733,HAM10000,CC-BY-NC-4.0,
fitzpatrick17k_hf/images/img_5986.jpg,naevus,HAM_HAM_0002877,HAM10000,CC-BY-NC-4.0,
fitzpatrick17k_hf/images/img_5987.jpg,naevus,HAM_HAM_0003746,HAM10000,CC-BY-NC-4.0,
fitzpatrick17k_hf/images/img_5988.jpg,naevus,HAM_HAM_0006206,HAM10000,CC-BY-NC-4.0,
fitzpatrick17k_hf/images/img_5989.jpg,naevus,HAM_HAM_0002743,HAM10000,CC-BY-NC-4.0,
fitzpatrick17k_hf/images/img_5990.jpg,naevus,HAM_HAM_0000479,HAM10000,CC-BY-NC-4.0,
fitzpatrick17k_hf/images/img_5991.jpg,naevus,HAM_HAM_0003523,HAM10000,CC-BY-NC-4.0,
fitzpatrick17k_hf/images/img_5992.jpg,naevus,HAM_HAM_0005013,HAM10000,CC-BY-NC-4.0,
fitzpatrick17k_hf/images/img_5993.jpg,naevus,HAM_HAM_0007071,HAM10000,CC-BY-NC-4.0,
fitzpatrick17k_hf/images/img_5994.jpg,naevus,HAM_HAM_0006328,HAM10000,CC-BY-NC-4.0,
fitzpatrick17k_hf/images/img_5995.jpg,naevus,HAM_HAM_0006905,HAM10000,CC-BY-NC-4.0,
fitzpatrick17k_hf/images/img_5996.jpg,naevus,HAM_HAM_0003116,HAM10000,CC-BY-NC-4.0,
fitzpatrick17k_hf/images/img_5997.jpg,naevus,HAM_HAM_0001267,HAM10000,CC-BY-NC-4.0,
fitzpatrick17k_hf/images/img_5998.jpg,naevus,HAM_HAM_0000717,HAM10000,CC-BY-NC-4.0,
fitzpatrick17k_hf/images/img_5999.jpg,naevus,HAM_HAM_0000194,HAM10000,CC-BY-NC-4.0,
fitzpatrick17k_hf/images/img_6000.jpg,naevus,HAM_HAM_0006662,HAM10000,CC-BY-NC-4.0,
fitzpatrick17k_hf/images/img_6001.jpg,naevus,HAM_HAM_0001696,HAM10000,CC-BY-NC-4.0,
fitzpatrick17k_hf/images/img_6002.jpg,naevus,HAM_HAM_0004252,HAM10000,CC-BY-NC-4.0,
fitzpatrick17k_hf/images/img_6003.jpg,naevus,HAM_HAM_0004766,HAM10000,CC-BY-NC-4.0,
fitzpatrick17k_hf/images/img_6004.jpg,naevus,HAM_HAM_0006303,HAM10000,CC-BY-NC-4.0,
fitzpatrick17k_hf/images/img_6005.jpg,naevus,HAM_HAM_0004432,HAM10000,CC-BY-NC-4.0,
fitzpatrick17k_hf/images/img_6006.jpg,naevus,HAM_HAM_0004759,HAM10000,CC-BY-NC-4.0,
fitzpatrick17k_hf/images/img_6007.jpg,naevus,HAM_HAM_0003703,HAM10000,CC-BY-NC-4.0,
fitzpatrick17k_hf/images/img_6008.jpg,naevus,HAM_HAM_0005810,HAM10000,CC-BY-NC-4.0,
fitzpatrick17k_hf/images/img_6009.jpg,naevus,HAM_HAM_0001876,HAM10000,CC-BY-NC-4.0,
fitzpatrick17k_hf/images/img_6010.jpg,naevus,HAM_HAM_0005161,HAM10000,CC-BY-NC-4.0,
fitzpatrick17k_hf/images/img_6011.jpg,naevus,HAM_HAM_0005244,HAM10000,CC-BY-NC-4.0,
fitzpatrick17k_hf/images/img_6012.jpg,naevus,HAM_HAM_0005399,HAM10000,CC-BY-NC-4.0,
fitzpatrick17k_hf/images/img_6013.jpg,naevus,HAM_HAM_0006051,HAM10000,CC-BY-NC-4.0,
fitzpatrick17k_hf/images/img_6014.jpg,naevus,HAM_HAM_0005372,HAM10000,CC-BY-NC-4.0,
fitzpatrick17k_hf/images/img_6015.jpg,naevus,HAM_HAM_0000141,HAM10000,CC-BY-NC-4.0,
fitzpatrick17k_hf/images/img_6016.jpg,naevus,HAM_HAM_0000894,HAM10000,CC-BY-NC-4.0,
fitzpatrick17k_hf/images/img_6017.jpg,naevus,HAM_HAM_0007566,HAM10000,CC-BY-NC-4.0,
fitzpatrick17k_hf/images/img_6018.jpg,naevus,HAM_HAM_0004468,HAM10000,CC-BY-NC-4.0,
fitzpatrick17k_hf/images/img_6019.jpg,naevus,HAM_HAM_0003876,HAM10000,CC-BY-NC-4.0,
fitzpatrick17k_hf/images/img_6020.jpg,naevus,HAM_HAM_0006951,HAM10000,CC-BY-NC-4.0,
fitzpatrick17k_hf/images/img_6021.jpg,naevus,HAM_HAM_0006569,HAM10000,CC-BY-NC-4.0,
fitzpatrick17k_hf/images/img_6022.jpg,naevus,HAM_HAM_0007274,HAM10000,CC-BY-NC-4.0,
fitzpatrick17k_hf/images/img_6023.jpg,naevus,HAM_HAM_0002587,HAM10000,CC-BY-NC-4.0,
fitzpatrick17k_hf/images/img_6024.jpg,naevus,HAM_HAM_0007447,HAM10000,CC-BY-NC-4.0,
fitzpatrick17k_hf/images/img_6025.jpg,naevus,HAM_HAM_0001438,HAM10000,CC-BY-NC-4.0,
fitzpatrick17k_hf/images/img_6026.jpg,naevus,HAM_HAM_0004043,HAM10000,CC-BY-NC-4.0,
fitzpatrick17k_hf/images/img_6027.jpg,naevus,HAM_HAM_0004981,HAM10000,CC-BY-NC-4.0,
fitzpatrick17k_hf/images/img_6028.jpg,naevus,HAM_HAM_0004715,HAM10000,CC-BY-NC-4.0,
fitzpatrick17k_hf/images/img_6029.jpg,naevus,HAM_HAM_0003111,HAM10000,CC-BY-NC-4.0,
fitzpatrick17k_hf/images/img_6030.jpg,naevus,HAM_HAM_0005808,HAM10000,CC-BY-NC-4.0,
fitzpatrick17k_hf/images/img_6031.jpg,naevus,HAM_HAM_0004804,HAM10000,CC-BY-NC-4.0,
fitzpatrick17k_hf/images/img_6032.jpg,naevus,HAM_HAM_0003098,HAM10000,CC-BY-NC-4.0,
fitzpatrick17k_hf/images/img_6033.jpg,naevus,HAM_HAM_0001086,HAM10000,CC-BY-NC-4.0,
fitzpatrick17k_hf/images/img_6034.jpg,naevus,HAM_HAM_0001836,HAM10000,CC-BY-NC-4.0,
fitzpatrick17k_hf/images/img_6035.jpg,naevus,HAM_HAM_0002991,HAM10000,CC-BY-NC-4.0,
fitzpatrick17k_hf/images/img_6036.jpg,naevus,HAM_HAM_0005919,HAM10000,CC-BY-NC-4.0,
fitzpatrick17k_hf/images/img_6037.jpg,naevus,HAM_HAM_0005014,HAM10000,CC-BY-NC-4.0,
fitzpatrick17k_hf/images/img_6038.jpg,naevus,HAM_HAM_0007190,HAM10000,CC-BY-NC-4.0,
fitzpatrick17k_hf/images/img_6039.jpg,naevus,HAM_HAM_0000384,HAM10000,CC-BY-NC-4.0,
fitzpatrick17k_hf/images/img_6040.jpg,naevus,HAM_HAM_0006041,HAM10000,CC-BY-NC-4.0,
fitzpatrick17k_hf/images/img_6041.jpg,naevus,HAM_HAM_0000027,HAM10000,CC-BY-NC-4.0,
fitzpatrick17k_hf/images/img_6042.jpg,naevus,HAM_HAM_0000895,HAM10000,CC-BY-NC-4.0,
fitzpatrick17k_hf/images/img_6043.jpg,naevus,HAM_HAM_0006060,HAM10000,CC-BY-NC-4.0,
fitzpatrick17k_hf/images/img_6044.jpg,naevus,HAM_HAM_0004361,HAM10000,CC-BY-NC-4.0,
fitzpatrick17k_hf/images/img_6045.jpg,naevus,HAM_HAM_0003312,HAM10000,CC-BY-NC-4.0,
fitzpatrick17k_hf/images/img_6046.jpg,naevus,HAM_HAM_0005093,HAM10000,CC-BY-NC-4.0,
fitzpatrick17k_hf/images/img_6047.jpg,naevus,HAM_HAM_0005872,HAM10000,CC-BY-NC-4.0,
fitzpatrick17k_hf/images/img_6048.jpg,naevus,HAM_HAM_0005703,HAM10000,CC-BY-NC-4.0,
fitzpatrick17k_hf/images/img_6049.jpg,naevus,HAM_HAM_0003221,HAM10000,CC-BY-NC-4.0,
fitzpatrick17k_hf/images/img_6050.jpg,naevus,HAM_HAM_0006362,HAM10000,CC-BY-NC-4.0,
fitzpatrick17k_hf/images/img_6051.jpg,naevus,HAM_HAM_0005419,HAM10000,CC-BY-NC-4.0,
fitzpatrick17k_hf/images/img_6052.jpg,naevus,HAM_HAM_0007004,HAM10000,CC-BY-NC-4.0,
fitzpatrick17k_hf/images/img_6053.jpg,naevus,HAM_HAM_0006713,HAM10000,CC-BY-NC-4.0,
fitzpatrick17k_hf/images/img_6054.jpg,naevus,HAM_HAM_0001459,HAM10000,CC-BY-NC-4.0,
fitzpatrick17k_hf/images/img_6055.jpg,naevus,HAM_HAM_0001244,HAM10000,CC-BY-NC-4.0,
fitzpatrick17k_hf/images/img_6056.jpg,naevus,HAM_HAM_0000257,HAM10000,CC-BY-NC-4.0,
fitzpatrick17k_hf/images/img_6057.jpg,naevus,HAM_HAM_0002766,HAM10000,CC-BY-NC-4.0,
fitzpatrick17k_hf/images/img_6058.jpg,naevus,HAM_HAM_0002647,HAM10000,CC-BY-NC-4.0,
fitzpatrick17k_hf/images/img_6059.jpg,naevus,HAM_HAM_0002782,HAM10000,CC-BY-NC-4.0,
fitzpatrick17k_hf/images/img_6060.jpg,naevus,HAM_HAM_0003997,HAM10000,CC-BY-NC-4.0,
fitzpatrick17k_hf/images/img_6061.jpg,naevus,HAM_HAM_0003630,HAM10000,CC-BY-NC-4.0,
fitzpatrick17k_hf/images/img_6062.jpg,naevus,HAM_HAM_0000529,HAM10000,CC-BY-NC-4.0,
fitzpatrick17k_hf/images/img_6063.jpg,naevus,HAM_HAM_0006657,HAM10000,CC-BY-NC-4.0,
fitzpatrick17k_hf/images/img_6064.jpg,naevus,HAM_HAM_0001745,HAM10000,CC-BY-NC-4.0,
fitzpatrick17k_hf/images/img_6065.jpg,naevus,HAM_HAM_0003562,HAM10000,CC-BY-NC-4.0,
fitzpatrick17k_hf/images/img_6066.jpg,naevus,HAM_HAM_0006831,HAM10000,CC-BY-NC-4.0,
fitzpatrick17k_hf/images/img_6067.jpg,naevus,HAM_HAM_0006810,HAM10000,CC-BY-NC-4.0,
fitzpatrick17k_hf/images/img_6068.jpg,naevus,HAM_HAM_0006956,HAM10000,CC-BY-NC-4.0,
fitzpatrick17k_hf/images/img_6069.jpg,naevus,HAM_HAM_0000219,HAM10000,CC-BY-NC-4.0,
fitzpatrick17k_hf/images/img_6070.jpg,naevus,HAM_HAM_0004445,HAM10000,CC-BY-NC-4.0,
fitzpatrick17k_hf/images/img_6071.jpg,naevus,HAM_HAM_0005848,HAM10000,CC-BY-NC-4.0,
fitzpatrick17k_hf/images/img_6072.jpg,naevus,HAM_HAM_0005422,HAM10000,CC-BY-NC-4.0,
fitzpatrick17k_hf/images/img_6073.jpg,naevus,HAM_HAM_0001771,HAM10000,CC-BY-NC-4.0,
fitzpatrick17k_hf/images/img_6074.jpg,naevus,HAM_HAM_0004646,HAM10000,CC-BY-NC-4.0,
fitzpatrick17k_hf/images/img_6075.jpg,naevus,HAM_HAM_0007192,HAM10000,CC-BY-NC-4.0,
fitzpatrick17k_hf/images/img_6076.jpg,naevus,HAM_HAM_0004944,HAM10000,CC-BY-NC-4.0,
fitzpatrick17k_hf/images/img_6077.jpg,naevus,HAM_HAM_0007424,HAM10000,CC-BY-NC-4.0,
fitzpatrick17k_hf/images/img_6078.jpg,naevus,HAM_HAM_0004093,HAM10000,CC-BY-NC-4.0,
fitzpatrick17k_hf/images/img_6079.jpg,naevus,HAM_HAM_0007136,HAM10000,CC-BY-NC-4.0,
fitzpatrick17k_hf/images/img_6080.jpg,naevus,HAM_HAM_0002464,HAM10000,CC-BY-NC-4.0,
fitzpatrick17k_hf/images/img_6081.jpg,naevus,HAM_HAM_0003609,HAM10000,CC-BY-NC-4.0,
fitzpatrick17k_hf/images/img_6082.jpg,naevus,HAM_HAM_0002406,HAM10000,CC-BY-NC-4.0,
fitzpatrick17k_hf/images/img_6083.jpg,naevus,HAM_HAM_0003924,HAM10000,CC-BY-NC-4.0,
fitzpatrick17k_hf/images/img_6084.jpg,naevus,HAM_HAM_0004885,HAM10000,CC-BY-NC-4.0,
fitzpatrick17k_hf/images/img_6085.jpg,naevus,HAM_HAM_0003190,HAM10000,CC-BY-NC-4.0,
fitzpatrick17k_hf/images/img_6086.jpg,naevus,HAM_HAM_0000809,HAM10000,CC-BY-NC-4.0,
fitzpatrick17k_hf/images/img_6087.jpg,naevus,HAM_HAM_0003665,HAM10000,CC-BY-NC-4.0,
fitzpatrick17k_hf/images/img_6088.jpg,naevus,HAM_HAM_0004414,HAM10000,CC-BY-NC-4.0,
fitzpatrick17k_hf/images/img_6089.jpg,naevus,HAM_HAM_0002789,HAM10000,CC-BY-NC-4.0,
fitzpatrick17k_hf/images/img_6090.jpg,naevus,HAM_HAM_0006702,HAM10000,CC-BY-NC-4.0,
fitzpatrick17k_hf/images/img_6091.jpg,naevus,HAM_HAM_0002916,HAM10000,CC-BY-NC-4.0,
fitzpatrick17k_hf/images/img_6092.jpg,naevus,HAM_HAM_0005298,HAM10000,CC-BY-NC-4.0,
fitzpatrick17k_hf/images/img_6093.jpg,naevus,HAM_HAM_0005458,HAM10000,CC-BY-NC-4.0,
fitzpatrick17k_hf/images/img_6094.jpg,naevus,HAM_HAM_0005720,HAM10000,CC-BY-NC-4.0,
fitzpatrick17k_hf/images/img_6095.jpg,naevus,HAM_HAM_0002979,HAM10000,CC-BY-NC-4.0,
fitzpatrick17k_hf/images/img_6096.jpg,naevus,HAM_HAM_0005829,HAM10000,CC-BY-NC-4.0,
fitzpatrick17k_hf/images/img_6097.jpg,naevus,HAM_HAM_0000950,HAM10000,CC-BY-NC-4.0,
fitzpatrick17k_hf/images/img_6098.jpg,naevus,HAM_HAM_0006154,HAM10000,CC-BY-NC-4.0,
fitzpatrick17k_hf/images/img_6099.jpg,naevus,HAM_HAM_0002685,HAM10000,CC-BY-NC-4.0,
fitzpatrick17k_hf/images/img_6100.jpg,naevus,HAM_HAM_0002001,HAM10000,CC-BY-NC-4.0,
fitzpatrick17k_hf/images/img_6101.jpg,naevus,HAM_HAM_0006285,HAM10000,CC-BY-NC-4.0,
fitzpatrick17k_hf/images/img_6102.jpg,naevus,HAM_HAM_0002661,HAM10000,CC-BY-NC-4.0,
fitzpatrick17k_hf/images/img_6103.jpg,naevus,HAM_HAM_0001891,HAM10000,CC-BY-NC-4.0,
fitzpatrick17k_hf/images/img_6104.jpg,naevus,HAM_HAM_0004074,HAM10000,CC-BY-NC-4.0,
fitzpatrick17k_hf/images/img_6105.jpg,naevus,HAM_HAM_0007157,HAM10000,CC-BY-NC-4.0,
fitzpatrick17k_hf/images/img_6106.jpg,naevus,HAM_HAM_0004488,HAM10000,CC-BY-NC-4.0,
fitzpatrick17k_hf/images/img_6107.jpg,naevus,HAM_HAM_0006921,HAM10000,CC-BY-NC-4.0,
fitzpatrick17k_hf/images/img_6108.jpg,naevus,HAM_HAM_0001813,HAM10000,CC-BY-NC-4.0,
fitzpatrick17k_hf/images/img_6109.jpg,naevus,HAM_HAM_0001130,HAM10000,CC-BY-NC-4.0,
fitzpatrick17k_hf/images/img_6110.jpg,naevus,HAM_HAM_0001795,HAM10000,CC-BY-NC-4.0,
fitzpatrick17k_hf/images/img_6111.jpg,naevus,HAM_HAM_0000467,HAM10000,CC-BY-NC-4.0,
fitzpatrick17k_hf/images/img_6112.jpg,naevus,HAM_HAM_0006298,HAM10000,CC-BY-NC-4.0,
fitzpatrick17k_hf/images/img_6113.jpg,naevus,HAM_HAM_0001568,HAM10000,CC-BY-NC-4.0,
fitzpatrick17k_hf/images/img_6114.jpg,naevus,HAM_HAM_0001236,HAM10000,CC-BY-NC-4.0,
fitzpatrick17k_hf/images/img_6115.jpg,naevus,HAM_HAM_0006778,HAM10000,CC-BY-NC-4.0,
fitzpatrick17k_hf/images/img_6116.jpg,naevus,HAM_HAM_0001379,HAM10000,CC-BY-NC-4.0,
fitzpatrick17k_hf/images/img_6117.jpg,naevus,HAM_HAM_0003379,HAM10000,CC-BY-NC-4.0,
fitzpatrick17k_hf/images/img_6118.jpg,naevus,HAM_HAM_0006409,HAM10000,CC-BY-NC-4.0,
fitzpatrick17k_hf/images/img_6119.jpg,naevus,HAM_HAM_0001101,HAM10000,CC-BY-NC-4.0,
fitzpatrick17k_hf/images/img_6120.jpg,naevus,HAM_HAM_0006134,HAM10000,CC-BY-NC-4.0,
fitzpatrick17k_hf/images/img_6121.jpg,naevus,HAM_HAM_0006771,HAM10000,CC-BY-NC-4.0,
fitzpatrick17k_hf/images/img_6122.jpg,naevus,HAM_HAM_0001031,HAM10000,CC-BY-NC-4.0,
fitzpatrick17k_hf/images/img_6123.jpg,naevus,HAM_HAM_0006202,HAM10000,CC-BY-NC-4.0,
fitzpatrick17k_hf/images/img_6124.jpg,naevus,HAM_HAM_0002707,HAM10000,CC-BY-NC-4.0,
fitzpatrick17k_hf/images/img_6125.jpg,naevus,HAM_HAM_0004935,HAM10000,CC-BY-NC-4.0,
fitzpatrick17k_hf/images/img_6126.jpg,naevus,HAM_HAM_0000883,HAM10000,CC-BY-NC-4.0,
fitzpatrick17k_hf/images/img_6127.jpg,naevus,HAM_HAM_0002811,HAM10000,CC-BY-NC-4.0,
fitzpatrick17k_hf/images/img_6128.jpg,naevus,HAM_HAM_0005391,HAM10000,CC-BY-NC-4.0,
fitzpatrick17k_hf/images/img_6129.jpg,naevus,HAM_HAM_0000830,HAM10000,CC-BY-NC-4.0,
fitzpatrick17k_hf/images/img_6130.jpg,naevus,HAM_HAM_0003640,HAM10000,CC-BY-NC-4.0,
fitzpatrick17k_hf/images/img_6131.jpg,naevus,HAM_HAM_0004173,HAM10000,CC-BY-NC-4.0,
fitzpatrick17k_hf/images/img_6132.jpg,naevus,HAM_HAM_0005976,HAM10000,CC-BY-NC-4.0,
fitzpatrick17k_hf/images/img_6133.jpg,naevus,HAM_HAM_0000815,HAM10000,CC-BY-NC-4.0,
fitzpatrick17k_hf/images/img_6134.jpg,naevus,HAM_HAM_0007311,HAM10000,CC-BY-NC-4.0,
fitzpatrick17k_hf/images/img_6135.jpg,naevus,HAM_HAM_0006079,HAM10000,CC-BY-NC-4.0,
fitzpatrick17k_hf/images/img_6136.jpg,naevus,HAM_HAM_0007023,HAM10000,CC-BY-NC-4.0,
fitzpatrick17k_hf/images/img_6137.jpg,naevus,HAM_HAM_0004894,HAM10000,CC-BY-NC-4.0,
fitzpatrick17k_hf/images/img_6138.jpg,naevus,HAM_HAM_0003911,HAM10000,CC-BY-NC-4.0,
fitzpatrick17k_hf/images/img_6139.jpg,naevus,HAM_HAM_0007074,HAM10000,CC-BY-NC-4.0,
fitzpatrick17k_hf/images/img_6140.jpg,naevus,HAM_HAM_0002987,HAM10000,CC-BY-NC-4.0,
fitzpatrick17k_hf/images/img_6141.jpg,naevus,HAM_HAM_0003607,HAM10000,CC-BY-NC-4.0,
fitzpatrick17k_hf/images/img_6142.jpg,naevus,HAM_HAM_0000538,HAM10000,CC-BY-NC-4.0,
fitzpatrick17k_hf/images/img_6143.jpg,naevus,HAM_HAM_0004374,HAM10000,CC-BY-NC-4.0,
fitzpatrick17k_hf/images/img_6144.jpg,naevus,HAM_HAM_0002628,HAM10000,CC-BY-NC-4.0,
fitzpatrick17k_hf/images/img_6145.jpg,naevus,HAM_HAM_0000597,HAM10000,CC-BY-NC-4.0,
fitzpatrick17k_hf/images/img_6146.jpg,naevus,HAM_HAM_0003825,HAM10000,CC-BY-NC-4.0,
fitzpatrick17k_hf/images/img_6147.jpg,naevus,HAM_HAM_0005639,HAM10000,CC-BY-NC-4.0,
fitzpatrick17k_hf/images/img_6148.jpg,naevus,HAM_HAM_0003128,HAM10000,CC-BY-NC-4.0,
fitzpatrick17k_hf/images/img_6149.jpg,naevus,HAM_HAM_0006179,HAM10000,CC-BY-NC-4.0,
fitzpatrick17k_hf/images/img_6150.jpg,naevus,HAM_HAM_0006104,HAM10000,CC-BY-NC-4.0,
fitzpatrick17k_hf/images/img_6151.jpg,naevus,HAM_HAM_0007123,HAM10000,CC-BY-NC-4.0,
fitzpatrick17k_hf/images/img_6152.jpg,naevus,HAM_HAM_0005188,HAM10000,CC-BY-NC-4.0,
fitzpatrick17k_hf/images/img_6153.jpg,naevus,HAM_HAM_0004530,HAM10000,CC-BY-NC-4.0,
fitzpatrick17k_hf/images/img_6154.jpg,naevus,HAM_HAM_0006579,HAM10000,CC-BY-NC-4.0,
fitzpatrick17k_hf/images/img_6155.jpg,naevus,HAM_HAM_0007244,HAM10000,CC-BY-NC-4.0,
fitzpatrick17k_hf/images/img_6156.jpg,naevus,HAM_HAM_0000726,HAM10000,CC-BY-NC-4.0,
fitzpatrick17k_hf/images/img_6157.jpg,naevus,HAM_HAM_0006578,HAM10000,CC-BY-NC-4.0,
fitzpatrick17k_hf/images/img_6158.jpg,naevus,HAM_HAM_0001144,HAM10000,CC-BY-NC-4.0,
fitzpatrick17k_hf/images/img_6159.jpg,naevus,HAM_HAM_0006905,HAM10000,CC-BY-NC-4.0,
fitzpatrick17k_hf/images/img_6160.jpg,naevus,HAM_HAM_0003568,HAM10000,CC-BY-NC-4.0,
fitzpatrick17k_hf/images/img_6161.jpg,naevus,HAM_HAM_0005054,HAM10000,CC-BY-NC-4.0,
fitzpatrick17k_hf/images/img_6162.jpg,naevus,HAM_HAM_0005784,HAM10000,CC-BY-NC-4.0,
fitzpatrick17k_hf/images/img_6163.jpg,naevus,HAM_HAM_0002381,HAM10000,CC-BY-NC-4.0,
fitzpatrick17k_hf/images/img_6164.jpg,naevus,HAM_HAM_0002924,HAM10000,CC-BY-NC-4.0,
fitzpatrick17k_hf/images/img_6165.jpg,naevus,HAM_HAM_0007328,HAM10000,CC-BY-NC-4.0,
fitzpatrick17k_hf/images/img_6166.jpg,naevus,HAM_HAM_0000585,HAM10000,CC-BY-NC-4.0,
fitzpatrick17k_hf/images/img_6167.jpg,naevus,HAM_HAM_0001592,HAM10000,CC-BY-NC-4.0,
fitzpatrick17k_hf/images/img_6168.jpg,naevus,HAM_HAM_0003475,HAM10000,CC-BY-NC-4.0,
fitzpatrick17k_hf/images/img_6169.jpg,naevus,HAM_HAM_0001828,HAM10000,CC-BY-NC-4.0,
fitzpatrick17k_hf/images/img_6170.jpg,naevus,HAM_HAM_0005314,HAM10000,CC-BY-NC-4.0,
fitzpatrick17k_hf/images/img_6171.jpg,naevus,HAM_HAM_0002490,HAM10000,CC-BY-NC-4.0,
fitzpatrick17k_hf/images/img_6172.jpg,naevus,HAM_HAM_0003796,HAM10000,CC-BY-NC-4.0,
fitzpatrick17k_hf/images/img_6173.jpg,naevus,HAM_HAM_0001141,HAM10000,CC-BY-NC-4.0,
fitzpatrick17k_hf/images/img_6174.jpg,naevus,HAM_HAM_0006688,HAM10000,CC-BY-NC-4.0,
fitzpatrick17k_hf/images/img_6175.jpg,naevus,HAM_HAM_0005045,HAM10000,CC-BY-NC-4.0,
fitzpatrick17k_hf/images/img_6176.jpg,naevus,HAM_HAM_0002373,HAM10000,CC-BY-NC-4.0,
fitzpatrick17k_hf/images/img_6177.jpg,naevus,HAM_HAM_0005966,HAM10000,CC-BY-NC-4.0,
fitzpatrick17k_hf/images/img_6178.jpg,naevus,HAM_HAM_0002162,HAM10000,CC-BY-NC-4.0,
fitzpatrick17k_hf/images/img_6179.jpg,naevus,HAM_HAM_0000249,HAM10000,CC-BY-NC-4.0,
fitzpatrick17k_hf/images/img_6180.jpg,naevus,HAM_HAM_0002418,HAM10000,CC-BY-NC-4.0,
fitzpatrick17k_hf/images/img_6181.jpg,naevus,HAM_HAM_0006866,HAM10000,CC-BY-NC-4.0,
fitzpatrick17k_hf/images/img_6182.jpg,naevus,HAM_HAM_0003339,HAM10000,CC-BY-NC-4.0,
fitzpatrick17k_hf/images/img_6183.jpg,naevus,HAM_HAM_0006308,HAM10000,CC-BY-NC-4.0,
fitzpatrick17k_hf/images/img_6184.jpg,naevus,HAM_HAM_0000431,HAM10000,CC-BY-NC-4.0,
fitzpatrick17k_hf/images/img_6185.jpg,naevus,HAM_HAM_0005373,HAM10000,CC-BY-NC-4.0,
fitzpatrick17k_hf/images/img_6186.jpg,naevus,HAM_HAM_0000633,HAM10000,CC-BY-NC-4.0,
fitzpatrick17k_hf/images/img_6187.jpg,naevus,HAM_HAM_0002663,HAM10000,CC-BY-NC-4.0,
fitzpatrick17k_hf/images/img_6188.jpg,naevus,HAM_HAM_0000862,HAM10000,CC-BY-NC-4.0,
fitzpatrick17k_hf/images/img_6189.jpg,naevus,HAM_HAM_0000300,HAM10000,CC-BY-NC-4.0,
fitzpatrick17k_hf/images/img_6190.jpg,naevus,HAM_HAM_0002255,HAM10000,CC-BY-NC-4.0,
fitzpatrick17k_hf/images/img_6191.jpg,naevus,HAM_HAM_0005957,HAM10000,CC-BY-NC-4.0,
fitzpatrick17k_hf/images/img_6192.jpg,naevus,HAM_HAM_0006842,HAM10000,CC-BY-NC-4.0,
fitzpatrick17k_hf/images/img_6193.jpg,naevus,HAM_HAM_0003048,HAM10000,CC-BY-NC-4.0,
fitzpatrick17k_hf/images/img_6194.jpg,naevus,HAM_HAM_0006366,HAM10000,CC-BY-NC-4.0,
fitzpatrick17k_hf/images/img_6195.jpg,naevus,HAM_HAM_0006245,HAM10000,CC-BY-NC-4.0,
fitzpatrick17k_hf/images/img_6196.jpg,naevus,HAM_HAM_0004692,HAM10000,CC-BY-NC-4.0,
fitzpatrick17k_hf/images/img_6197.jpg,naevus,HAM_HAM_0004837,HAM10000,CC-BY-NC-4.0,
fitzpatrick17k_hf/images/img_6198.jpg,naevus,HAM_HAM_0004818,HAM10000,CC-BY-NC-4.0,
fitzpatrick17k_hf/images/img_6199.jpg,naevus,HAM_HAM_0004560,HAM10000,CC-BY-NC-4.0,
fitzpatrick17k_hf/images/img_6200.jpg,naevus,HAM_HAM_0002678,HAM10000,CC-BY-NC-4.0,
fitzpatrick17k_hf/images/img_6201.jpg,naevus,HAM_HAM_0002319,HAM10000,CC-BY-NC-4.0,
fitzpatrick17k_hf/images/img_6202.jpg,naevus,HAM_HAM_0003912,HAM10000,CC-BY-NC-4.0,
fitzpatrick17k_hf/images/img_6203.jpg,naevus,HAM_HAM_0000603,HAM10000,CC-BY-NC-4.0,
fitzpatrick17k_hf/images/img_6204.jpg,naevus,HAM_HAM_0003513,HAM10000,CC-BY-NC-4.0,
fitzpatrick17k_hf/images/img_6205.jpg,naevus,HAM_HAM_0000115,HAM10000,CC-BY-NC-4.0,
fitzpatrick17k_hf/images/img_6206.jpg,naevus,HAM_HAM_0000540,HAM10000,CC-BY-NC-4.0,
fitzpatrick17k_hf/images/img_6207.jpg,naevus,HAM_HAM_0006153,HAM10000,CC-BY-NC-4.0,
fitzpatrick17k_hf/images/img_6208.jpg,naevus,HAM_HAM_0005277,HAM10000,CC-BY-NC-4.0,
fitzpatrick17k_hf/images/img_6209.jpg,naevus,HAM_HAM_0002813,HAM10000,CC-BY-NC-4.0,
fitzpatrick17k_hf/images/img_6210.jpg,naevus,HAM_HAM_0001483,HAM10000,CC-BY-NC-4.0,
fitzpatrick17k_hf/images/img_6211.jpg,naevus,HAM_HAM_0005694,HAM10000,CC-BY-NC-4.0,
fitzpatrick17k_hf/images/img_6212.jpg,naevus,HAM_HAM_0006944,HAM10000,CC-BY-NC-4.0,
fitzpatrick17k_hf/images/img_6213.jpg,naevus,HAM_HAM_0002157,HAM10000,CC-BY-NC-4.0,
fitzpatrick17k_hf/images/img_6214.jpg,naevus,HAM_HAM_0001074,HAM10000,CC-BY-NC-4.0,
fitzpatrick17k_hf/images/img_6215.jpg,naevus,HAM_HAM_0003188,HAM10000,CC-BY-NC-4.0,
fitzpatrick17k_hf/images/img_6216.jpg,naevus,HAM_HAM_0000131,HAM10000,CC-BY-NC-4.0,
fitzpatrick17k_hf/images/img_6217.jpg,naevus,HAM_HAM_0001450,HAM10000,CC-BY-NC-4.0,
fitzpatrick17k_hf/images/img_6218.jpg,naevus,HAM_HAM_0005086,HAM10000,CC-BY-NC-4.0,
fitzpatrick17k_hf/images/img_6219.jpg,naevus,HAM_HAM_0005840,HAM10000,CC-BY-NC-4.0,
fitzpatrick17k_hf/images/img_6220.jpg,naevus,HAM_HAM_0002889,HAM10000,CC-BY-NC-4.0,
fitzpatrick17k_hf/images/img_6221.jpg,naevus,HAM_HAM_0006665,HAM10000,CC-BY-NC-4.0,
fitzpatrick17k_hf/images/img_6222.jpg,naevus,HAM_HAM_0000543,HAM10000,CC-BY-NC-4.0,
fitzpatrick17k_hf/images/img_6223.jpg,naevus,HAM_HAM_0001224,HAM10000,CC-BY-NC-4.0,
fitzpatrick17k_hf/images/img_6224.jpg,naevus,HAM_HAM_0002716,HAM10000,CC-BY-NC-4.0,
fitzpatrick17k_hf/images/img_6225.jpg,naevus,HAM_HAM_0007501,HAM10000,CC-BY-NC-4.0,
fitzpatrick17k_hf/images/img_6226.jpg,naevus,HAM_HAM_0000592,HAM10000,CC-BY-NC-4.0,
fitzpatrick17k_hf/images/img_6227.jpg,naevus,HAM_HAM_0000682,HAM10000,CC-BY-NC-4.0,
fitzpatrick17k_hf/images/img_6228.jpg,naevus,HAM_HAM_0005066,HAM10000,CC-BY-NC-4.0,
fitzpatrick17k_hf/images/img_6229.jpg,naevus,HAM_HAM_0004785,HAM10000,CC-BY-NC-4.0,
fitzpatrick17k_hf/images/img_6230.jpg,naevus,HAM_HAM_0001730,HAM10000,CC-BY-NC-4.0,
fitzpatrick17k_hf/images/img_6231.jpg,naevus,HAM_HAM_0002265,HAM10000,CC-BY-NC-4.0,
fitzpatrick17k_hf/images/img_6232.jpg,naevus,HAM_HAM_0000759,HAM10000,CC-BY-NC-4.0,
fitzpatrick17k_hf/images/img_6233.jpg,naevus,HAM_HAM_0001712,HAM10000,CC-BY-NC-4.0,
fitzpatrick17k_hf/images/img_6234.jpg,naevus,HAM_HAM_0006793,HAM10000,CC-BY-NC-4.0,
fitzpatrick17k_hf/images/img_6235.jpg,naevus,HAM_HAM_0006691,HAM10000,CC-BY-NC-4.0,
fitzpatrick17k_hf/images/img_6236.jpg,naevus,HAM_HAM_0005771,HAM10000,CC-BY-NC-4.0,
fitzpatrick17k_hf/images/img_6237.jpg,naevus,HAM_HAM_0004058,HAM10000,CC-BY-NC-4.0,
fitzpatrick17k_hf/images/img_6238.jpg,naevus,HAM_HAM_0000702,HAM10000,CC-BY-NC-4.0,
fitzpatrick17k_hf/images/img_6239.jpg,naevus,HAM_HAM_0003200,HAM10000,CC-BY-NC-4.0,
fitzpatrick17k_hf/images/img_6240.jpg,naevus,HAM_HAM_0001710,HAM10000,CC-BY-NC-4.0,
fitzpatrick17k_hf/images/img_6241.jpg,naevus,HAM_HAM_0001609,HAM10000,CC-BY-NC-4.0,
fitzpatrick17k_hf/images/img_6242.jpg,naevus,HAM_HAM_0004956,HAM10000,CC-BY-NC-4.0,
fitzpatrick17k_hf/images/img_6243.jpg,naevus,HAM_HAM_0001156,HAM10000,CC-BY-NC-4.0,
fitzpatrick17k_hf/images/img_6244.jpg,naevus,HAM_HAM_0005675,HAM10000,CC-BY-NC-4.0,
fitzpatrick17k_hf/images/img_6245.jpg,naevus,HAM_HAM_0000305,HAM10000,CC-BY-NC-4.0,
fitzpatrick17k_hf/images/img_6246.jpg,naevus,HAM_HAM_0002205,HAM10000,CC-BY-NC-4.0,
fitzpatrick17k_hf/images/img_6247.jpg,naevus,HAM_HAM_0000073,HAM10000,CC-BY-NC-4.0,
fitzpatrick17k_hf/images/img_6248.jpg,naevus,HAM_HAM_0006302,HAM10000,CC-BY-NC-4.0,
fitzpatrick17k_hf/images/img_6249.jpg,naevus,HAM_HAM_0002112,HAM10000,CC-BY-NC-4.0,
fitzpatrick17k_hf/images/img_6250.jpg,naevus,HAM_HAM_0004902,HAM10000,CC-BY-NC-4.0,
fitzpatrick17k_hf/images/img_6251.jpg,naevus,HAM_HAM_0005859,HAM10000,CC-BY-NC-4.0,
fitzpatrick17k_hf/images/img_6252.jpg,naevus,HAM_HAM_0002926,HAM10000,CC-BY-NC-4.0,
fitzpatrick17k_hf/images/img_6253.jpg,naevus,HAM_HAM_0003756,HAM10000,CC-BY-NC-4.0,
fitzpatrick17k_hf/images/img_6254.jpg,naevus,HAM_HAM_0000976,HAM10000,CC-BY-NC-4.0,
fitzpatrick17k_hf/images/img_6255.jpg,naevus,HAM_HAM_0001871,HAM10000,CC-BY-NC-4.0,
fitzpatrick17k_hf/images/img_6256.jpg,naevus,HAM_HAM_0001554,HAM10000,CC-BY-NC-4.0,
fitzpatrick17k_hf/images/img_6257.jpg,naevus,HAM_HAM_0007531,HAM10000,CC-BY-NC-4.0,
fitzpatrick17k_hf/images/img_6258.jpg,naevus,HAM_HAM_0007017,HAM10000,CC-BY-NC-4.0,
fitzpatrick17k_hf/images/img_6259.jpg,naevus,HAM_HAM_0006926,HAM10000,CC-BY-NC-4.0,
fitzpatrick17k_hf/images/img_6260.jpg,naevus,HAM_HAM_0002154,HAM10000,CC-BY-NC-4.0,
fitzpatrick17k_hf/images/img_6261.jpg,naevus,HAM_HAM_0000231,HAM10000,CC-BY-NC-4.0,
fitzpatrick17k_hf/images/img_6262.jpg,naevus,HAM_HAM_0000093,HAM10000,CC-BY-NC-4.0,
fitzpatrick17k_hf/images/img_6263.jpg,naevus,HAM_HAM_0006242,HAM10000,CC-BY-NC-4.0,
fitzpatrick17k_hf/images/img_6264.jpg,naevus,HAM_HAM_0005153,HAM10000,CC-BY-NC-4.0,
fitzpatrick17k_hf/images/img_6265.jpg,naevus,HAM_HAM_0003166,HAM10000,CC-BY-NC-4.0,
fitzpatrick17k_hf/images/img_6266.jpg,naevus,HAM_HAM_0005944,HAM10000,CC-BY-NC-4.0,
fitzpatrick17k_hf/images/img_6267.jpg,naevus,HAM_HAM_0000077,HAM10000,CC-BY-NC-4.0,
fitzpatrick17k_hf/images/img_6268.jpg,naevus,HAM_HAM_0002628,HAM10000,CC-BY-NC-4.0,
fitzpatrick17k_hf/images/img_6269.jpg,naevus,HAM_HAM_0000078,HAM10000,CC-BY-NC-4.0,
fitzpatrick17k_hf/images/img_6270.jpg,naevus,HAM_HAM_0003908,HAM10000,CC-BY-NC-4.0,
fitzpatrick17k_hf/images/img_6271.jpg,naevus,HAM_HAM_0007610,HAM10000,CC-BY-NC-4.0,
fitzpatrick17k_hf/images/img_6272.jpg,naevus,HAM_HAM_0001730,HAM10000,CC-BY-NC-4.0,
fitzpatrick17k_hf/images/img_6273.jpg,naevus,HAM_HAM_0003479,HAM10000,CC-BY-NC-4.0,
fitzpatrick17k_hf/images/img_6274.jpg,naevus,HAM_HAM_0001813,HAM10000,CC-BY-NC-4.0,
fitzpatrick17k_hf/images/img_6275.jpg,naevus,HAM_HAM_0006822,HAM10000,CC-BY-NC-4.0,
fitzpatrick17k_hf/images/img_6276.jpg,naevus,HAM_HAM_0004911,HAM10000,CC-BY-NC-4.0,
fitzpatrick17k_hf/images/img_6277.jpg,naevus,HAM_HAM_0002496,HAM10000,CC-BY-NC-4.0,
fitzpatrick17k_hf/images/img_6278.jpg,naevus,HAM_HAM_0006428,HAM10000,CC-BY-NC-4.0,
fitzpatrick17k_hf/images/img_6279.jpg,naevus,HAM_HAM_0005070,HAM10000,CC-BY-NC-4.0,
fitzpatrick17k_hf/images/img_6280.jpg,naevus,HAM_HAM_0007394,HAM10000,CC-BY-NC-4.0,
fitzpatrick17k_hf/images/img_6281.jpg,naevus,HAM_HAM_0007012,HAM10000,CC-BY-NC-4.0,
fitzpatrick17k_hf/images/img_6282.jpg,naevus,HAM_HAM_0001636,HAM10000,CC-BY-NC-4.0,
fitzpatrick17k_hf/images/img_6283.jpg,naevus,HAM_HAM_0007578,HAM10000,CC-BY-NC-4.0,
fitzpatrick17k_hf/images/img_6284.jpg,naevus,HAM_HAM_0004838,HAM10000,CC-BY-NC-4.0,
fitzpatrick17k_hf/images/img_6285.jpg,naevus,HAM_HAM_0004533,HAM10000,CC-BY-NC-4.0,
fitzpatrick17k_hf/images/img_6286.jpg,naevus,HAM_HAM_0004580,HAM10000,CC-BY-NC-4.0,
fitzpatrick17k_hf/images/img_6287.jpg,naevus,HAM_HAM_0005745,HAM10000,CC-BY-NC-4.0,
fitzpatrick17k_hf/images/img_6288.jpg,naevus,HAM_HAM_0002489,HAM10000,CC-BY-NC-4.0,
fitzpatrick17k_hf/images/img_6289.jpg,naevus,HAM_HAM_0001544,HAM10000,CC-BY-NC-4.0,
fitzpatrick17k_hf/images/img_6290.jpg,naevus,HAM_HAM_0007166,HAM10000,CC-BY-NC-4.0,
fitzpatrick17k_hf/images/img_6291.jpg,naevus,HAM_HAM_0002445,HAM10000,CC-BY-NC-4.0,
fitzpatrick17k_hf/images/img_6292.jpg,naevus,HAM_HAM_0004803,HAM10000,CC-BY-NC-4.0,
fitzpatrick17k_hf/images/img_6293.jpg,naevus,HAM_HAM_0004101,HAM10000,CC-BY-NC-4.0,
fitzpatrick17k_hf/images/img_6294.jpg,naevus,HAM_HAM_0006432,HAM10000,CC-BY-NC-4.0,
fitzpatrick17k_hf/images/img_6295.jpg,naevus,HAM_HAM_0000631,HAM10000,CC-BY-NC-4.0,
fitzpatrick17k_hf/images/img_6296.jpg,naevus,HAM_HAM_0003334,HAM10000,CC-BY-NC-4.0,
fitzpatrick17k_hf/images/img_6297.jpg,naevus,HAM_HAM_0001305,HAM10000,CC-BY-NC-4.0,
fitzpatrick17k_hf/images/img_6298.jpg,naevus,HAM_HAM_0005838,HAM10000,CC-BY-NC-4.0,
fitzpatrick17k_hf/images/img_6299.jpg,naevus,HAM_HAM_0002356,HAM10000,CC-BY-NC-4.0,
fitzpatrick17k_hf/images/img_6300.jpg,naevus,HAM_HAM_0000406,HAM10000,CC-BY-NC-4.0,
fitzpatrick17k_hf/images/img_6301.jpg,naevus,HAM_HAM_0001025,HAM10000,CC-BY-NC-4.0,
fitzpatrick17k_hf/images/img_6302.jpg,naevus,HAM_HAM_0007350,HAM10000,CC-BY-NC-4.0,
fitzpatrick17k_hf/images/img_6303.jpg,naevus,HAM_HAM_0003284,HAM10000,CC-BY-NC-4.0,
fitzpatrick17k_hf/images/img_6304.jpg,naevus,HAM_HAM_0006647,HAM10000,CC-BY-NC-4.0,
fitzpatrick17k_hf/images/img_6305.jpg,naevus,HAM_HAM_0003406,HAM10000,CC-BY-NC-4.0,
fitzpatrick17k_hf/images/img_6306.jpg,naevus,HAM_HAM_0007213,HAM10000,CC-BY-NC-4.0,
fitzpatrick17k_hf/images/img_6307.jpg,naevus,HAM_HAM_0004222,HAM10000,CC-BY-NC-4.0,
fitzpatrick17k_hf/images/img_6308.jpg,naevus,HAM_HAM_0006262,HAM10000,CC-BY-NC-4.0,
fitzpatrick17k_hf/images/img_6309.jpg,naevus,HAM_HAM_0004790,HAM10000,CC-BY-NC-4.0,
fitzpatrick17k_hf/images/img_6310.jpg,naevus,HAM_HAM_0005055,HAM10000,CC-BY-NC-4.0,
fitzpatrick17k_hf/images/img_6311.jpg,naevus,HAM_HAM_0004280,HAM10000,CC-BY-NC-4.0,
fitzpatrick17k_hf/images/img_6312.jpg,naevus,HAM_HAM_0004847,HAM10000,CC-BY-NC-4.0,
fitzpatrick17k_hf/images/img_6313.jpg,naevus,HAM_HAM_0006863,HAM10000,CC-BY-NC-4.0,
fitzpatrick17k_hf/images/img_6314.jpg,naevus,HAM_HAM_0004474,HAM10000,CC-BY-NC-4.0,
fitzpatrick17k_hf/images/img_6315.jpg,naevus,HAM_HAM_0000258,HAM10000,CC-BY-NC-4.0,
fitzpatrick17k_hf/images/img_6316.jpg,naevus,HAM_HAM_0005111,HAM10000,CC-BY-NC-4.0,
fitzpatrick17k_hf/images/img_6317.jpg,naevus,HAM_HAM_0001020,HAM10000,CC-BY-NC-4.0,
fitzpatrick17k_hf/images/img_6318.jpg,naevus,HAM_HAM_0002969,HAM10000,CC-BY-NC-4.0,
fitzpatrick17k_hf/images/img_6319.jpg,naevus,HAM_HAM_0001406,HAM10000,CC-BY-NC-4.0,
fitzpatrick17k_hf/images/img_6320.jpg,naevus,HAM_HAM_0006642,HAM10000,CC-BY-NC-4.0,
fitzpatrick17k_hf/images/img_6321.jpg,naevus,HAM_HAM_0003036,HAM10000,CC-BY-NC-4.0,
fitzpatrick17k_hf/images/img_6322.jpg,naevus,HAM_HAM_0001103,HAM10000,CC-BY-NC-4.0,
fitzpatrick17k_hf/images/img_6323.jpg,naevus,HAM_HAM_0005008,HAM10000,CC-BY-NC-4.0,
fitzpatrick17k_hf/images/img_6324.jpg,naevus,HAM_HAM_0007385,HAM10000,CC-BY-NC-4.0,
fitzpatrick17k_hf/images/img_6325.jpg,naevus,HAM_HAM_0000350,HAM10000,CC-BY-NC-4.0,
fitzpatrick17k_hf/images/img_6326.jpg,naevus,HAM_HAM_0005197,HAM10000,CC-BY-NC-4.0,
fitzpatrick17k_hf/images/img_6327.jpg,naevus,HAM_HAM_0005750,HAM10000,CC-BY-NC-4.0,
fitzpatrick17k_hf/images/img_6328.jpg,naevus,HAM_HAM_0004049,HAM10000,CC-BY-NC-4.0,
fitzpatrick17k_hf/images/img_6329.jpg,naevus,HAM_HAM_0002948,HAM10000,CC-BY-NC-4.0,
fitzpatrick17k_hf/images/img_6330.jpg,naevus,HAM_HAM_0002047,HAM10000,CC-BY-NC-4.0,
fitzpatrick17k_hf/images/img_6331.jpg,naevus,HAM_HAM_0001975,HAM10000,CC-BY-NC-4.0,
fitzpatrick17k_hf/images/img_6332.jpg,naevus,HAM_HAM_0007493,HAM10000,CC-BY-NC-4.0,
fitzpatrick17k_hf/images/img_6333.jpg,naevus,HAM_HAM_0007385,HAM10000,CC-BY-NC-4.0,
fitzpatrick17k_hf/images/img_6334.jpg,naevus,HAM_HAM_0004355,HAM10000,CC-BY-NC-4.0,
fitzpatrick17k_hf/images/img_6335.jpg,naevus,HAM_HAM_0002066,HAM10000,CC-BY-NC-4.0,
fitzpatrick17k_hf/images/img_6336.jpg,naevus,HAM_HAM_0005173,HAM10000,CC-BY-NC-4.0,
fitzpatrick17k_hf/images/img_6337.jpg,naevus,HAM_HAM_0006098,HAM10000,CC-BY-NC-4.0,
fitzpatrick17k_hf/images/img_6338.jpg,naevus,HAM_HAM_0004045,HAM10000,CC-BY-NC-4.0,
fitzpatrick17k_hf/images/img_6339.jpg,naevus,HAM_HAM_0002189,HAM10000,CC-BY-NC-4.0,
fitzpatrick17k_hf/images/img_6340.jpg,naevus,HAM_HAM_0001297,HAM10000,CC-BY-NC-4.0,
fitzpatrick17k_hf/images/img_6341.jpg,naevus,HAM_HAM_0000194,HAM10000,CC-BY-NC-4.0,
fitzpatrick17k_hf/images/img_6342.jpg,naevus,HAM_HAM_0000518,HAM10000,CC-BY-NC-4.0,
fitzpatrick17k_hf/images/img_6343.jpg,naevus,HAM_HAM_0000858,HAM10000,CC-BY-NC-4.0,
fitzpatrick17k_hf/images/img_6344.jpg,naevus,HAM_HAM_0004443,HAM10000,CC-BY-NC-4.0,
fitzpatrick17k_hf/images/img_6345.jpg,naevus,HAM_HAM_0001084,HAM10000,CC-BY-NC-4.0,
fitzpatrick17k_hf/images/img_6346.jpg,naevus,HAM_HAM_0001850,HAM10000,CC-BY-NC-4.0,
fitzpatrick17k_hf/images/img_6347.jpg,naevus,HAM_HAM_0001255,HAM10000,CC-BY-NC-4.0,
fitzpatrick17k_hf/images/img_6348.jpg,naevus,HAM_HAM_0001271,HAM10000,CC-BY-NC-4.0,
fitzpatrick17k_hf/images/img_6349.jpg,naevus,HAM_HAM_0003896,HAM10000,CC-BY-NC-4.0,
fitzpatrick17k_hf/images/img_6350.jpg,naevus,HAM_HAM_0000657,HAM10000,CC-BY-NC-4.0,
fitzpatrick17k_hf/images/img_6351.jpg,naevus,HAM_HAM_0003371,HAM10000,CC-BY-NC-4.0,
fitzpatrick17k_hf/images/img_6352.jpg,naevus,HAM_HAM_0005999,HAM10000,CC-BY-NC-4.0,
fitzpatrick17k_hf/images/img_6353.jpg,naevus,HAM_HAM_0000836,HAM10000,CC-BY-NC-4.0,
fitzpatrick17k_hf/images/img_6354.jpg,naevus,HAM_HAM_0004412,HAM10000,CC-BY-NC-4.0,
fitzpatrick17k_hf/images/img_6355.jpg,naevus,HAM_HAM_0003562,HAM10000,CC-BY-NC-4.0,
fitzpatrick17k_hf/images/img_6356.jpg,naevus,HAM_HAM_0002833,HAM10000,CC-BY-NC-4.0,
fitzpatrick17k_hf/images/img_6357.jpg,naevus,HAM_HAM_0004802,HAM10000,CC-BY-NC-4.0,
fitzpatrick17k_hf/images/img_6358.jpg,naevus,HAM_HAM_0005881,HAM10000,CC-BY-NC-4.0,
fitzpatrick17k_hf/images/img_6359.jpg,naevus,HAM_HAM_0006194,HAM10000,CC-BY-NC-4.0,
fitzpatrick17k_hf/images/img_6360.jpg,naevus,HAM_HAM_0003413,HAM10000,CC-BY-NC-4.0,
fitzpatrick17k_hf/images/img_6361.jpg,naevus,HAM_HAM_0001700,HAM10000,CC-BY-NC-4.0,
fitzpatrick17k_hf/images/img_6362.jpg,naevus,HAM_HAM_0002181,HAM10000,CC-BY-NC-4.0,
fitzpatrick17k_hf/images/img_6363.jpg,naevus,HAM_HAM_0004923,HAM10000,CC-BY-NC-4.0,
fitzpatrick17k_hf/images/img_6364.jpg,naevus,HAM_HAM_0005292,HAM10000,CC-BY-NC-4.0,
fitzpatrick17k_hf/images/img_6365.jpg,naevus,HAM_HAM_0005767,HAM10000,CC-BY-NC-4.0,
fitzpatrick17k_hf/images/img_6366.jpg,naevus,HAM_HAM_0005154,HAM10000,CC-BY-NC-4.0,
fitzpatrick17k_hf/images/img_6367.jpg,naevus,HAM_HAM_0002007,HAM10000,CC-BY-NC-4.0,
fitzpatrick17k_hf/images/img_6368.jpg,naevus,HAM_HAM_0003175,HAM10000,CC-BY-NC-4.0,
fitzpatrick17k_hf/images/img_6369.jpg,naevus,HAM_HAM_0003303,HAM10000,CC-BY-NC-4.0,
fitzpatrick17k_hf/images/img_6370.jpg,naevus,HAM_HAM_0001552,HAM10000,CC-BY-NC-4.0,
fitzpatrick17k_hf/images/img_6371.jpg,naevus,HAM_HAM_0006054,HAM10000,CC-BY-NC-4.0,
fitzpatrick17k_hf/images/img_6372.jpg,naevus,HAM_HAM_0004920,HAM10000,CC-BY-NC-4.0,
fitzpatrick17k_hf/images/img_6373.jpg,naevus,HAM_HAM_0004679,HAM10000,CC-BY-NC-4.0,
fitzpatrick17k_hf/images/img_6374.jpg,naevus,HAM_HAM_0001254,HAM10000,CC-BY-NC-4.0,
fitzpatrick17k_hf/images/img_6375.jpg,naevus,HAM_HAM_0000784,HAM10000,CC-BY-NC-4.0,
fitzpatrick17k_hf/images/img_6376.jpg,naevus,HAM_HAM_0004665,HAM10000,CC-BY-NC-4.0,
fitzpatrick17k_hf/images/img_6377.jpg,naevus,HAM_HAM_0005151,HAM10000,CC-BY-NC-4.0,
fitzpatrick17k_hf/images/img_6378.jpg,naevus,HAM_HAM_0006998,HAM10000,CC-BY-NC-4.0,
fitzpatrick17k_hf/images/img_6379.jpg,naevus,HAM_HAM_0001569,HAM10000,CC-BY-NC-4.0,
fitzpatrick17k_hf/images/img_6380.jpg,naevus,HAM_HAM_0007222,HAM10000,CC-BY-NC-4.0,
fitzpatrick17k_hf/images/img_6381.jpg,naevus,HAM_HAM_0006825,HAM10000,CC-BY-NC-4.0,
fitzpatrick17k_hf/images/img_6382.jpg,naevus,HAM_HAM_0006057,HAM10000,CC-BY-NC-4.0,
fitzpatrick17k_hf/images/img_6383.jpg,naevus,HAM_HAM_0002323,HAM10000,CC-BY-NC-4.0,
fitzpatrick17k_hf/images/img_6384.jpg,naevus,HAM_HAM_0001578,HAM10000,CC-BY-NC-4.0,
fitzpatrick17k_hf/images/img_6385.jpg,naevus,HAM_HAM_0001408,HAM10000,CC-BY-NC-4.0,
fitzpatrick17k_hf/images/img_6386.jpg,naevus,HAM_HAM_0001638,HAM10000,CC-BY-NC-4.0,
fitzpatrick17k_hf/images/img_6387.jpg,naevus,HAM_HAM_0002910,HAM10000,CC-BY-NC-4.0,
fitzpatrick17k_hf/images/img_6388.jpg,naevus,HAM_HAM_0003919,HAM10000,CC-BY-NC-4.0,
fitzpatrick17k_hf/images/img_6389.jpg,naevus,HAM_HAM_0002675,HAM10000,CC-BY-NC-4.0,
fitzpatrick17k_hf/images/img_6390.jpg,naevus,HAM_HAM_0007518,HAM10000,CC-BY-NC-4.0,
fitzpatrick17k_hf/images/img_6391.jpg,naevus,HAM_HAM_0005097,HAM10000,CC-BY-NC-4.0,
fitzpatrick17k_hf/images/img_6392.jpg,naevus,HAM_HAM_0000287,HAM10000,CC-BY-NC-4.0,
fitzpatrick17k_hf/images/img_6393.jpg,naevus,HAM_HAM_0005515,HAM10000,CC-BY-NC-4.0,
fitzpatrick17k_hf/images/img_6394.jpg,naevus,HAM_HAM_0006780,HAM10000,CC-BY-NC-4.0,
fitzpatrick17k_hf/images/img_6395.jpg,naevus,HAM_HAM_0000875,HAM10000,CC-BY-NC-4.0,
fitzpatrick17k_hf/images/img_6396.jpg,naevus,HAM_HAM_0006499,HAM10000,CC-BY-NC-4.0,
fitzpatrick17k_hf/images/img_6397.jpg,naevus,HAM_HAM_0002941,HAM10000,CC-BY-NC-4.0,
fitzpatrick17k_hf/images/img_6398.jpg,naevus,HAM_HAM_0001832,HAM10000,CC-BY-NC-4.0,
fitzpatrick17k_hf/images/img_6399.jpg,naevus,HAM_HAM_0004806,HAM10000,CC-BY-NC-4.0,
fitzpatrick17k_hf/images/img_6400.jpg,naevus,HAM_HAM_0001611,HAM10000,CC-BY-NC-4.0,
fitzpatrick17k_hf/images/img_6401.jpg,naevus,HAM_HAM_0006767,HAM10000,CC-BY-NC-4.0,
fitzpatrick17k_hf/images/img_6402.jpg,naevus,HAM_HAM_0004253,HAM10000,CC-BY-NC-4.0,
fitzpatrick17k_hf/images/img_6403.jpg,naevus,HAM_HAM_0005254,HAM10000,CC-BY-NC-4.0,
fitzpatrick17k_hf/images/img_6404.jpg,naevus,HAM_HAM_0007323,HAM10000,CC-BY-NC-4.0,
fitzpatrick17k_hf/images/img_6405.jpg,naevus,HAM_HAM_0000778,HAM10000,CC-BY-NC-4.0,
fitzpatrick17k_hf/images/img_6406.jpg,naevus,HAM_HAM_0005994,HAM10000,CC-BY-NC-4.0,
fitzpatrick17k_hf/images/img_6407.jpg,naevus,HAM_HAM_0001454,HAM10000,CC-BY-NC-4.0,
fitzpatrick17k_hf/images/img_6408.jpg,naevus,HAM_HAM_0002657,HAM10000,CC-BY-NC-4.0,
fitzpatrick17k_hf/images/img_6409.jpg,naevus,HAM_HAM_0002594,HAM10000,CC-BY-NC-4.0,
fitzpatrick17k_hf/images/img_6410.jpg,naevus,HAM_HAM_0002567,HAM10000,CC-BY-NC-4.0,
fitzpatrick17k_hf/images/img_6411.jpg,naevus,HAM_HAM_0001688,HAM10000,CC-BY-NC-4.0,
fitzpatrick17k_hf/images/img_6412.jpg,naevus,HAM_HAM_0003748,HAM10000,CC-BY-NC-4.0,
fitzpatrick17k_hf/images/img_6413.jpg,naevus,HAM_HAM_0007174,HAM10000,CC-BY-NC-4.0,
fitzpatrick17k_hf/images/img_6414.jpg,naevus,HAM_HAM_0001052,HAM10000,CC-BY-NC-4.0,
fitzpatrick17k_hf/images/img_6415.jpg,naevus,HAM_HAM_0007347,HAM10000,CC-BY-NC-4.0,
fitzpatrick17k_hf/images/img_6416.jpg,naevus,HAM_HAM_0004180,HAM10000,CC-BY-NC-4.0,
fitzpatrick17k_hf/images/img_6417.jpg,naevus,HAM_HAM_0003180,HAM10000,CC-BY-NC-4.0,
fitzpatrick17k_hf/images/img_6418.jpg,naevus,HAM_HAM_0002159,HAM10000,CC-BY-NC-4.0,
fitzpatrick17k_hf/images/img_6419.jpg,naevus,HAM_HAM_0000798,HAM10000,CC-BY-NC-4.0,
fitzpatrick17k_hf/images/img_6420.jpg,naevus,HAM_HAM_0006488,HAM10000,CC-BY-NC-4.0,
fitzpatrick17k_hf/images/img_6421.jpg,naevus,HAM_HAM_0005615,HAM10000,CC-BY-NC-4.0,
fitzpatrick17k_hf/images/img_6422.jpg,naevus,HAM_HAM_0003396,HAM10000,CC-BY-NC-4.0,
fitzpatrick17k_hf/images/img_6423.jpg,naevus,HAM_HAM_0003122,HAM10000,CC-BY-NC-4.0,
fitzpatrick17k_hf/images/img_6424.jpg,naevus,HAM_HAM_0000632,HAM10000,CC-BY-NC-4.0,
fitzpatrick17k_hf/images/img_6425.jpg,naevus,HAM_HAM_0003045,HAM10000,CC-BY-NC-4.0,
fitzpatrick17k_hf/images/img_6426.jpg,naevus,HAM_HAM_0003878,HAM10000,CC-BY-NC-4.0,
fitzpatrick17k_hf/images/img_6427.jpg,naevus,HAM_HAM_0001800,HAM10000,CC-BY-NC-4.0,
fitzpatrick17k_hf/images/img_6428.jpg,naevus,HAM_HAM_0006420,HAM10000,CC-BY-NC-4.0,
fitzpatrick17k_hf/images/img_6429.jpg,naevus,HAM_HAM_0003154,HAM10000,CC-BY-NC-4.0,
fitzpatrick17k_hf/images/img_6430.jpg,naevus,HAM_HAM_0001961,HAM10000,CC-BY-NC-4.0,
fitzpatrick17k_hf/images/img_6431.jpg,naevus,HAM_HAM_0003387,HAM10000,CC-BY-NC-4.0,
fitzpatrick17k_hf/images/img_6432.jpg,naevus,HAM_HAM_0005561,HAM10000,CC-BY-NC-4.0,
fitzpatrick17k_hf/images/img_6433.jpg,naevus,HAM_HAM_0006596,HAM10000,CC-BY-NC-4.0,
fitzpatrick17k_hf/images/img_6434.jpg,naevus,HAM_HAM_0001932,HAM10000,CC-BY-NC-4.0,
fitzpatrick17k_hf/images/img_6435.jpg,naevus,HAM_HAM_0002439,HAM10000,CC-BY-NC-4.0,
fitzpatrick17k_hf/images/img_6436.jpg,naevus,HAM_HAM_0006562,HAM10000,CC-BY-NC-4.0,
fitzpatrick17k_hf/images/img_6437.jpg,naevus,HAM_HAM_0005828,HAM10000,CC-BY-NC-4.0,
fitzpatrick17k_hf/images/img_6438.jpg,naevus,HAM_HAM_0004159,HAM10000,CC-BY-NC-4.0,
fitzpatrick17k_hf/images/img_6439.jpg,naevus,HAM_HAM_0003467,HAM10000,CC-BY-NC-4.0,
fitzpatrick17k_hf/images/img_6440.jpg,naevus,HAM_HAM_0000174,HAM10000,CC-BY-NC-4.0,
fitzpatrick17k_hf/images/img_6441.jpg,naevus,HAM_HAM_0006492,HAM10000,CC-BY-NC-4.0,
fitzpatrick17k_hf/images/img_6442.jpg,naevus,HAM_HAM_0005056,HAM10000,CC-BY-NC-4.0,
fitzpatrick17k_hf/images/img_6443.jpg,naevus,HAM_HAM_0005773,HAM10000,CC-BY-NC-4.0,
fitzpatrick17k_hf/images/img_6444.jpg,naevus,HAM_HAM_0004003,HAM10000,CC-BY-NC-4.0,
fitzpatrick17k_hf/images/img_6445.jpg,naevus,HAM_HAM_0006504,HAM10000,CC-BY-NC-4.0,
fitzpatrick17k_hf/images/img_6446.jpg,naevus,HAM_HAM_0004544,HAM10000,CC-BY-NC-4.0,
fitzpatrick17k_hf/images/img_6447.jpg,naevus,HAM_HAM_0006178,HAM10000,CC-BY-NC-4.0,
fitzpatrick17k_hf/images/img_6448.jpg,naevus,HAM_HAM_0000621,HAM10000,CC-BY-NC-4.0,
fitzpatrick17k_hf/images/img_6449.jpg,naevus,HAM_HAM_0004122,HAM10000,CC-BY-NC-4.0,
fitzpatrick17k_hf/images/img_6450.jpg,naevus,HAM_HAM_0000945,HAM10000,CC-BY-NC-4.0,
fitzpatrick17k_hf/images/img_6451.jpg,naevus,HAM_HAM_0002566,HAM10000,CC-BY-NC-4.0,
fitzpatrick17k_hf/images/img_6452.jpg,naevus,HAM_HAM_0006725,HAM10000,CC-BY-NC-4.0,
fitzpatrick17k_hf/images/img_6453.jpg,naevus,HAM_HAM_0004510,HAM10000,CC-BY-NC-4.0,
fitzpatrick17k_hf/images/img_6454.jpg,naevus,HAM_HAM_0000922,HAM10000,CC-BY-NC-4.0,
fitzpatrick17k_hf/images/img_6455.jpg,naevus,HAM_HAM_0001924,HAM10000,CC-BY-NC-4.0,
fitzpatrick17k_hf/images/img_6456.jpg,naevus,HAM_HAM_0000707,HAM10000,CC-BY-NC-4.0,
fitzpatrick17k_hf/images/img_6457.jpg,naevus,HAM_HAM_0005214,HAM10000,CC-BY-NC-4.0,
fitzpatrick17k_hf/images/img_6458.jpg,naevus,HAM_HAM_0000217,HAM10000,CC-BY-NC-4.0,
fitzpatrick17k_hf/images/img_6459.jpg,naevus,HAM_HAM_0004217,HAM10000,CC-BY-NC-4.0,
fitzpatrick17k_hf/images/img_6460.jpg,naevus,HAM_HAM_0005176,HAM10000,CC-BY-NC-4.0,
fitzpatrick17k_hf/images/img_6461.jpg,naevus,HAM_HAM_0002014,HAM10000,CC-BY-NC-4.0,
fitzpatrick17k_hf/images/img_6462.jpg,naevus,HAM_HAM_0006205,HAM10000,CC-BY-NC-4.0,
fitzpatrick17k_hf/images/img_6463.jpg,naevus,HAM_HAM_0002510,HAM10000,CC-BY-NC-4.0,
fitzpatrick17k_hf/images/img_6464.jpg,naevus,HAM_HAM_0003434,HAM10000,CC-BY-NC-4.0,
fitzpatrick17k_hf/images/img_6465.jpg,naevus,HAM_HAM_0000144,HAM10000,CC-BY-NC-4.0,
fitzpatrick17k_hf/images/img_6466.jpg,naevus,HAM_HAM_0004287,HAM10000,CC-BY-NC-4.0,
fitzpatrick17k_hf/images/img_6467.jpg,naevus,HAM_HAM_0006848,HAM10000,CC-BY-NC-4.0,
fitzpatrick17k_hf/images/img_6468.jpg,naevus,HAM_HAM_0004443,HAM10000,CC-BY-NC-4.0,
fitzpatrick17k_hf/images/img_6469.jpg,naevus,HAM_HAM_0001934,HAM10000,CC-BY-NC-4.0,
fitzpatrick17k_hf/images/img_6470.jpg,naevus,HAM_HAM_0000401,HAM10000,CC-BY-NC-4.0,
fitzpatrick17k_hf/images/img_6471.jpg,naevus,HAM_HAM_0001970,HAM10000,CC-BY-NC-4.0,
fitzpatrick17k_hf/images/img_6472.jpg,naevus,HAM_HAM_0005774,HAM10000,CC-BY-NC-4.0,
fitzpatrick17k_hf/images/img_6473.jpg,naevus,HAM_HAM_0006683,HAM10000,CC-BY-NC-4.0,
fitzpatrick17k_hf/images/img_6474.jpg,naevus,HAM_HAM_0006030,HAM10000,CC-BY-NC-4.0,
fitzpatrick17k_hf/images/img_6475.jpg,naevus,HAM_HAM_0006853,HAM10000,CC-BY-NC-4.0,
fitzpatrick17k_hf/images/img_6476.jpg,naevus,HAM_HAM_0006316,HAM10000,CC-BY-NC-4.0,
fitzpatrick17k_hf/images/img_6477.jpg,naevus,HAM_HAM_0004267,HAM10000,CC-BY-NC-4.0,
fitzpatrick17k_hf/images/img_6478.jpg,naevus,HAM_HAM_0003307,HAM10000,CC-BY-NC-4.0,
fitzpatrick17k_hf/images/img_6479.jpg,naevus,HAM_HAM_0005091,HAM10000,CC-BY-NC-4.0,
fitzpatrick17k_hf/images/img_6480.jpg,naevus,HAM_HAM_0003833,HAM10000,CC-BY-NC-4.0,
fitzpatrick17k_hf/images/img_6481.jpg,naevus,HAM_HAM_0003438,HAM10000,CC-BY-NC-4.0,
fitzpatrick17k_hf/images/img_6482.jpg,naevus,HAM_HAM_0007314,HAM10000,CC-BY-NC-4.0,
fitzpatrick17k_hf/images/img_6483.jpg,naevus,HAM_HAM_0004861,HAM10000,CC-BY-NC-4.0,
fitzpatrick17k_hf/images/img_6484.jpg,naevus,HAM_HAM_0001797,HAM10000,CC-BY-NC-4.0,
fitzpatrick17k_hf/images/img_6485.jpg,naevus,HAM_HAM_0003209,HAM10000,CC-BY-NC-4.0,
fitzpatrick17k_hf/images/img_6486.jpg,naevus,HAM_HAM_0003238,HAM10000,CC-BY-NC-4.0,
fitzpatrick17k_hf/images/img_6487.jpg,naevus,HAM_HAM_0006709,HAM10000,CC-BY-NC-4.0,
fitzpatrick17k_hf/images/img_6488.jpg,naevus,HAM_HAM_0000068,HAM10000,CC-BY-NC-4.0,
fitzpatrick17k_hf/images/img_6489.jpg,naevus,HAM_HAM_0001195,HAM10000,CC-BY-NC-4.0,
fitzpatrick17k_hf/images/img_6490.jpg,naevus,HAM_HAM_0003490,HAM10000,CC-BY-NC-4.0,
fitzpatrick17k_hf/images/img_6491.jpg,naevus,HAM_HAM_0001031,HAM10000,CC-BY-NC-4.0,
fitzpatrick17k_hf/images/img_6492.jpg,naevus,HAM_HAM_0007230,HAM10000,CC-BY-NC-4.0,
fitzpatrick17k_hf/images/img_6493.jpg,naevus,HAM_HAM_0006413,HAM10000,CC-BY-NC-4.0,
fitzpatrick17k_hf/images/img_6494.jpg,naevus,HAM_HAM_0000270,HAM10000,CC-BY-NC-4.0,
fitzpatrick17k_hf/images/img_6495.jpg,naevus,HAM_HAM_0005802,HAM10000,CC-BY-NC-4.0,
fitzpatrick17k_hf/images/img_6496.jpg,naevus,HAM_HAM_0000713,HAM10000,CC-BY-NC-4.0,
fitzpatrick17k_hf/images/img_6497.jpg,naevus,HAM_HAM_0003952,HAM10000,CC-BY-NC-4.0,
fitzpatrick17k_hf/images/img_6498.jpg,naevus,HAM_HAM_0004935,HAM10000,CC-BY-NC-4.0,
fitzpatrick17k_hf/images/img_6499.jpg,naevus,HAM_HAM_0001996,HAM10000,CC-BY-NC-4.0,
fitzpatrick17k_hf/images/img_6500.jpg,naevus,HAM_HAM_0002612,HAM10000,CC-BY-NC-4.0,
fitzpatrick17k_hf/images/img_6501.jpg,naevus,HAM_HAM_0004079,HAM10000,CC-BY-NC-4.0,
fitzpatrick17k_hf/images/img_6502.jpg,naevus,HAM_HAM_0002292,HAM10000,CC-BY-NC-4.0,
fitzpatrick17k_hf/images/img_6503.jpg,naevus,HAM_HAM_0004290,HAM10000,CC-BY-NC-4.0,
fitzpatrick17k_hf/images/img_6504.jpg,naevus,HAM_HAM_0000329,HAM10000,CC-BY-NC-4.0,
fitzpatrick17k_hf/images/img_6505.jpg,naevus,HAM_HAM_0006589,HAM10000,CC-BY-NC-4.0,
fitzpatrick17k_hf/images/img_6506.jpg,naevus,HAM_HAM_0005028,HAM10000,CC-BY-NC-4.0,
fitzpatrick17k_hf/images/img_6507.jpg,naevus,HAM_HAM_0006932,HAM10000,CC-BY-NC-4.0,
fitzpatrick17k_hf/images/img_6508.jpg,naevus,HAM_HAM_0002281,HAM10000,CC-BY-NC-4.0,
fitzpatrick17k_hf/images/img_6509.jpg,naevus,HAM_HAM_0000924,HAM10000,CC-BY-NC-4.0,
fitzpatrick17k_hf/images/img_6510.jpg,naevus,HAM_HAM_0007277,HAM10000,CC-BY-NC-4.0,
fitzpatrick17k_hf/images/img_6511.jpg,naevus,HAM_HAM_0006046,HAM10000,CC-BY-NC-4.0,
fitzpatrick17k_hf/images/img_6512.jpg,naevus,HAM_HAM_0007350,HAM10000,CC-BY-NC-4.0,
fitzpatrick17k_hf/images/img_6513.jpg,naevus,HAM_HAM_0002628,HAM10000,CC-BY-NC-4.0,
fitzpatrick17k_hf/images/img_6514.jpg,naevus,HAM_HAM_0002920,HAM10000,CC-BY-NC-4.0,
fitzpatrick17k_hf/images/img_6515.jpg,naevus,HAM_HAM_0007443,HAM10000,CC-BY-NC-4.0,
fitzpatrick17k_hf/images/img_6516.jpg,naevus,HAM_HAM_0001090,HAM10000,CC-BY-NC-4.0,
fitzpatrick17k_hf/images/img_6517.jpg,naevus,HAM_HAM_0007069,HAM10000,CC-BY-NC-4.0,
fitzpatrick17k_hf/images/img_6518.jpg,naevus,HAM_HAM_0004390,HAM10000,CC-BY-NC-4.0,
fitzpatrick17k_hf/images/img_6519.jpg,naevus,HAM_HAM_0005225,HAM10000,CC-BY-NC-4.0,
fitzpatrick17k_hf/images/img_6520.jpg,naevus,HAM_HAM_0002148,HAM10000,CC-BY-NC-4.0,
fitzpatrick17k_hf/images/img_6521.jpg,naevus,HAM_HAM_0006861,HAM10000,CC-BY-NC-4.0,
fitzpatrick17k_hf/images/img_6522.jpg,naevus,HAM_HAM_0004851,HAM10000,CC-BY-NC-4.0,
fitzpatrick17k_hf/images/img_6523.jpg,naevus,HAM_HAM_0001712,HAM10000,CC-BY-NC-4.0,
fitzpatrick17k_hf/images/img_6524.jpg,naevus,HAM_HAM_0004857,HAM10000,CC-BY-NC-4.0,
fitzpatrick17k_hf/images/img_6525.jpg,naevus,HAM_HAM_0000753,HAM10000,CC-BY-NC-4.0,
fitzpatrick17k_hf/images/img_6526.jpg,naevus,HAM_HAM_0002252,HAM10000,CC-BY-NC-4.0,
fitzpatrick17k_hf/images/img_6527.jpg,naevus,HAM_HAM_0004489,HAM10000,CC-BY-NC-4.0,
fitzpatrick17k_hf/images/img_6528.jpg,naevus,HAM_HAM_0003077,HAM10000,CC-BY-NC-4.0,
fitzpatrick17k_hf/images/img_6529.jpg,naevus,HAM_HAM_0001875,HAM10000,CC-BY-NC-4.0,
fitzpatrick17k_hf/images/img_6530.jpg,naevus,HAM_HAM_0004644,HAM10000,CC-BY-NC-4.0,
fitzpatrick17k_hf/images/img_6531.jpg,naevus,HAM_HAM_0006177,HAM10000,CC-BY-NC-4.0,
fitzpatrick17k_hf/images/img_6532.jpg,naevus,HAM_HAM_0007055,HAM10000,CC-BY-NC-4.0,
fitzpatrick17k_hf/images/img_6533.jpg,naevus,HAM_HAM_0001978,HAM10000,CC-BY-NC-4.0,
fitzpatrick17k_hf/images/img_6534.jpg,naevus,HAM_HAM_0002238,HAM10000,CC-BY-NC-4.0,
fitzpatrick17k_hf/images/img_6535.jpg,naevus,HAM_HAM_0004602,HAM10000,CC-BY-NC-4.0,
fitzpatrick17k_hf/images/img_6536.jpg,naevus,HAM_HAM_0000404,HAM10000,CC-BY-NC-4.0,
fitzpatrick17k_hf/images/img_6537.jpg,naevus,HAM_HAM_0003242,HAM10000,CC-BY-NC-4.0,
fitzpatrick17k_hf/images/img_6538.jpg,naevus,HAM_HAM_0001822,HAM10000,CC-BY-NC-4.0,
fitzpatrick17k_hf/images/img_6539.jpg,naevus,HAM_HAM_0003538,HAM10000,CC-BY-NC-4.0,
fitzpatrick17k_hf/images/img_6540.jpg,naevus,HAM_HAM_0002698,HAM10000,CC-BY-NC-4.0,
fitzpatrick17k_hf/images/img_6541.jpg,naevus,HAM_HAM_0004731,HAM10000,CC-BY-NC-4.0,
fitzpatrick17k_hf/images/img_6542.jpg,naevus,HAM_HAM_0003223,HAM10000,CC-BY-NC-4.0,
fitzpatrick17k_hf/images/img_6543.jpg,naevus,HAM_HAM_0005812,HAM10000,CC-BY-NC-4.0,
fitzpatrick17k_hf/images/img_6544.jpg,naevus,HAM_HAM_0005012,HAM10000,CC-BY-NC-4.0,
fitzpatrick17k_hf/images/img_6545.jpg,naevus,HAM_HAM_0002580,HAM10000,CC-BY-NC-4.0,
fitzpatrick17k_hf/images/img_6546.jpg,naevus,HAM_HAM_0005520,HAM10000,CC-BY-NC-4.0,
fitzpatrick17k_hf/images/img_6547.jpg,naevus,HAM_HAM_0005065,HAM10000,CC-BY-NC-4.0,
fitzpatrick17k_hf/images/img_6548.jpg,naevus,HAM_HAM_0006720,HAM10000,CC-BY-NC-4.0,
fitzpatrick17k_hf/images/img_6549.jpg,naevus,HAM_HAM_0001114,HAM10000,CC-BY-NC-4.0,
fitzpatrick17k_hf/images/img_6550.jpg,naevus,HAM_HAM_0007602,HAM10000,CC-BY-NC-4.0,
fitzpatrick17k_hf/images/img_6551.jpg,naevus,HAM_HAM_0006227,HAM10000,CC-BY-NC-4.0,
fitzpatrick17k_hf/images/img_6552.jpg,naevus,HAM_HAM_0007357,HAM10000,CC-BY-NC-4.0,
fitzpatrick17k_hf/images/img_6553.jpg,naevus,HAM_HAM_0006679,HAM10000,CC-BY-NC-4.0,
fitzpatrick17k_hf/images/img_6554.jpg,naevus,HAM_HAM_0000928,HAM10000,CC-BY-NC-4.0,
fitzpatrick17k_hf/images/img_6555.jpg,naevus,HAM_HAM_0001965,HAM10000,CC-BY-NC-4.0,
fitzpatrick17k_hf/images/img_6556.jpg,naevus,HAM_HAM_0006687,HAM10000,CC-BY-NC-4.0,
fitzpatrick17k_hf/images/img_6557.jpg,naevus,HAM_HAM_0006305,HAM10000,CC-BY-NC-4.0,
fitzpatrick17k_hf/images/img_6558.jpg,naevus,HAM_HAM_0001827,HAM10000,CC-BY-NC-4.0,
fitzpatrick17k_hf/images/img_6559.jpg,naevus,HAM_HAM_0001014,HAM10000,CC-BY-NC-4.0,
fitzpatrick17k_hf/images/img_6560.jpg,naevus,HAM_HAM_0006339,HAM10000,CC-BY-NC-4.0,
fitzpatrick17k_hf/images/img_6561.jpg,naevus,HAM_HAM_0004843,HAM10000,CC-BY-NC-4.0,
fitzpatrick17k_hf/images/img_6562.jpg,naevus,HAM_HAM_0006974,HAM10000,CC-BY-NC-4.0,
fitzpatrick17k_hf/images/img_6563.jpg,naevus,HAM_HAM_0003042,HAM10000,CC-BY-NC-4.0,
fitzpatrick17k_hf/images/img_6564.jpg,naevus,HAM_HAM_0000411,HAM10000,CC-BY-NC-4.0,
fitzpatrick17k_hf/images/img_6565.jpg,naevus,HAM_HAM_0006025,HAM10000,CC-BY-NC-4.0,
fitzpatrick17k_hf/images/img_6566.jpg,naevus,HAM_HAM_0005182,HAM10000,CC-BY-NC-4.0,
fitzpatrick17k_hf/images/img_6567.jpg,naevus,HAM_HAM_0001872,HAM10000,CC-BY-NC-4.0,
fitzpatrick17k_hf/images/img_6568.jpg,naevus,HAM_HAM_0001918,HAM10000,CC-BY-NC-4.0,
fitzpatrick17k_hf/images/img_6569.jpg,naevus,HAM_HAM_0004418,HAM10000,CC-BY-NC-4.0,
fitzpatrick17k_hf/images/img_6570.jpg,naevus,HAM_HAM_0002825,HAM10000,CC-BY-NC-4.0,
fitzpatrick17k_hf/images/img_6571.jpg,naevus,HAM_HAM_0003323,HAM10000,CC-BY-NC-4.0,
fitzpatrick17k_hf/images/img_6572.jpg,naevus,HAM_HAM_0003384,HAM10000,CC-BY-NC-4.0,
fitzpatrick17k_hf/images/img_6573.jpg,naevus,HAM_HAM_0007626,HAM10000,CC-BY-NC-4.0,
fitzpatrick17k_hf/images/img_6574.jpg,naevus,HAM_HAM_0000922,HAM10000,CC-BY-NC-4.0,
fitzpatrick17k_hf/images/img_6575.jpg,naevus,HAM_HAM_0001846,HAM10000,CC-BY-NC-4.0,
fitzpatrick17k_hf/images/img_6576.jpg,naevus,HAM_HAM_0001125,HAM10000,CC-BY-NC-4.0,
fitzpatrick17k_hf/images/img_6577.jpg,naevus,HAM_HAM_0003655,HAM10000,CC-BY-NC-4.0,
fitzpatrick17k_hf/images/img_6578.jpg,naevus,HAM_HAM_0000063,HAM10000,CC-BY-NC-4.0,
fitzpatrick17k_hf/images/img_6579.jpg,naevus,HAM_HAM_0004299,HAM10000,CC-BY-NC-4.0,
fitzpatrick17k_hf/images/img_6580.jpg,naevus,HAM_HAM_0000150,HAM10000,CC-BY-NC-4.0,
fitzpatrick17k_hf/images/img_6581.jpg,naevus,HAM_HAM_0005000,HAM10000,CC-BY-NC-4.0,
fitzpatrick17k_hf/images/img_6582.jpg,naevus,HAM_HAM_0004094,HAM10000,CC-BY-NC-4.0,
fitzpatrick17k_hf/images/img_6583.jpg,naevus,HAM_HAM_0000204,HAM10000,CC-BY-NC-4.0,
fitzpatrick17k_hf/images/img_6584.jpg,naevus,HAM_HAM_0002680,HAM10000,CC-BY-NC-4.0,
fitzpatrick17k_hf/images/img_6585.jpg,naevus,HAM_HAM_0006089,HAM10000,CC-BY-NC-4.0,
fitzpatrick17k_hf/images/img_6586.jpg,naevus,HAM_HAM_0004667,HAM10000,CC-BY-NC-4.0,
fitzpatrick17k_hf/images/img_6587.jpg,naevus,HAM_HAM_0002845,HAM10000,CC-BY-NC-4.0,
fitzpatrick17k_hf/images/img_6588.jpg,naevus,HAM_HAM_0001206,HAM10000,CC-BY-NC-4.0,
fitzpatrick17k_hf/images/img_6589.jpg,naevus,HAM_HAM_0006411,HAM10000,CC-BY-NC-4.0,
fitzpatrick17k_hf/images/img_6590.jpg,naevus,HAM_HAM_0000258,HAM10000,CC-BY-NC-4.0,
fitzpatrick17k_hf/images/img_6591.jpg,naevus,HAM_HAM_0003628,HAM10000,CC-BY-NC-4.0,
fitzpatrick17k_hf/images/img_6592.jpg,naevus,HAM_HAM_0002082,HAM10000,CC-BY-NC-4.0,
fitzpatrick17k_hf/images/img_6593.jpg,naevus,HAM_HAM_0007137,HAM10000,CC-BY-NC-4.0,
fitzpatrick17k_hf/images/img_6594.jpg,naevus,HAM_HAM_0000424,HAM10000,CC-BY-NC-4.0,
fitzpatrick17k_hf/images/img_6595.jpg,naevus,HAM_HAM_0002495,HAM10000,CC-BY-NC-4.0,
fitzpatrick17k_hf/images/img_6596.jpg,naevus,HAM_HAM_0004419,HAM10000,CC-BY-NC-4.0,
fitzpatrick17k_hf/images/img_6597.jpg,naevus,HAM_HAM_0001021,HAM10000,CC-BY-NC-4.0,
fitzpatrick17k_hf/images/img_6598.jpg,naevus,HAM_HAM_0004612,HAM10000,CC-BY-NC-4.0,
fitzpatrick17k_hf/images/img_6599.jpg,naevus,HAM_HAM_0002085,HAM10000,CC-BY-NC-4.0,
fitzpatrick17k_hf/images/img_6600.jpg,naevus,HAM_HAM_0006312,HAM10000,CC-BY-NC-4.0,
fitzpatrick17k_hf/images/img_6601.jpg,naevus,HAM_HAM_0005996,HAM10000,CC-BY-NC-4.0,
fitzpatrick17k_hf/images/img_6602.jpg,naevus,HAM_HAM_0000996,HAM10000,CC-BY-NC-4.0,
fitzpatrick17k_hf/images/img_6603.jpg,naevus,HAM_HAM_0006807,HAM10000,CC-BY-NC-4.0,
fitzpatrick17k_hf/images/img_6604.jpg,naevus,HAM_HAM_0004815,HAM10000,CC-BY-NC-4.0,
fitzpatrick17k_hf/images/img_6605.jpg,naevus,HAM_HAM_0006505,HAM10000,CC-BY-NC-4.0,
fitzpatrick17k_hf/images/img_6606.jpg,naevus,HAM_HAM_0003494,HAM10000,CC-BY-NC-4.0,
fitzpatrick17k_hf/images/img_6607.jpg,naevus,HAM_HAM_0003274,HAM10000,CC-BY-NC-4.0,
fitzpatrick17k_hf/images/img_6608.jpg,naevus,HAM_HAM_0000168,HAM10000,CC-BY-NC-4.0,
fitzpatrick17k_hf/images/img_6609.jpg,naevus,HAM_HAM_0002823,HAM10000,CC-BY-NC-4.0,
fitzpatrick17k_hf/images/img_6610.jpg,naevus,HAM_HAM_0007466,HAM10000,CC-BY-NC-4.0,
fitzpatrick17k_hf/images/img_6611.jpg,naevus,HAM_HAM_0003858,HAM10000,CC-BY-NC-4.0,
fitzpatrick17k_hf/images/img_6612.jpg,naevus,HAM_HAM_0003289,HAM10000,CC-BY-NC-4.0,
fitzpatrick17k_hf/images/img_6613.jpg,naevus,HAM_HAM_0002408,HAM10000,CC-BY-NC-4.0,
fitzpatrick17k_hf/images/img_6614.jpg,naevus,HAM_HAM_0000291,HAM10000,CC-BY-NC-4.0,
fitzpatrick17k_hf/images/img_6615.jpg,naevus,HAM_HAM_0000345,HAM10000,CC-BY-NC-4.0,
fitzpatrick17k_hf/images/img_6616.jpg,naevus,HAM_HAM_0001334,HAM10000,CC-BY-NC-4.0,
fitzpatrick17k_hf/images/img_6617.jpg,naevus,HAM_HAM_0000723,HAM10000,CC-BY-NC-4.0,
fitzpatrick17k_hf/images/img_6618.jpg,naevus,HAM_HAM_0000014,HAM10000,CC-BY-NC-4.0,
fitzpatrick17k_hf/images/img_6619.jpg,naevus,HAM_HAM_0006891,HAM10000,CC-BY-NC-4.0,
fitzpatrick17k_hf/images/img_6620.jpg,naevus,HAM_HAM_0007092,HAM10000,CC-BY-NC-4.0,
fitzpatrick17k_hf/images/img_6621.jpg,naevus,HAM_HAM_0001079,HAM10000,CC-BY-NC-4.0,
fitzpatrick17k_hf/images/img_6622.jpg,naevus,HAM_HAM_0004649,HAM10000,CC-BY-NC-4.0,
fitzpatrick17k_hf/images/img_6623.jpg,naevus,HAM_HAM_0000603,HAM10000,CC-BY-NC-4.0,
fitzpatrick17k_hf/images/img_6624.jpg,naevus,HAM_HAM_0000127,HAM10000,CC-BY-NC-4.0,
fitzpatrick17k_hf/images/img_6625.jpg,naevus,HAM_HAM_0006241,HAM10000,CC-BY-NC-4.0,
fitzpatrick17k_hf/images/img_6626.jpg,naevus,HAM_HAM_0007295,HAM10000,CC-BY-NC-4.0,
fitzpatrick17k_hf/images/img_6627.jpg,naevus,HAM_HAM_0000030,HAM10000,CC-BY-NC-4.0,
fitzpatrick17k_hf/images/img_6628.jpg,naevus,HAM_HAM_0003684,HAM10000,CC-BY-NC-4.0,
fitzpatrick17k_hf/images/img_6629.jpg,naevus,HAM_HAM_0004562,HAM10000,CC-BY-NC-4.0,
fitzpatrick17k_hf/images/img_6630.jpg,naevus,HAM_HAM_0003463,HAM10000,CC-BY-NC-4.0,
fitzpatrick17k_hf/images/img_6631.jpg,naevus,HAM_HAM_0007544,HAM10000,CC-BY-NC-4.0,
fitzpatrick17k_hf/images/img_6632.jpg,naevus,HAM_HAM_0002203,HAM10000,CC-BY-NC-4.0,
fitzpatrick17k_hf/images/img_6633.jpg,naevus,HAM_HAM_0007465,HAM10000,CC-BY-NC-4.0,
fitzpatrick17k_hf/images/img_6634.jpg,naevus,HAM_HAM_0005974,HAM10000,CC-BY-NC-4.0,
fitzpatrick17k_hf/images/img_6635.jpg,naevus,HAM_HAM_0000178,HAM10000,CC-BY-NC-4.0,
fitzpatrick17k_hf/images/img_6636.jpg,naevus,HAM_HAM_0005474,HAM10000,CC-BY-NC-4.0,
fitzpatrick17k_hf/images/img_6637.jpg,naevus,HAM_HAM_0002746,HAM10000,CC-BY-NC-4.0,
fitzpatrick17k_hf/images/img_6638.jpg,naevus,HAM_HAM_0002505,HAM10000,CC-BY-NC-4.0,
fitzpatrick17k_hf/images/img_6639.jpg,naevus,HAM_HAM_0006421,HAM10000,CC-BY-NC-4.0,
fitzpatrick17k_hf/images/img_6640.jpg,naevus,HAM_HAM_0006150,HAM10000,CC-BY-NC-4.0,
fitzpatrick17k_hf/images/img_6641.jpg,naevus,HAM_HAM_0002333,HAM10000,CC-BY-NC-4.0,
fitzpatrick17k_hf/images/img_6642.jpg,naevus,HAM_HAM_0003403,HAM10000,CC-BY-NC-4.0,
fitzpatrick17k_hf/images/img_6643.jpg,naevus,HAM_HAM_0004675,HAM10000,CC-BY-NC-4.0,
fitzpatrick17k_hf/images/img_6644.jpg,naevus,HAM_HAM_0002797,HAM10000,CC-BY-NC-4.0,
fitzpatrick17k_hf/images/img_6645.jpg,naevus,HAM_HAM_0000400,HAM10000,CC-BY-NC-4.0,
fitzpatrick17k_hf/images/img_6646.jpg,naevus,HAM_HAM_0003592,HAM10000,CC-BY-NC-4.0,
fitzpatrick17k_hf/images/img_6647.jpg,naevus,HAM_HAM_0002942,HAM10000,CC-BY-NC-4.0,
fitzpatrick17k_hf/images/img_6648.jpg,naevus,HAM_HAM_0005923,HAM10000,CC-BY-NC-4.0,
fitzpatrick17k_hf/images/img_6649.jpg,naevus,HAM_HAM_0001197,HAM10000,CC-BY-NC-4.0,
fitzpatrick17k_hf/images/img_6650.jpg,naevus,HAM_HAM_0003375,HAM10000,CC-BY-NC-4.0,
fitzpatrick17k_hf/images/img_6651.jpg,naevus,HAM_HAM_0002982,HAM10000,CC-BY-NC-4.0,
fitzpatrick17k_hf/images/img_6652.jpg,naevus,HAM_HAM_0007087,HAM10000,CC-BY-NC-4.0,
fitzpatrick17k_hf/images/img_6653.jpg,naevus,HAM_HAM_0006612,HAM10000,CC-BY-NC-4.0,
fitzpatrick17k_hf/images/img_6654.jpg,naevus,HAM_HAM_0002279,HAM10000,CC-BY-NC-4.0,
fitzpatrick17k_hf/images/img_6655.jpg,naevus,HAM_HAM_0007063,HAM10000,CC-BY-NC-4.0,
fitzpatrick17k_hf/images/img_6656.jpg,naevus,HAM_HAM_0007061,HAM10000,CC-BY-NC-4.0,
fitzpatrick17k_hf/images/img_6657.jpg,naevus,HAM_HAM_0003425,HAM10000,CC-BY-NC-4.0,
fitzpatrick17k_hf/images/img_6658.jpg,naevus,HAM_HAM_0004747,HAM10000,CC-BY-NC-4.0,
fitzpatrick17k_hf/images/img_6659.jpg,naevus,HAM_HAM_0001376,HAM10000,CC-BY-NC-4.0,
fitzpatrick17k_hf/images/img_6660.jpg,naevus,HAM_HAM_0005001,HAM10000,CC-BY-NC-4.0,
fitzpatrick17k_hf/images/img_6661.jpg,naevus,HAM_HAM_0001779,HAM10000,CC-BY-NC-4.0,
fitzpatrick17k_hf/images/img_6662.jpg,naevus,HAM_HAM_0002100,HAM10000,CC-BY-NC-4.0,
fitzpatrick17k_hf/images/img_6663.jpg,naevus,HAM_HAM_0007267,HAM10000,CC-BY-NC-4.0,
fitzpatrick17k_hf/images/img_6664.jpg,naevus,HAM_HAM_0006892,HAM10000,CC-BY-NC-4.0,
fitzpatrick17k_hf/images/img_6665.jpg,naevus,HAM_HAM_0000292,HAM10000,CC-BY-NC-4.0,
fitzpatrick17k_hf/images/img_6666.jpg,naevus,HAM_HAM_0002336,HAM10000,CC-BY-NC-4.0,
fitzpatrick17k_hf/images/img_6667.jpg,naevus,HAM_HAM_0000509,HAM10000,CC-BY-NC-4.0,
fitzpatrick17k_hf/images/img_6668.jpg,naevus,HAM_HAM_0004486,HAM10000,CC-BY-NC-4.0,
fitzpatrick17k_hf/images/img_6669.jpg,naevus,HAM_HAM_0006401,HAM10000,CC-BY-NC-4.0,
fitzpatrick17k_hf/images/img_6670.jpg,naevus,HAM_HAM_0002588,HAM10000,CC-BY-NC-4.0,
fitzpatrick17k_hf/images/img_6671.jpg,naevus,HAM_HAM_0000015,HAM10000,CC-BY-NC-4.0,
fitzpatrick17k_hf/images/img_6672.jpg,naevus,HAM_HAM_0002408,HAM10000,CC-BY-NC-4.0,
fitzpatrick17k_hf/images/img_6673.jpg,naevus,HAM_HAM_0000841,HAM10000,CC-BY-NC-4.0,
fitzpatrick17k_hf/images/img_6674.jpg,naevus,HAM_HAM_0006055,HAM10000,CC-BY-NC-4.0,
fitzpatrick17k_hf/images/img_6675.jpg,naevus,HAM_HAM_0007561,HAM10000,CC-BY-NC-4.0,
fitzpatrick17k_hf/images/img_6676.jpg,naevus,HAM_HAM_0000135,HAM10000,CC-BY-NC-4.0,
fitzpatrick17k_hf/images/img_6677.jpg,naevus,HAM_HAM_0001241,HAM10000,CC-BY-NC-4.0,
fitzpatrick17k_hf/images/img_6678.jpg,naevus,HAM_HAM_0002861,HAM10000,CC-BY-NC-4.0,
fitzpatrick17k_hf/images/img_6679.jpg,naevus,HAM_HAM_0001263,HAM10000,CC-BY-NC-4.0,
fitzpatrick17k_hf/images/img_6680.jpg,naevus,HAM_HAM_0002567,HAM10000,CC-BY-NC-4.0,
fitzpatrick17k_hf/images/img_6681.jpg,naevus,HAM_HAM_0002642,HAM10000,CC-BY-NC-4.0,
fitzpatrick17k_hf/images/img_6682.jpg,naevus,HAM_HAM_0003283,HAM10000,CC-BY-NC-4.0,
fitzpatrick17k_hf/images/img_6683.jpg,naevus,HAM_HAM_0004154,HAM10000,CC-BY-NC-4.0,
fitzpatrick17k_hf/images/img_6684.jpg,naevus,HAM_HAM_0003316,HAM10000,CC-BY-NC-4.0,
fitzpatrick17k_hf/images/img_6685.jpg,naevus,HAM_HAM_0004443,HAM10000,CC-BY-NC-4.0,
fitzpatrick17k_hf/images/img_6686.jpg,naevus,HAM_HAM_0000072,HAM10000,CC-BY-NC-4.0,
fitzpatrick17k_hf/images/img_6687.jpg,naevus,HAM_HAM_0003045,HAM10000,CC-BY-NC-4.0,
fitzpatrick17k_hf/images/img_6688.jpg,naevus,HAM_HAM_0004170,HAM10000,CC-BY-NC-4.0,
fitzpatrick17k_hf/images/img_6689.jpg,naevus,HAM_HAM_0005464,HAM10000,CC-BY-NC-4.0,
fitzpatrick17k_hf/images/img_6690.jpg,naevus,HAM_HAM_0004658,HAM10000,CC-BY-NC-4.0,
fitzpatrick17k_hf/images/img_6691.jpg,naevus,HAM_HAM_0007256,HAM10000,CC-BY-NC-4.0,
fitzpatrick17k_hf/images/img_6692.jpg,naevus,HAM_HAM_0004485,HAM10000,CC-BY-NC-4.0,
fitzpatrick17k_hf/images/img_6693.jpg,naevus,HAM_HAM_0005083,HAM10000,CC-BY-NC-4.0,
fitzpatrick17k_hf/images/img_6694.jpg,naevus,HAM_HAM_0002298,HAM10000,CC-BY-NC-4.0,
fitzpatrick17k_hf/images/img_6695.jpg,naevus,HAM_HAM_0005930,HAM10000,CC-BY-NC-4.0,
fitzpatrick17k_hf/images/img_6696.jpg,naevus,HAM_HAM_0005487,HAM10000,CC-BY-NC-4.0,
fitzpatrick17k_hf/images/img_6697.jpg,naevus,HAM_HAM_0006903,HAM10000,CC-BY-NC-4.0,
fitzpatrick17k_hf/images/img_6698.jpg,naevus,HAM_HAM_0001633,HAM10000,CC-BY-NC-4.0,
fitzpatrick17k_hf/images/img_6699.jpg,naevus,HAM_HAM_0005685,HAM10000,CC-BY-NC-4.0,
fitzpatrick17k_hf/images/img_6700.jpg,naevus,HAM_HAM_0006918,HAM10000,CC-BY-NC-4.0,
fitzpatrick17k_hf/images/img_6701.jpg,naevus,HAM_HAM_0003638,HAM10000,CC-BY-NC-4.0,
fitzpatrick17k_hf/images/img_6702.jpg,naevus,HAM_HAM_0007146,HAM10000,CC-BY-NC-4.0,
fitzpatrick17k_hf/images/img_6703.jpg,naevus,HAM_HAM_0004774,HAM10000,CC-BY-NC-4.0,
fitzpatrick17k_hf/images/img_6704.jpg,naevus,HAM_HAM_0007486,HAM10000,CC-BY-NC-4.0,
fitzpatrick17k_hf/images/img_6705.jpg,naevus,HAM_HAM_0007138,HAM10000,CC-BY-NC-4.0,
fitzpatrick17k_hf/images/img_6706.jpg,naevus,HAM_HAM_0001830,HAM10000,CC-BY-NC-4.0,
fitzpatrick17k_hf/images/img_6707.jpg,naevus,HAM_HAM_0002808,HAM10000,CC-BY-NC-4.0,
fitzpatrick17k_hf/images/img_6708.jpg,naevus,HAM_HAM_0006103,HAM10000,CC-BY-NC-4.0,
fitzpatrick17k_hf/images/img_6709.jpg,naevus,HAM_HAM_0005991,HAM10000,CC-BY-NC-4.0,
fitzpatrick17k_hf/images/img_6710.jpg,naevus,HAM_HAM_0003510,HAM10000,CC-BY-NC-4.0,
fitzpatrick17k_hf/images/img_6711.jpg,naevus,HAM_HAM_0003453,HAM10000,CC-BY-NC-4.0,
fitzpatrick17k_hf/images/img_6712.jpg,naevus,HAM_HAM_0000525,HAM10000,CC-BY-NC-4.0,
fitzpatrick17k_hf/images/img_6713.jpg,naevus,HAM_HAM_0003124,HAM10000,CC-BY-NC-4.0,
fitzpatrick17k_hf/images/img_6714.jpg,naevus,HAM_HAM_0005029,HAM10000,CC-BY-NC-4.0,
fitzpatrick17k_hf/images/img_6715.jpg,naevus,HAM_HAM_0003933,HAM10000,CC-BY-NC-4.0,
fitzpatrick17k_hf/images/img_6716.jpg,naevus,HAM_HAM_0003499,HAM10000,CC-BY-NC-4.0,
fitzpatrick17k_hf/images/img_6717.jpg,naevus,HAM_HAM_0006389,HAM10000,CC-BY-NC-4.0,
fitzpatrick17k_hf/images/img_6718.jpg,naevus,HAM_HAM_0000686,HAM10000,CC-BY-NC-4.0,
fitzpatrick17k_hf/images/img_6719.jpg,naevus,HAM_HAM_0007206,HAM10000,CC-BY-NC-4.0,
fitzpatrick17k_hf/images/img_6720.jpg,naevus,HAM_HAM_0002633,HAM10000,CC-BY-NC-4.0,
fitzpatrick17k_hf/images/img_6721.jpg,naevus,HAM_HAM_0002852,HAM10000,CC-BY-NC-4.0,
fitzpatrick17k_hf/images/img_6722.jpg,naevus,HAM_HAM_0004247,HAM10000,CC-BY-NC-4.0,
fitzpatrick17k_hf/images/img_6723.jpg,naevus,HAM_HAM_0001013,HAM10000,CC-BY-NC-4.0,
fitzpatrick17k_hf/images/img_6724.jpg,naevus,HAM_HAM_0002111,HAM10000,CC-BY-NC-4.0,
fitzpatrick17k_hf/images/img_6725.jpg,naevus,HAM_HAM_0003298,HAM10000,CC-BY-NC-4.0,
fitzpatrick17k_hf/images/img_6726.jpg,naevus,HAM_HAM_0007339,HAM10000,CC-BY-NC-4.0,
fitzpatrick17k_hf/images/img_6727.jpg,naevus,HAM_HAM_0004868,HAM10000,CC-BY-NC-4.0,
fitzpatrick17k_hf/images/img_6728.jpg,naevus,HAM_HAM_0006374,HAM10000,CC-BY-NC-4.0,
fitzpatrick17k_hf/images/img_6729.jpg,naevus,HAM_HAM_0004007,HAM10000,CC-BY-NC-4.0,
fitzpatrick17k_hf/images/img_6730.jpg,naevus,HAM_HAM_0001311,HAM10000,CC-BY-NC-4.0,
fitzpatrick17k_hf/images/img_6731.jpg,naevus,HAM_HAM_0001192,HAM10000,CC-BY-NC-4.0,
fitzpatrick17k_hf/images/img_6732.jpg,naevus,HAM_HAM_0000102,HAM10000,CC-BY-NC-4.0,
fitzpatrick17k_hf/images/img_6733.jpg,naevus,HAM_HAM_0003575,HAM10000,CC-BY-NC-4.0,
fitzpatrick17k_hf/images/img_6734.jpg,naevus,HAM_HAM_0001899,HAM10000,CC-BY-NC-4.0,
fitzpatrick17k_hf/images/img_6735.jpg,naevus,HAM_HAM_0001674,HAM10000,CC-BY-NC-4.0,
fitzpatrick17k_hf/images/img_6736.jpg,naevus,HAM_HAM_0001285,HAM10000,CC-BY-NC-4.0,
fitzpatrick17k_hf/images/img_6737.jpg,naevus,HAM_HAM_0000837,HAM10000,CC-BY-NC-4.0,
fitzpatrick17k_hf/images/img_6738.jpg,naevus,HAM_HAM_0006760,HAM10000,CC-BY-NC-4.0,
fitzpatrick17k_hf/images/img_6739.jpg,naevus,HAM_HAM_0004663,HAM10000,CC-BY-NC-4.0,
fitzpatrick17k_hf/images/img_6740.jpg,naevus,HAM_HAM_0001132,HAM10000,CC-BY-NC-4.0,
fitzpatrick17k_hf/images/img_6741.jpg,naevus,HAM_HAM_0001869,HAM10000,CC-BY-NC-4.0,
fitzpatrick17k_hf/images/img_6742.jpg,naevus,HAM_HAM_0005090,HAM10000,CC-BY-NC-4.0,
fitzpatrick17k_hf/images/img_6743.jpg,naevus,HAM_HAM_0002422,HAM10000,CC-BY-NC-4.0,
fitzpatrick17k_hf/images/img_6744.jpg,naevus,HAM_HAM_0001803,HAM10000,CC-BY-NC-4.0,
fitzpatrick17k_hf/images/img_6745.jpg,naevus,HAM_HAM_0001380,HAM10000,CC-BY-NC-4.0,
fitzpatrick17k_hf/images/img_6746.jpg,naevus,HAM_HAM_0003233,HAM10000,CC-BY-NC-4.0,
fitzpatrick17k_hf/images/img_6747.jpg,naevus,HAM_HAM_0002662,HAM10000,CC-BY-NC-4.0,
fitzpatrick17k_hf/images/img_6748.jpg,naevus,HAM_HAM_0006273,HAM10000,CC-BY-NC-4.0,
fitzpatrick17k_hf/images/img_6749.jpg,naevus,HAM_HAM_0005928,HAM10000,CC-BY-NC-4.0,
fitzpatrick17k_hf/images/img_6750.jpg,naevus,HAM_HAM_0000699,HAM10000,CC-BY-NC-4.0,
fitzpatrick17k_hf/images/img_6751.jpg,naevus,HAM_HAM_0002195,HAM10000,CC-BY-NC-4.0,
fitzpatrick17k_hf/images/img_6752.jpg,naevus,HAM_HAM_0003329,HAM10000,CC-BY-NC-4.0,
fitzpatrick17k_hf/images/img_6753.jpg,naevus,HAM_HAM_0006299,HAM10000,CC-BY-NC-4.0,
fitzpatrick17k_hf/images/img_6754.jpg,naevus,HAM_HAM_0007374,HAM10000,CC-BY-NC-4.0,
fitzpatrick17k_hf/images/img_6755.jpg,naevus,HAM_HAM_0001676,HAM10000,CC-BY-NC-4.0,
fitzpatrick17k_hf/images/img_6756.jpg,naevus,HAM_HAM_0007567,HAM10000,CC-BY-NC-4.0,
fitzpatrick17k_hf/images/img_6757.jpg,naevus,HAM_HAM_0002947,HAM10000,CC-BY-NC-4.0,
fitzpatrick17k_hf/images/img_6758.jpg,naevus,HAM_HAM_0003786,HAM10000,CC-BY-NC-4.0,
fitzpatrick17k_hf/images/img_6759.jpg,naevus,HAM_HAM_0000569,HAM10000,CC-BY-NC-4.0,
fitzpatrick17k_hf/images/img_6760.jpg,naevus,HAM_HAM_0006835,HAM10000,CC-BY-NC-4.0,
fitzpatrick17k_hf/images/img_6761.jpg,naevus,HAM_HAM_0006645,HAM10000,CC-BY-NC-4.0,
fitzpatrick17k_hf/images/img_6762.jpg,naevus,HAM_HAM_0002794,HAM10000,CC-BY-NC-4.0,
fitzpatrick17k_hf/images/img_6763.jpg,naevus,HAM_HAM_0003263,HAM10000,CC-BY-NC-4.0,
fitzpatrick17k_hf/images/img_6764.jpg,naevus,HAM_HAM_0006913,HAM10000,CC-BY-NC-4.0,
fitzpatrick17k_hf/images/img_6765.jpg,naevus,HAM_HAM_0002128,HAM10000,CC-BY-NC-4.0,
fitzpatrick17k_hf/images/img_6766.jpg,naevus,HAM_HAM_0004792,HAM10000,CC-BY-NC-4.0,
fitzpatrick17k_hf/images/img_6767.jpg,naevus,HAM_HAM_0006270,HAM10000,CC-BY-NC-4.0,
fitzpatrick17k_hf/images/img_6768.jpg,naevus,HAM_HAM_0002270,HAM10000,CC-BY-NC-4.0,
fitzpatrick17k_hf/images/img_6769.jpg,naevus,HAM_HAM_0004816,HAM10000,CC-BY-NC-4.0,
fitzpatrick17k_hf/images/img_6770.jpg,naevus,HAM_HAM_0004157,HAM10000,CC-BY-NC-4.0,
fitzpatrick17k_hf/images/img_6771.jpg,naevus,HAM_HAM_0005873,HAM10000,CC-BY-NC-4.0,
fitzpatrick17k_hf/images/img_6772.jpg,naevus,HAM_HAM_0005408,HAM10000,CC-BY-NC-4.0,
fitzpatrick17k_hf/images/img_6773.jpg,naevus,HAM_HAM_0000569,HAM10000,CC-BY-NC-4.0,
fitzpatrick17k_hf/images/img_6774.jpg,naevus,HAM_HAM_0002071,HAM10000,CC-BY-NC-4.0,
fitzpatrick17k_hf/images/img_6775.jpg,naevus,HAM_HAM_0005339,HAM10000,CC-BY-NC-4.0,
fitzpatrick17k_hf/images/img_6776.jpg,naevus,HAM_HAM_0000597,HAM10000,CC-BY-NC-4.0,
fitzpatrick17k_hf/images/img_6777.jpg,naevus,HAM_HAM_0005886,HAM10000,CC-BY-NC-4.0,
fitzpatrick17k_hf/images/img_6778.jpg,naevus,HAM_HAM_0005625,HAM10000,CC-BY-NC-4.0,
fitzpatrick17k_hf/images/img_6779.jpg,naevus,HAM_HAM_0001862,HAM10000,CC-BY-NC-4.0,
fitzpatrick17k_hf/images/img_6780.jpg,naevus,HAM_HAM_0007292,HAM10000,CC-BY-NC-4.0,
fitzpatrick17k_hf/images/img_6781.jpg,naevus,HAM_HAM_0002210,HAM10000,CC-BY-NC-4.0,
fitzpatrick17k_hf/images/img_6782.jpg,naevus,HAM_HAM_0001315,HAM10000,CC-BY-NC-4.0,
fitzpatrick17k_hf/images/img_6783.jpg,naevus,HAM_HAM_0002489,HAM10000,CC-BY-NC-4.0,
fitzpatrick17k_hf/images/img_6784.jpg,naevus,HAM_HAM_0003742,HAM10000,CC-BY-NC-4.0,
fitzpatrick17k_hf/images/img_6785.jpg,naevus,HAM_HAM_0005072,HAM10000,CC-BY-NC-4.0,
fitzpatrick17k_hf/images/img_6786.jpg,naevus,HAM_HAM_0000341,HAM10000,CC-BY-NC-4.0,
fitzpatrick17k_hf/images/img_6787.jpg,naevus,HAM_HAM_0000434,HAM10000,CC-BY-NC-4.0,
fitzpatrick17k_hf/images/img_6788.jpg,naevus,HAM_HAM_0003469,HAM10000,CC-BY-NC-4.0,
fitzpatrick17k_hf/images/img_6789.jpg,naevus,HAM_HAM_0007159,HAM10000,CC-BY-NC-4.0,
fitzpatrick17k_hf/images/img_6790.jpg,naevus,HAM_HAM_0002704,HAM10000,CC-BY-NC-4.0,
fitzpatrick17k_hf/images/img_6791.jpg,naevus,HAM_HAM_0006405,HAM10000,CC-BY-NC-4.0,
fitzpatrick17k_hf/images/img_6792.jpg,naevus,HAM_HAM_0005925,HAM10000,CC-BY-NC-4.0,
fitzpatrick17k_hf/images/img_6793.jpg,naevus,HAM_HAM_0001037,HAM10000,CC-BY-NC-4.0,
fitzpatrick17k_hf/images/img_6794.jpg,naevus,HAM_HAM_0003684,HAM10000,CC-BY-NC-4.0,
fitzpatrick17k_hf/images/img_6795.jpg,naevus,HAM_HAM_0005088,HAM10000,CC-BY-NC-4.0,
fitzpatrick17k_hf/images/img_6796.jpg,naevus,HAM_HAM_0003322,HAM10000,CC-BY-NC-4.0,
fitzpatrick17k_hf/images/img_6797.jpg,naevus,HAM_HAM_0004789,HAM10000,CC-BY-NC-4.0,
fitzpatrick17k_hf/images/img_6798.jpg,naevus,HAM_HAM_0004006,HAM10000,CC-BY-NC-4.0,
fitzpatrick17k_hf/images/img_6799.jpg,naevus,HAM_HAM_0005428,HAM10000,CC-BY-NC-4.0,
fitzpatrick17k_hf/images/img_6800.jpg,naevus,HAM_HAM_0003854,HAM10000,CC-BY-NC-4.0,
fitzpatrick17k_hf/images/img_6801.jpg,naevus,HAM_HAM_0000471,HAM10000,CC-BY-NC-4.0,
fitzpatrick17k_hf/images/img_6802.jpg,naevus,HAM_HAM_0003828,HAM10000,CC-BY-NC-4.0,
fitzpatrick17k_hf/images/img_6803.jpg,naevus,HAM_HAM_0001033,HAM10000,CC-BY-NC-4.0,
fitzpatrick17k_hf/images/img_6804.jpg,naevus,HAM_HAM_0001316,HAM10000,CC-BY-NC-4.0,
fitzpatrick17k_hf/images/img_6805.jpg,naevus,HAM_HAM_0001519,HAM10000,CC-BY-NC-4.0,
fitzpatrick17k_hf/images/img_6806.jpg,naevus,HAM_HAM_0006947,HAM10000,CC-BY-NC-4.0,
fitzpatrick17k_hf/images/img_6807.jpg,naevus,HAM_HAM_0003871,HAM10000,CC-BY-NC-4.0,
fitzpatrick17k_hf/images/img_6808.jpg,naevus,HAM_HAM_0000509,HAM10000,CC-BY-NC-4.0,
fitzpatrick17k_hf/images/img_6809.jpg,naevus,HAM_HAM_0000698,HAM10000,CC-BY-NC-4.0,
fitzpatrick17k_hf/images/img_6810.jpg,naevus,HAM_HAM_0004325,HAM10000,CC-BY-NC-4.0,
fitzpatrick17k_hf/images/img_6811.jpg,naevus,HAM_HAM_0004264,HAM10000,CC-BY-NC-4.0,
fitzpatrick17k_hf/images/img_6812.jpg,naevus,HAM_HAM_0002854,HAM10000,CC-BY-NC-4.0,
fitzpatrick17k_hf/images/img_6813.jpg,naevus,HAM_HAM_0006837,HAM10000,CC-BY-NC-4.0,
fitzpatrick17k_hf/images/img_6814.jpg,naevus,HAM_HAM_0006939,HAM10000,CC-BY-NC-4.0,
fitzpatrick17k_hf/images/img_6815.jpg,naevus,HAM_HAM_0007553,HAM10000,CC-BY-NC-4.0,
fitzpatrick17k_hf/images/img_6816.jpg,naevus,HAM_HAM_0004318,HAM10000,CC-BY-NC-4.0,
fitzpatrick17k_hf/images/img_6817.jpg,naevus,HAM_HAM_0002219,HAM10000,CC-BY-NC-4.0,
fitzpatrick17k_hf/images/img_6818.jpg,naevus,HAM_HAM_0006069,HAM10000,CC-BY-NC-4.0,
fitzpatrick17k_hf/images/img_6819.jpg,naevus,HAM_HAM_0002144,HAM10000,CC-BY-NC-4.0,
fitzpatrick17k_hf/images/img_6820.jpg,naevus,HAM_HAM_0002579,HAM10000,CC-BY-NC-4.0,
fitzpatrick17k_hf/images/img_6821.jpg,naevus,HAM_HAM_0001351,HAM10000,CC-BY-NC-4.0,
fitzpatrick17k_hf/images/img_6822.jpg,naevus,HAM_HAM_0002054,HAM10000,CC-BY-NC-4.0,
fitzpatrick17k_hf/images/img_6823.jpg,naevus,HAM_HAM_0004741,HAM10000,CC-BY-NC-4.0,
fitzpatrick17k_hf/images/img_6824.jpg,naevus,HAM_HAM_0000116,HAM10000,CC-BY-NC-4.0,
fitzpatrick17k_hf/images/img_6825.jpg,naevus,HAM_HAM_0001478,HAM10000,CC-BY-NC-4.0,
fitzpatrick17k_hf/images/img_6826.jpg,naevus,HAM_HAM_0006809,HAM10000,CC-BY-NC-4.0,
fitzpatrick17k_hf/images/img_6827.jpg,naevus,HAM_HAM_0007388,HAM10000,CC-BY-NC-4.0,
fitzpatrick17k_hf/images/img_6828.jpg,naevus,HAM_HAM_0000523,HAM10000,CC-BY-NC-4.0,
fitzpatrick17k_hf/images/img_6829.jpg,naevus,HAM_HAM_0005402,HAM10000,CC-BY-NC-4.0,
fitzpatrick17k_hf/images/img_6830.jpg,naevus,HAM_HAM_0006113,HAM10000,CC-BY-NC-4.0,
fitzpatrick17k_hf/images/img_6831.jpg,naevus,HAM_HAM_0003611,HAM10000,CC-BY-NC-4.0,
fitzpatrick17k_hf/images/img_6832.jpg,naevus,HAM_HAM_0004127,HAM10000,CC-BY-NC-4.0,
fitzpatrick17k_hf/images/img_6833.jpg,naevus,HAM_HAM_0005142,HAM10000,CC-BY-NC-4.0,
fitzpatrick17k_hf/images/img_6834.jpg,naevus,HAM_HAM_0005327,HAM10000,CC-BY-NC-4.0,
fitzpatrick17k_hf/images/img_6835.jpg,naevus,HAM_HAM_0002918,HAM10000,CC-BY-NC-4.0,
fitzpatrick17k_hf/images/img_6836.jpg,naevus,HAM_HAM_0004747,HAM10000,CC-BY-NC-4.0,
fitzpatrick17k_hf/images/img_6837.jpg,naevus,HAM_HAM_0002865,HAM10000,CC-BY-NC-4.0,
fitzpatrick17k_hf/images/img_6838.jpg,naevus,HAM_HAM_0005730,HAM10000,CC-BY-NC-4.0,
fitzpatrick17k_hf/images/img_6839.jpg,naevus,HAM_HAM_0006145,HAM10000,CC-BY-NC-4.0,
fitzpatrick17k_hf/images/img_6840.jpg,naevus,HAM_HAM_0003464,HAM10000,CC-BY-NC-4.0,
fitzpatrick17k_hf/images/img_6841.jpg,naevus,HAM_HAM_0001228,HAM10000,CC-BY-NC-4.0,
fitzpatrick17k_hf/images/img_6842.jpg,naevus,HAM_HAM_0003222,HAM10000,CC-BY-NC-4.0,
fitzpatrick17k_hf/images/img_6843.jpg,naevus,HAM_HAM_0002805,HAM10000,CC-BY-NC-4.0,
fitzpatrick17k_hf/images/img_6844.jpg,naevus,HAM_HAM_0006818,HAM10000,CC-BY-NC-4.0,
fitzpatrick17k_hf/images/img_6845.jpg,naevus,HAM_HAM_0006919,HAM10000,CC-BY-NC-4.0,
fitzpatrick17k_hf/images/img_6846.jpg,naevus,HAM_HAM_0006706,HAM10000,CC-BY-NC-4.0,
fitzpatrick17k_hf/images/img_6847.jpg,naevus,HAM_HAM_0001037,HAM10000,CC-BY-NC-4.0,
fitzpatrick17k_hf/images/img_6848.jpg,naevus,HAM_HAM_0005855,HAM10000,CC-BY-NC-4.0,
fitzpatrick17k_hf/images/img_6849.jpg,naevus,HAM_HAM_0001401,HAM10000,CC-BY-NC-4.0,
fitzpatrick17k_hf/images/img_6850.jpg,naevus,HAM_HAM_0003648,HAM10000,CC-BY-NC-4.0,
fitzpatrick17k_hf/images/img_6851.jpg,naevus,HAM_HAM_0005355,HAM10000,CC-BY-NC-4.0,
fitzpatrick17k_hf/images/img_6852.jpg,naevus,HAM_HAM_0004860,HAM10000,CC-BY-NC-4.0,
fitzpatrick17k_hf/images/img_6853.jpg,naevus,HAM_HAM_0005237,HAM10000,CC-BY-NC-4.0,
fitzpatrick17k_hf/images/img_6854.jpg,naevus,HAM_HAM_0000810,HAM10000,CC-BY-NC-4.0,
fitzpatrick17k_hf/images/img_6855.jpg,naevus,HAM_HAM_0004993,HAM10000,CC-BY-NC-4.0,
fitzpatrick17k_hf/images/img_6856.jpg,naevus,HAM_HAM_0006007,HAM10000,CC-BY-NC-4.0,
fitzpatrick17k_hf/images/img_6857.jpg,naevus,HAM_HAM_0001748,HAM10000,CC-BY-NC-4.0,
fitzpatrick17k_hf/images/img_6858.jpg,naevus,HAM_HAM_0005934,HAM10000,CC-BY-NC-4.0,
fitzpatrick17k_hf/images/img_6859.jpg,naevus,HAM_HAM_0001803,HAM10000,CC-BY-NC-4.0,
fitzpatrick17k_hf/images/img_6860.jpg,naevus,HAM_HAM_0006667,HAM10000,CC-BY-NC-4.0,
fitzpatrick17k_hf/images/img_6861.jpg,naevus,HAM_HAM_0003213,HAM10000,CC-BY-NC-4.0,
fitzpatrick17k_hf/images/img_6862.jpg,naevus,HAM_HAM_0000269,HAM10000,CC-BY-NC-4.0,
fitzpatrick17k_hf/images/img_6863.jpg,naevus,HAM_HAM_0007484,HAM10000,CC-BY-NC-4.0,
fitzpatrick17k_hf/images/img_6864.jpg,naevus,HAM_HAM_0006858,HAM10000,CC-BY-NC-4.0,
fitzpatrick17k_hf/images/img_6865.jpg,naevus,HAM_HAM_0007331,HAM10000,CC-BY-NC-4.0,
fitzpatrick17k_hf/images/img_6866.jpg,naevus,HAM_HAM_0003940,HAM10000,CC-BY-NC-4.0,
fitzpatrick17k_hf/images/img_6867.jpg,naevus,HAM_HAM_0003928,HAM10000,CC-BY-NC-4.0,
fitzpatrick17k_hf/images/img_6868.jpg,naevus,HAM_HAM_0004054,HAM10000,CC-BY-NC-4.0,
fitzpatrick17k_hf/images/img_6869.jpg,naevus,HAM_HAM_0004222,HAM10000,CC-BY-NC-4.0,
fitzpatrick17k_hf/images/img_6870.jpg,naevus,HAM_HAM_0001007,HAM10000,CC-BY-NC-4.0,
fitzpatrick17k_hf/images/img_6871.jpg,naevus,HAM_HAM_0004336,HAM10000,CC-BY-NC-4.0,
fitzpatrick17k_hf/images/img_6872.jpg,naevus,HAM_HAM_0004551,HAM10000,CC-BY-NC-4.0,
fitzpatrick17k_hf/images/img_6873.jpg,naevus,HAM_HAM_0003454,HAM10000,CC-BY-NC-4.0,
fitzpatrick17k_hf/images/img_6874.jpg,naevus,HAM_HAM_0001489,HAM10000,CC-BY-NC-4.0,
fitzpatrick17k_hf/images/img_6875.jpg,naevus,HAM_HAM_0005899,HAM10000,CC-BY-NC-4.0,
fitzpatrick17k_hf/images/img_6876.jpg,naevus,HAM_HAM_0004312,HAM10000,CC-BY-NC-4.0,
fitzpatrick17k_hf/images/img_6877.jpg,naevus,HAM_HAM_0006861,HAM10000,CC-BY-NC-4.0,
fitzpatrick17k_hf/images/img_6878.jpg,naevus,HAM_HAM_0001582,HAM10000,CC-BY-NC-4.0,
fitzpatrick17k_hf/images/img_6879.jpg,naevus,HAM_HAM_0006282,HAM10000,CC-BY-NC-4.0,
fitzpatrick17k_hf/images/img_6880.jpg,naevus,HAM_HAM_0007065,HAM10000,CC-BY-NC-4.0,
fitzpatrick17k_hf/images/img_6881.jpg,naevus,HAM_HAM_0002275,HAM10000,CC-BY-NC-4.0,
fitzpatrick17k_hf/images/img_6882.jpg,naevus,HAM_HAM_0000946,HAM10000,CC-BY-NC-4.0,
fitzpatrick17k_hf/images/img_6883.jpg,naevus,HAM_HAM_0002404,HAM10000,CC-BY-NC-4.0,
fitzpatrick17k_hf/images/img_6884.jpg,naevus,HAM_HAM_0006909,HAM10000,CC-BY-NC-4.0,
fitzpatrick17k_hf/images/img_6885.jpg,naevus,HAM_HAM_0005167,HAM10000,CC-BY-NC-4.0,
fitzpatrick17k_hf/images/img_6886.jpg,naevus,HAM_HAM_0004263,HAM10000,CC-BY-NC-4.0,
fitzpatrick17k_hf/images/img_6887.jpg,naevus,HAM_HAM_0002636,HAM10000,CC-BY-NC-4.0,
fitzpatrick17k_hf/images/img_6888.jpg,naevus,HAM_HAM_0001087,HAM10000,CC-BY-NC-4.0,
fitzpatrick17k_hf/images/img_6889.jpg,naevus,HAM_HAM_0000255,HAM10000,CC-BY-NC-4.0,
fitzpatrick17k_hf/images/img_6890.jpg,naevus,HAM_HAM_0002478,HAM10000,CC-BY-NC-4.0,
fitzpatrick17k_hf/images/img_6891.jpg,naevus,HAM_HAM_0004490,HAM10000,CC-BY-NC-4.0,
fitzpatrick17k_hf/images/img_6892.jpg,naevus,HAM_HAM_0006729,HAM10000,CC-BY-NC-4.0,
fitzpatrick17k_hf/images/img_6893.jpg,naevus,HAM_HAM_0004742,HAM10000,CC-BY-NC-4.0,
fitzpatrick17k_hf/images/img_6894.jpg,naevus,HAM_HAM_0006961,HAM10000,CC-BY-NC-4.0,
fitzpatrick17k_hf/images/img_6895.jpg,naevus,HAM_HAM_0003096,HAM10000,CC-BY-NC-4.0,
fitzpatrick17k_hf/images/img_6896.jpg,naevus,HAM_HAM_0006616,HAM10000,CC-BY-NC-4.0,
fitzpatrick17k_hf/images/img_6897.jpg,naevus,HAM_HAM_0000410,HAM10000,CC-BY-NC-4.0,
fitzpatrick17k_hf/images/img_6898.jpg,naevus,HAM_HAM_0001064,HAM10000,CC-BY-NC-4.0,
fitzpatrick17k_hf/images/img_6899.jpg,naevus,HAM_HAM_0005051,HAM10000,CC-BY-NC-4.0,
fitzpatrick17k_hf/images/img_6900.jpg,naevus,HAM_HAM_0003551,HAM10000,CC-BY-NC-4.0,
fitzpatrick17k_hf/images/img_6901.jpg,naevus,HAM_HAM_0000990,HAM10000,CC-BY-NC-4.0,
fitzpatrick17k_hf/images/img_6902.jpg,naevus,HAM_HAM_0003836,HAM10000,CC-BY-NC-4.0,
fitzpatrick17k_hf/images/img_6903.jpg,naevus,HAM_HAM_0002587,HAM10000,CC-BY-NC-4.0,
fitzpatrick17k_hf/images/img_6904.jpg,naevus,HAM_HAM_0005441,HAM10000,CC-BY-NC-4.0,
fitzpatrick17k_hf/images/img_6905.jpg,naevus,HAM_HAM_0003142,HAM10000,CC-BY-NC-4.0,
fitzpatrick17k_hf/images/img_6906.jpg,naevus,HAM_HAM_0005511,HAM10000,CC-BY-NC-4.0,
fitzpatrick17k_hf/images/img_6907.jpg,naevus,HAM_HAM_0004835,HAM10000,CC-BY-NC-4.0,
fitzpatrick17k_hf/images/img_6908.jpg,naevus,HAM_HAM_0003113,HAM10000,CC-BY-NC-4.0,
fitzpatrick17k_hf/images/img_6909.jpg,naevus,HAM_HAM_0003987,HAM10000,CC-BY-NC-4.0,
fitzpatrick17k_hf/images/img_6910.jpg,naevus,HAM_HAM_0003243,HAM10000,CC-BY-NC-4.0,
fitzpatrick17k_hf/images/img_6911.jpg,naevus,HAM_HAM_0002760,HAM10000,CC-BY-NC-4.0,
fitzpatrick17k_hf/images/img_6912.jpg,naevus,HAM_HAM_0005321,HAM10000,CC-BY-NC-4.0,
fitzpatrick17k_hf/images/img_6913.jpg,naevus,HAM_HAM_0004461,HAM10000,CC-BY-NC-4.0,
fitzpatrick17k_hf/images/img_6914.jpg,naevus,HAM_HAM_0001395,HAM10000,CC-BY-NC-4.0,
fitzpatrick17k_hf/images/img_6915.jpg,naevus,HAM_HAM_0000597,HAM10000,CC-BY-NC-4.0,
fitzpatrick17k_hf/images/img_6916.jpg,naevus,HAM_HAM_0000387,HAM10000,CC-BY-NC-4.0,
fitzpatrick17k_hf/images/img_6917.jpg,naevus,HAM_HAM_0005788,HAM10000,CC-BY-NC-4.0,
fitzpatrick17k_hf/images/img_6918.jpg,naevus,HAM_HAM_0006936,HAM10000,CC-BY-NC-4.0,
fitzpatrick17k_hf/images/img_6919.jpg,naevus,HAM_HAM_0005340,HAM10000,CC-BY-NC-4.0,
fitzpatrick17k_hf/images/img_6920.jpg,naevus,HAM_HAM_0006972,HAM10000,CC-BY-NC-4.0,
fitzpatrick17k_hf/images/img_6921.jpg,naevus,HAM_HAM_0006703,HAM10000,CC-BY-NC-4.0,
fitzpatrick17k_hf/images/img_6922.jpg,naevus,HAM_HAM_0004640,HAM10000,CC-BY-NC-4.0,
fitzpatrick17k_hf/images/img_6923.jpg,naevus,HAM_HAM_0006289,HAM10000,CC-BY-NC-4.0,
fitzpatrick17k_hf/images/img_6924.jpg,naevus,HAM_HAM_0005975,HAM10000,CC-BY-NC-4.0,
fitzpatrick17k_hf/images/img_6925.jpg,naevus,HAM_HAM_0002517,HAM10000,CC-BY-NC-4.0,
fitzpatrick17k_hf/images/img_6926.jpg,naevus,HAM_HAM_0001027,HAM10000,CC-BY-NC-4.0,
fitzpatrick17k_hf/images/img_6927.jpg,naevus,HAM_HAM_0006991,HAM10000,CC-BY-NC-4.0,
fitzpatrick17k_hf/images/img_6928.jpg,naevus,HAM_HAM_0005716,HAM10000,CC-BY-NC-4.0,
fitzpatrick17k_hf/images/img_6929.jpg,naevus,HAM_HAM_0006752,HAM10000,CC-BY-NC-4.0,
fitzpatrick17k_hf/images/img_6930.jpg,naevus,HAM_HAM_0001471,HAM10000,CC-BY-NC-4.0,
fitzpatrick17k_hf/images/img_6931.jpg,naevus,HAM_HAM_0007203,HAM10000,CC-BY-NC-4.0,
fitzpatrick17k_hf/images/img_6932.jpg,naevus,HAM_HAM_0001286,HAM10000,CC-BY-NC-4.0,
fitzpatrick17k_hf/images/img_6933.jpg,naevus,HAM_HAM_0003431,HAM10000,CC-BY-NC-4.0,
fitzpatrick17k_hf/images/img_6934.jpg,naevus,HAM_HAM_0001136,HAM10000,CC-BY-NC-4.0,
fitzpatrick17k_hf/images/img_6935.jpg,naevus,HAM_HAM_0007401,HAM10000,CC-BY-NC-4.0,
fitzpatrick17k_hf/images/img_6936.jpg,naevus,HAM_HAM_0003271,HAM10000,CC-BY-NC-4.0,
fitzpatrick17k_hf/images/img_6937.jpg,naevus,HAM_HAM_0007593,HAM10000,CC-BY-NC-4.0,
fitzpatrick17k_hf/images/img_6938.jpg,naevus,HAM_HAM_0002843,HAM10000,CC-BY-NC-4.0,
fitzpatrick17k_hf/images/img_6939.jpg,naevus,HAM_HAM_0007197,HAM10000,CC-BY-NC-4.0,
fitzpatrick17k_hf/images/img_6940.jpg,naevus,HAM_HAM_0000391,HAM10000,CC-BY-NC-4.0,
fitzpatrick17k_hf/images/img_6941.jpg,naevus,HAM_HAM_0005192,HAM10000,CC-BY-NC-4.0,
fitzpatrick17k_hf/images/img_6942.jpg,naevus,HAM_HAM_0001574,HAM10000,CC-BY-NC-4.0,
fitzpatrick17k_hf/images/img_6943.jpg,naevus,HAM_HAM_0001521,HAM10000,CC-BY-NC-4.0,
fitzpatrick17k_hf/images/img_6944.jpg,naevus,HAM_HAM_0000033,HAM10000,CC-BY-NC-4.0,
fitzpatrick17k_hf/images/img_6945.jpg,naevus,HAM_HAM_0004446,HAM10000,CC-BY-NC-4.0,
fitzpatrick17k_hf/images/img_6946.jpg,naevus,HAM_HAM_0006853,HAM10000,CC-BY-NC-4.0,
fitzpatrick17k_hf/images/img_6947.jpg,naevus,HAM_HAM_0001556,HAM10000,CC-BY-NC-4.0,
fitzpatrick17k_hf/images/img_6948.jpg,naevus,HAM_HAM_0003423,HAM10000,CC-BY-NC-4.0,
fitzpatrick17k_hf/images/img_6949.jpg,naevus,HAM_HAM_0001012,HAM10000,CC-BY-NC-4.0,
fitzpatrick17k_hf/images/img_6950.jpg,naevus,HAM_HAM_0005446,HAM10000,CC-BY-NC-4.0,
fitzpatrick17k_hf/images/img_6951.jpg,naevus,HAM_HAM_0003028,HAM10000,CC-BY-NC-4.0,
fitzpatrick17k_hf/images/img_6952.jpg,naevus,HAM_HAM_0006225,HAM10000,CC-BY-NC-4.0,
fitzpatrick17k_hf/images/img_6953.jpg,naevus,HAM_HAM_0004362,HAM10000,CC-BY-NC-4.0,
fitzpatrick17k_hf/images/img_6954.jpg,naevus,HAM_HAM_0002326,HAM10000,CC-BY-NC-4.0,
fitzpatrick17k_hf/images/img_6955.jpg,naevus,HAM_HAM_0006476,HAM10000,CC-BY-NC-4.0,
fitzpatrick17k_hf/images/img_6956.jpg,naevus,HAM_HAM_0004950,HAM10000,CC-BY-NC-4.0,
fitzpatrick17k_hf/images/img_6957.jpg,naevus,HAM_HAM_0003065,HAM10000,CC-BY-NC-4.0,
fitzpatrick17k_hf/images/img_6958.jpg,naevus,HAM_HAM_0000976,HAM10000,CC-BY-NC-4.0,
fitzpatrick17k_hf/images/img_6959.jpg,naevus,HAM_HAM_0006544,HAM10000,CC-BY-NC-4.0,
fitzpatrick17k_hf/images/img_6960.jpg,naevus,HAM_HAM_0005341,HAM10000,CC-BY-NC-4.0,
fitzpatrick17k_hf/images/img_6961.jpg,naevus,HAM_HAM_0004753,HAM10000,CC-BY-NC-4.0,
fitzpatrick17k_hf/images/img_6962.jpg,naevus,HAM_HAM_0004821,HAM10000,CC-BY-NC-4.0,
fitzpatrick17k_hf/images/img_6963.jpg,naevus,HAM_HAM_0006949,HAM10000,CC-BY-NC-4.0,
fitzpatrick17k_hf/images/img_6964.jpg,naevus,HAM_HAM_0007426,HAM10000,CC-BY-NC-4.0,
fitzpatrick17k_hf/images/img_6965.jpg,naevus,HAM_HAM_0000521,HAM10000,CC-BY-NC-4.0,
fitzpatrick17k_hf/images/img_6966.jpg,naevus,HAM_HAM_0000506,HAM10000,CC-BY-NC-4.0,
fitzpatrick17k_hf/images/img_6967.jpg,naevus,HAM_HAM_0006795,HAM10000,CC-BY-NC-4.0,
fitzpatrick17k_hf/images/img_6968.jpg,naevus,HAM_HAM_0006613,HAM10000,CC-BY-NC-4.0,
fitzpatrick17k_hf/images/img_6969.jpg,naevus,HAM_HAM_0007316,HAM10000,CC-BY-NC-4.0,
fitzpatrick17k_hf/images/img_6970.jpg,naevus,HAM_HAM_0003027,HAM10000,CC-BY-NC-4.0,
fitzpatrick17k_hf/images/img_6971.jpg,naevus,HAM_HAM_0001008,HAM10000,CC-BY-NC-4.0,
fitzpatrick17k_hf/images/img_6972.jpg,naevus,HAM_HAM_0002437,HAM10000,CC-BY-NC-4.0,
fitzpatrick17k_hf/images/img_6973.jpg,naevus,HAM_HAM_0005432,HAM10000,CC-BY-NC-4.0,
fitzpatrick17k_hf/images/img_6974.jpg,naevus,HAM_HAM_0005700,HAM10000,CC-BY-NC-4.0,
fitzpatrick17k_hf/images/img_6975.jpg,naevus,HAM_HAM_0003320,HAM10000,CC-BY-NC-4.0,
fitzpatrick17k_hf/images/img_6976.jpg,naevus,HAM_HAM_0004893,HAM10000,CC-BY-NC-4.0,
fitzpatrick17k_hf/images/img_6977.jpg,naevus,HAM_HAM_0004177,HAM10000,CC-BY-NC-4.0,
fitzpatrick17k_hf/images/img_6978.jpg,naevus,HAM_HAM_0007266,HAM10000,CC-BY-NC-4.0,
fitzpatrick17k_hf/images/img_6979.jpg,naevus,HAM_HAM_0002309,HAM10000,CC-BY-NC-4.0,
fitzpatrick17k_hf/images/img_6980.jpg,naevus,HAM_HAM_0003753,HAM10000,CC-BY-NC-4.0,
fitzpatrick17k_hf/images/img_6981.jpg,naevus,HAM_HAM_0002183,HAM10000,CC-BY-NC-4.0,
fitzpatrick17k_hf/images/img_6982.jpg,naevus,HAM_HAM_0000104,HAM10000,CC-BY-NC-4.0,
fitzpatrick17k_hf/images/img_6983.jpg,naevus,HAM_HAM_0002767,HAM10000,CC-BY-NC-4.0,
fitzpatrick17k_hf/images/img_6984.jpg,naevus,HAM_HAM_0004681,HAM10000,CC-BY-NC-4.0,
fitzpatrick17k_hf/images/img_6985.jpg,naevus,HAM_HAM_0005005,HAM10000,CC-BY-NC-4.0,
fitzpatrick17k_hf/images/img_6986.jpg,naevus,HAM_HAM_0003103,HAM10000,CC-BY-NC-4.0,
fitzpatrick17k_hf/images/img_6987.jpg,naevus,HAM_HAM_0007195,HAM10000,CC-BY-NC-4.0,
fitzpatrick17k_hf/images/img_6988.jpg,naevus,HAM_HAM_0002423,HAM10000,CC-BY-NC-4.0,
fitzpatrick17k_hf/images/img_6989.jpg,naevus,HAM_HAM_0007391,HAM10000,CC-BY-NC-4.0,
fitzpatrick17k_hf/images/img_6990.jpg,naevus,HAM_HAM_0007214,HAM10000,CC-BY-NC-4.0,
fitzpatrick17k_hf/images/img_6991.jpg,naevus,HAM_HAM_0002271,HAM10000,CC-BY-NC-4.0,
fitzpatrick17k_hf/images/img_6992.jpg,naevus,HAM_HAM_0004291,HAM10000,CC-BY-NC-4.0,
fitzpatrick17k_hf/images/img_6993.jpg,naevus,HAM_HAM_0001455,HAM10000,CC-BY-NC-4.0,
fitzpatrick17k_hf/images/img_6994.jpg,naevus,HAM_HAM_0002003,HAM10000,CC-BY-NC-4.0,
fitzpatrick17k_hf/images/img_6995.jpg,naevus,HAM_HAM_0001270,HAM10000,CC-BY-NC-4.0,
fitzpatrick17k_hf/images/img_6996.jpg,naevus,HAM_HAM_0002077,HAM10000,CC-BY-NC-4.0,
fitzpatrick17k_hf/images/img_6997.jpg,naevus,HAM_HAM_0004613,HAM10000,CC-BY-NC-4.0,
fitzpatrick17k_hf/images/img_6998.jpg,naevus,HAM_HAM_0002028,HAM10000,CC-BY-NC-4.0,
fitzpatrick17k_hf/images/img_6999.jpg,naevus,HAM_HAM_0003408,HAM10000,CC-BY-NC-4.0,
fitzpatrick17k_hf/images/img_7000.jpg,naevus,HAM_HAM_0004162,HAM10000,CC-BY-NC-4.0,
fitzpatrick17k_hf/images/img_7001.jpg,naevus,HAM_HAM_0000190,HAM10000,CC-BY-NC-4.0,
fitzpatrick17k_hf/images/img_7002.jpg,naevus,HAM_HAM_0002961,HAM10000,CC-BY-NC-4.0,
fitzpatrick17k_hf/images/img_7003.jpg,naevus,HAM_HAM_0001276,HAM10000,CC-BY-NC-4.0,
fitzpatrick17k_hf/images/img_7004.jpg,naevus,HAM_HAM_0007412,HAM10000,CC-BY-NC-4.0,
fitzpatrick17k_hf/images/img_7005.jpg,naevus,HAM_HAM_0000480,HAM10000,CC-BY-NC-4.0,
fitzpatrick17k_hf/images/img_7006.jpg,naevus,HAM_HAM_0001088,HAM10000,CC-BY-NC-4.0,
fitzpatrick17k_hf/images/img_7007.jpg,naevus,HAM_HAM_0004518,HAM10000,CC-BY-NC-4.0,
fitzpatrick17k_hf/images/img_7008.jpg,naevus,HAM_HAM_0001092,HAM10000,CC-BY-NC-4.0,
fitzpatrick17k_hf/images/img_7009.jpg,naevus,HAM_HAM_0005521,HAM10000,CC-BY-NC-4.0,
fitzpatrick17k_hf/images/img_7010.jpg,naevus,HAM_HAM_0007181,HAM10000,CC-BY-NC-4.0,
fitzpatrick17k_hf/images/img_7011.jpg,naevus,HAM_HAM_0002511,HAM10000,CC-BY-NC-4.0,
fitzpatrick17k_hf/images/img_7012.jpg,naevus,HAM_HAM_0005792,HAM10000,CC-BY-NC-4.0,
fitzpatrick17k_hf/images/img_7013.jpg,naevus,HAM_HAM_0003485,HAM10000,CC-BY-NC-4.0,
fitzpatrick17k_hf/images/img_7014.jpg,naevus,HAM_HAM_0004528,HAM10000,CC-BY-NC-4.0,
fitzpatrick17k_hf/images/img_7015.jpg,naevus,HAM_HAM_0000378,HAM10000,CC-BY-NC-4.0,
fitzpatrick17k_hf/images/img_7016.jpg,naevus,HAM_HAM_0000758,HAM10000,CC-BY-NC-4.0,
fitzpatrick17k_hf/images/img_7017.jpg,naevus,HAM_HAM_0005060,HAM10000,CC-BY-NC-4.0,
fitzpatrick17k_hf/images/img_7018.jpg,naevus,HAM_HAM_0003318,HAM10000,CC-BY-NC-4.0,
fitzpatrick17k_hf/images/img_7019.jpg,naevus,HAM_HAM_0004337,HAM10000,CC-BY-NC-4.0,
fitzpatrick17k_hf/images/img_7020.jpg,naevus,HAM_HAM_0002345,HAM10000,CC-BY-NC-4.0,
fitzpatrick17k_hf/images/img_7021.jpg,naevus,HAM_HAM_0006890,HAM10000,CC-BY-NC-4.0,
fitzpatrick17k_hf/images/img_7022.jpg,naevus,HAM_HAM_0006430,HAM10000,CC-BY-NC-4.0,
fitzpatrick17k_hf/images/img_7023.jpg,naevus,HAM_HAM_0000406,HAM10000,CC-BY-NC-4.0,
fitzpatrick17k_hf/images/img_7024.jpg,naevus,HAM_HAM_0003904,HAM10000,CC-BY-NC-4.0,
fitzpatrick17k_hf/images/img_7025.jpg,naevus,HAM_HAM_0004736,HAM10000,CC-BY-NC-4.0,
fitzpatrick17k_hf/images/img_7026.jpg,naevus,HAM_HAM_0007108,HAM10000,CC-BY-NC-4.0,
fitzpatrick17k_hf/images/img_7027.jpg,naevus,HAM_HAM_0006431,HAM10000,CC-BY-NC-4.0,
fitzpatrick17k_hf/images/img_7028.jpg,naevus,HAM_HAM_0002669,HAM10000,CC-BY-NC-4.0,
fitzpatrick17k_hf/images/img_7029.jpg,naevus,HAM_HAM_0003250,HAM10000,CC-BY-NC-4.0,
fitzpatrick17k_hf/images/img_7030.jpg,naevus,HAM_HAM_0002868,HAM10000,CC-BY-NC-4.0,
fitzpatrick17k_hf/images/img_7031.jpg,naevus,HAM_HAM_0004688,HAM10000,CC-BY-NC-4.0,
fitzpatrick17k_hf/images/img_7032.jpg,naevus,HAM_HAM_0003019,HAM10000,CC-BY-NC-4.0,
fitzpatrick17k_hf/images/img_7033.jpg,naevus,HAM_HAM_0005130,HAM10000,CC-BY-NC-4.0,
fitzpatrick17k_hf/images/img_7034.jpg,naevus,HAM_HAM_0000751,HAM10000,CC-BY-NC-4.0,
fitzpatrick17k_hf/images/img_7035.jpg,naevus,HAM_HAM_0000623,HAM10000,CC-BY-NC-4.0,
fitzpatrick17k_hf/images/img_7036.jpg,naevus,HAM_HAM_0000455,HAM10000,CC-BY-NC-4.0,
fitzpatrick17k_hf/images/img_7037.jpg,naevus,HAM_HAM_0007477,HAM10000,CC-BY-NC-4.0,
fitzpatrick17k_hf/images/img_7038.jpg,naevus,HAM_HAM_0004667,HAM10000,CC-BY-NC-4.0,
fitzpatrick17k_hf/images/img_7039.jpg,naevus,HAM_HAM_0001107,HAM10000,CC-BY-NC-4.0,
fitzpatrick17k_hf/images/img_7040.jpg,naevus,HAM_HAM_0000445,HAM10000,CC-BY-NC-4.0,
fitzpatrick17k_hf/images/img_7041.jpg,naevus,HAM_HAM_0002433,HAM10000,CC-BY-NC-4.0,
fitzpatrick17k_hf/images/img_7042.jpg,naevus,HAM_HAM_0001980,HAM10000,CC-BY-NC-4.0,
fitzpatrick17k_hf/images/img_7043.jpg,naevus,HAM_HAM_0005643,HAM10000,CC-BY-NC-4.0,
fitzpatrick17k_hf/images/img_7044.jpg,naevus,HAM_HAM_0007551,HAM10000,CC-BY-NC-4.0,
fitzpatrick17k_hf/images/img_7045.jpg,naevus,HAM_HAM_0006600,HAM10000,CC-BY-NC-4.0,
fitzpatrick17k_hf/images/img_7046.jpg,naevus,HAM_HAM_0007437,HAM10000,CC-BY-NC-4.0,
fitzpatrick17k_hf/images/img_7047.jpg,naevus,HAM_HAM_0000335,HAM10000,CC-BY-NC-4.0,
fitzpatrick17k_hf/images/img_7048.jpg,naevus,HAM_HAM_0002698,HAM10000,CC-BY-NC-4.0,
fitzpatrick17k_hf/images/img_7049.jpg,naevus,HAM_HAM_0001906,HAM10000,CC-BY-NC-4.0,
fitzpatrick17k_hf/images/img_7050.jpg,naevus,HAM_HAM_0002832,HAM10000,CC-BY-NC-4.0,
fitzpatrick17k_hf/images/img_7051.jpg,naevus,HAM_HAM_0006145,HAM10000,CC-BY-NC-4.0,
fitzpatrick17k_hf/images/img_7052.jpg,naevus,HAM_HAM_0002518,HAM10000,CC-BY-NC-4.0,
fitzpatrick17k_hf/images/img_7053.jpg,naevus,HAM_HAM_0000681,HAM10000,CC-BY-NC-4.0,
fitzpatrick17k_hf/images/img_7054.jpg,naevus,HAM_HAM_0005943,HAM10000,CC-BY-NC-4.0,
fitzpatrick17k_hf/images/img_7055.jpg,naevus,HAM_HAM_0006205,HAM10000,CC-BY-NC-4.0,
fitzpatrick17k_hf/images/img_7056.jpg,naevus,HAM_HAM_0002228,HAM10000,CC-BY-NC-4.0,
fitzpatrick17k_hf/images/img_7057.jpg,naevus,HAM_HAM_0002687,HAM10000,CC-BY-NC-4.0,
fitzpatrick17k_hf/images/img_7058.jpg,naevus,HAM_HAM_0001998,HAM10000,CC-BY-NC-4.0,
fitzpatrick17k_hf/images/img_7059.jpg,naevus,HAM_HAM_0005654,HAM10000,CC-BY-NC-4.0,
fitzpatrick17k_hf/images/img_7060.jpg,naevus,HAM_HAM_0000103,HAM10000,CC-BY-NC-4.0,
fitzpatrick17k_hf/images/img_7061.jpg,naevus,HAM_HAM_0002364,HAM10000,CC-BY-NC-4.0,
fitzpatrick17k_hf/images/img_7062.jpg,naevus,HAM_HAM_0005568,HAM10000,CC-BY-NC-4.0,
fitzpatrick17k_hf/images/img_7063.jpg,naevus,HAM_HAM_0000742,HAM10000,CC-BY-NC-4.0,
fitzpatrick17k_hf/images/img_7064.jpg,naevus,HAM_HAM_0000839,HAM10000,CC-BY-NC-4.0,
fitzpatrick17k_hf/images/img_7065.jpg,naevus,HAM_HAM_0002875,HAM10000,CC-BY-NC-4.0,
fitzpatrick17k_hf/images/img_7066.jpg,naevus,HAM_HAM_0000669,HAM10000,CC-BY-NC-4.0,
fitzpatrick17k_hf/images/img_7067.jpg,naevus,HAM_HAM_0005945,HAM10000,CC-BY-NC-4.0,
fitzpatrick17k_hf/images/img_7068.jpg,naevus,HAM_HAM_0005350,HAM10000,CC-BY-NC-4.0,
fitzpatrick17k_hf/images/img_7069.jpg,naevus,HAM_HAM_0007189,HAM10000,CC-BY-NC-4.0,
fitzpatrick17k_hf/images/img_7070.jpg,naevus,HAM_HAM_0004306,HAM10000,CC-BY-NC-4.0,
fitzpatrick17k_hf/images/img_7071.jpg,naevus,HAM_HAM_0000721,HAM10000,CC-BY-NC-4.0,
fitzpatrick17k_hf/images/img_7072.jpg,naevus,HAM_HAM_0001661,HAM10000,CC-BY-NC-4.0,
fitzpatrick17k_hf/images/img_7073.jpg,naevus,HAM_HAM_0005508,HAM10000,CC-BY-NC-4.0,
fitzpatrick17k_hf/images/img_7074.jpg,naevus,HAM_HAM_0007366,HAM10000,CC-BY-NC-4.0,
fitzpatrick17k_hf/images/img_7075.jpg,naevus,HAM_HAM_0002482,HAM10000,CC-BY-NC-4.0,
fitzpatrick17k_hf/images/img_7076.jpg,naevus,HAM_HAM_0006924,HAM10000,CC-BY-NC-4.0,
fitzpatrick17k_hf/images/img_7077.jpg,naevus,HAM_HAM_0002225,HAM10000,CC-BY-NC-4.0,
fitzpatrick17k_hf/images/img_7078.jpg,naevus,HAM_HAM_0007442,HAM10000,CC-BY-NC-4.0,
fitzpatrick17k_hf/images/img_7079.jpg,naevus,HAM_HAM_0002929,HAM10000,CC-BY-NC-4.0,
fitzpatrick17k_hf/images/img_7080.jpg,naevus,HAM_HAM_0006535,HAM10000,CC-BY-NC-4.0,
fitzpatrick17k_hf/images/img_7081.jpg,naevus,HAM_HAM_0006982,HAM10000,CC-BY-NC-4.0,
fitzpatrick17k_hf/images/img_7082.jpg,naevus,HAM_HAM_0001794,HAM10000,CC-BY-NC-4.0,
fitzpatrick17k_hf/images/img_7083.jpg,naevus,HAM_HAM_0003710,HAM10000,CC-BY-NC-4.0,
fitzpatrick17k_hf/images/img_7084.jpg,naevus,HAM_HAM_0005534,HAM10000,CC-BY-NC-4.0,
fitzpatrick17k_hf/images/img_7085.jpg,naevus,HAM_HAM_0004334,HAM10000,CC-BY-NC-4.0,
fitzpatrick17k_hf/images/img_7086.jpg,naevus,HAM_HAM_0001088,HAM10000,CC-BY-NC-4.0,
fitzpatrick17k_hf/images/img_7087.jpg,naevus,HAM_HAM_0005871,HAM10000,CC-BY-NC-4.0,
fitzpatrick17k_hf/images/img_7088.jpg,naevus,HAM_HAM_0005107,HAM10000,CC-BY-NC-4.0,
fitzpatrick17k_hf/images/img_7089.jpg,naevus,HAM_HAM_0005491,HAM10000,CC-BY-NC-4.0,
fitzpatrick17k_hf/images/img_7090.jpg,naevus,HAM_HAM_0003067,HAM10000,CC-BY-NC-4.0,
fitzpatrick17k_hf/images/img_7091.jpg,naevus,HAM_HAM_0003377,HAM10000,CC-BY-NC-4.0,
fitzpatrick17k_hf/images/img_7092.jpg,naevus,HAM_HAM_0002973,HAM10000,CC-BY-NC-4.0,
fitzpatrick17k_hf/images/img_7093.jpg,naevus,HAM_HAM_0001323,HAM10000,CC-BY-NC-4.0,
fitzpatrick17k_hf/images/img_7094.jpg,naevus,HAM_HAM_0002887,HAM10000,CC-BY-NC-4.0,
fitzpatrick17k_hf/images/img_7095.jpg,naevus,HAM_HAM_0004479,HAM10000,CC-BY-NC-4.0,
fitzpatrick17k_hf/images/img_7096.jpg,naevus,HAM_HAM_0003114,HAM10000,CC-BY-NC-4.0,
fitzpatrick17k_hf/images/img_7097.jpg,naevus,HAM_HAM_0004005,HAM10000,CC-BY-NC-4.0,
fitzpatrick17k_hf/images/img_7098.jpg,naevus,HAM_HAM_0006087,HAM10000,CC-BY-NC-4.0,
fitzpatrick17k_hf/images/img_7099.jpg,naevus,HAM_HAM_0003848,HAM10000,CC-BY-NC-4.0,
fitzpatrick17k_hf/images/img_7100.jpg,naevus,HAM_HAM_0003006,HAM10000,CC-BY-NC-4.0,
fitzpatrick17k_hf/images/img_7101.jpg,naevus,HAM_HAM_0000101,HAM10000,CC-BY-NC-4.0,
fitzpatrick17k_hf/images/img_7102.jpg,naevus,HAM_HAM_0004978,HAM10000,CC-BY-NC-4.0,
fitzpatrick17k_hf/images/img_7103.jpg,naevus,HAM_HAM_0001413,HAM10000,CC-BY-NC-4.0,
fitzpatrick17k_hf/images/img_7104.jpg,naevus,HAM_HAM_0006102,HAM10000,CC-BY-NC-4.0,
fitzpatrick17k_hf/images/img_7105.jpg,naevus,HAM_HAM_0004526,HAM10000,CC-BY-NC-4.0,
fitzpatrick17k_hf/images/img_7106.jpg,naevus,HAM_HAM_0003313,HAM10000,CC-BY-NC-4.0,
fitzpatrick17k_hf/images/img_7107.jpg,naevus,HAM_HAM_0004823,HAM10000,CC-BY-NC-4.0,
fitzpatrick17k_hf/images/img_7108.jpg,naevus,HAM_HAM_0006947,HAM10000,CC-BY-NC-4.0,
fitzpatrick17k_hf/images/img_7109.jpg,naevus,HAM_HAM_0000701,HAM10000,CC-BY-NC-4.0,
fitzpatrick17k_hf/images/img_7110.jpg,naevus,HAM_HAM_0006336,HAM10000,CC-BY-NC-4.0,
fitzpatrick17k_hf/images/img_7111.jpg,naevus,HAM_HAM_0007540,HAM10000,CC-BY-NC-4.0,
fitzpatrick17k_hf/images/img_7112.jpg,naevus,HAM_HAM_0000874,HAM10000,CC-BY-NC-4.0,
fitzpatrick17k_hf/images/img_7113.jpg,naevus,HAM_HAM_0000901,HAM10000,CC-BY-NC-4.0,
fitzpatrick17k_hf/images/img_7114.jpg,naevus,HAM_HAM_0006000,HAM10000,CC-BY-NC-4.0,
fitzpatrick17k_hf/images/img_7115.jpg,naevus,HAM_HAM_0000018,HAM10000,CC-BY-NC-4.0,
fitzpatrick17k_hf/images/img_7116.jpg,naevus,HAM_HAM_0003305,HAM10000,CC-BY-NC-4.0,
fitzpatrick17k_hf/images/img_7117.jpg,naevus,HAM_HAM_0000045,HAM10000,CC-BY-NC-4.0,
fitzpatrick17k_hf/images/img_7118.jpg,naevus,HAM_HAM_0001595,HAM10000,CC-BY-NC-4.0,
fitzpatrick17k_hf/images/img_7119.jpg,naevus,HAM_HAM_0003173,HAM10000,CC-BY-NC-4.0,
fitzpatrick17k_hf/images/img_7120.jpg,naevus,HAM_HAM_0007104,HAM10000,CC-BY-NC-4.0,
fitzpatrick17k_hf/images/img_7121.jpg,naevus,HAM_HAM_0001458,HAM10000,CC-BY-NC-4.0,
fitzpatrick17k_hf/images/img_7122.jpg,naevus,HAM_HAM_0006354,HAM10000,CC-BY-NC-4.0,
fitzpatrick17k_hf/images/img_7123.jpg,naevus,HAM_HAM_0004337,HAM10000,CC-BY-NC-4.0,
fitzpatrick17k_hf/images/img_7124.jpg,naevus,HAM_HAM_0003723,HAM10000,CC-BY-NC-4.0,
fitzpatrick17k_hf/images/img_7125.jpg,naevus,HAM_HAM_0000740,HAM10000,CC-BY-NC-4.0,
fitzpatrick17k_hf/images/img_7126.jpg,naevus,HAM_HAM_0004796,HAM10000,CC-BY-NC-4.0,
fitzpatrick17k_hf/images/img_7127.jpg,naevus,HAM_HAM_0007176,HAM10000,CC-BY-NC-4.0,
fitzpatrick17k_hf/images/img_7128.jpg,naevus,HAM_HAM_0003760,HAM10000,CC-BY-NC-4.0,
fitzpatrick17k_hf/images/img_7129.jpg,naevus,HAM_HAM_0006867,HAM10000,CC-BY-NC-4.0,
fitzpatrick17k_hf/images/img_7130.jpg,naevus,HAM_HAM_0000521,HAM10000,CC-BY-NC-4.0,
fitzpatrick17k_hf/images/img_7131.jpg,naevus,HAM_HAM_0000230,HAM10000,CC-BY-NC-4.0,
fitzpatrick17k_hf/images/img_7132.jpg,naevus,HAM_HAM_0007553,HAM10000,CC-BY-NC-4.0,
fitzpatrick17k_hf/images/img_7133.jpg,naevus,HAM_HAM_0001627,HAM10000,CC-BY-NC-4.0,
fitzpatrick17k_hf/images/img_7134.jpg,naevus,HAM_HAM_0002052,HAM10000,CC-BY-NC-4.0,
fitzpatrick17k_hf/images/img_7135.jpg,naevus,HAM_HAM_0000353,HAM10000,CC-BY-NC-4.0,
fitzpatrick17k_hf/images/img_7136.jpg,naevus,HAM_HAM_0004318,HAM10000,CC-BY-NC-4.0,
fitzpatrick17k_hf/images/img_7137.jpg,naevus,HAM_HAM_0004874,HAM10000,CC-BY-NC-4.0,
fitzpatrick17k_hf/images/img_7138.jpg,naevus,HAM_HAM_0005216,HAM10000,CC-BY-NC-4.0,
fitzpatrick17k_hf/images/img_7139.jpg,naevus,HAM_HAM_0001427,HAM10000,CC-BY-NC-4.0,
fitzpatrick17k_hf/images/img_7140.jpg,naevus,HAM_HAM_0003345,HAM10000,CC-BY-NC-4.0,
fitzpatrick17k_hf/images/img_7141.jpg,naevus,HAM_HAM_0001960,HAM10000,CC-BY-NC-4.0,
fitzpatrick17k_hf/images/img_7142.jpg,naevus,HAM_HAM_0000916,HAM10000,CC-BY-NC-4.0,
fitzpatrick17k_hf/images/img_7143.jpg,naevus,HAM_HAM_0005044,HAM10000,CC-BY-NC-4.0,
fitzpatrick17k_hf/images/img_7144.jpg,naevus,HAM_HAM_0006536,HAM10000,CC-BY-NC-4.0,
fitzpatrick17k_hf/images/img_7145.jpg,naevus,HAM_HAM_0007517,HAM10000,CC-BY-NC-4.0,
fitzpatrick17k_hf/images/img_7146.jpg,naevus,HAM_HAM_0000302,HAM10000,CC-BY-NC-4.0,
fitzpatrick17k_hf/images/img_7147.jpg,naevus,HAM_HAM_0001769,HAM10000,CC-BY-NC-4.0,
fitzpatrick17k_hf/images/img_7148.jpg,naevus,HAM_HAM_0002520,HAM10000,CC-BY-NC-4.0,
fitzpatrick17k_hf/images/img_7149.jpg,naevus,HAM_HAM_0000651,HAM10000,CC-BY-NC-4.0,
fitzpatrick17k_hf/images/img_7150.jpg,naevus,HAM_HAM_0004236,HAM10000,CC-BY-NC-4.0,
fitzpatrick17k_hf/images/img_7151.jpg,naevus,HAM_HAM_0003369,HAM10000,CC-BY-NC-4.0,
fitzpatrick17k_hf/images/img_7152.jpg,naevus,HAM_HAM_0007351,HAM10000,CC-BY-NC-4.0,
fitzpatrick17k_hf/images/img_7153.jpg,naevus,HAM_HAM_0004866,HAM10000,CC-BY-NC-4.0,
fitzpatrick17k_hf/images/img_7154.jpg,naevus,HAM_HAM_0000104,HAM10000,CC-BY-NC-4.0,
fitzpatrick17k_hf/images/img_7155.jpg,naevus,HAM_HAM_0006028,HAM10000,CC-BY-NC-4.0,
fitzpatrick17k_hf/images/img_7156.jpg,naevus,HAM_HAM_0006618,HAM10000,CC-BY-NC-4.0,
fitzpatrick17k_hf/images/img_7157.jpg,naevus,HAM_HAM_0007492,HAM10000,CC-BY-NC-4.0,
fitzpatrick17k_hf/images/img_7158.jpg,naevus,HAM_HAM_0007075,HAM10000,CC-BY-NC-4.0,
fitzpatrick17k_hf/images/img_7159.jpg,naevus,HAM_HAM_0002188,HAM10000,CC-BY-NC-4.0,
fitzpatrick17k_hf/images/img_7160.jpg,naevus,HAM_HAM_0001093,HAM10000,CC-BY-NC-4.0,
fitzpatrick17k_hf/images/img_7161.jpg,naevus,HAM_HAM_0000227,HAM10000,CC-BY-NC-4.0,
fitzpatrick17k_hf/images/img_7162.jpg,naevus,HAM_HAM_0001170,HAM10000,CC-BY-NC-4.0,
fitzpatrick17k_hf/images/img_7163.jpg,naevus,HAM_HAM_0001921,HAM10000,CC-BY-NC-4.0,
fitzpatrick17k_hf/images/img_7164.jpg,naevus,HAM_HAM_0002665,HAM10000,CC-BY-NC-4.0,
fitzpatrick17k_hf/images/img_7165.jpg,naevus,HAM_HAM_0001100,HAM10000,CC-BY-NC-4.0,
fitzpatrick17k_hf/images/img_7166.jpg,naevus,HAM_HAM_0001227,HAM10000,CC-BY-NC-4.0,
fitzpatrick17k_hf/images/img_7167.jpg,naevus,HAM_HAM_0000041,HAM10000,CC-BY-NC-4.0,
fitzpatrick17k_hf/images/img_7168.jpg,naevus,HAM_HAM_0004932,HAM10000,CC-BY-NC-4.0,
fitzpatrick17k_hf/images/img_7169.jpg,naevus,HAM_HAM_0003656,HAM10000,CC-BY-NC-4.0,
fitzpatrick17k_hf/images/img_7170.jpg,naevus,HAM_HAM_0004123,HAM10000,CC-BY-NC-4.0,
fitzpatrick17k_hf/images/img_7171.jpg,naevus,HAM_HAM_0006503,HAM10000,CC-BY-NC-4.0,
fitzpatrick17k_hf/images/img_7172.jpg,naevus,HAM_HAM_0006094,HAM10000,CC-BY-NC-4.0,
fitzpatrick17k_hf/images/img_7173.jpg,naevus,HAM_HAM_0000102,HAM10000,CC-BY-NC-4.0,
fitzpatrick17k_hf/images/img_7174.jpg,naevus,HAM_HAM_0003059,HAM10000,CC-BY-NC-4.0,
fitzpatrick17k_hf/images/img_7175.jpg,naevus,HAM_HAM_0000289,HAM10000,CC-BY-NC-4.0,
fitzpatrick17k_hf/images/img_7176.jpg,naevus,HAM_HAM_0000963,HAM10000,CC-BY-NC-4.0,
fitzpatrick17k_hf/images/img_7177.jpg,naevus,HAM_HAM_0003984,HAM10000,CC-BY-NC-4.0,
fitzpatrick17k_hf/images/img_7178.jpg,naevus,HAM_HAM_0002849,HAM10000,CC-BY-NC-4.0,
fitzpatrick17k_hf/images/img_7179.jpg,naevus,HAM_HAM_0001591,HAM10000,CC-BY-NC-4.0,
fitzpatrick17k_hf/images/img_7180.jpg,naevus,HAM_HAM_0006174,HAM10000,CC-BY-NC-4.0,
fitzpatrick17k_hf/images/img_7181.jpg,naevus,HAM_HAM_0004721,HAM10000,CC-BY-NC-4.0,
fitzpatrick17k_hf/images/img_7182.jpg,naevus,HAM_HAM_0006105,HAM10000,CC-BY-NC-4.0,
fitzpatrick17k_hf/images/img_7183.jpg,naevus,HAM_HAM_0003370,HAM10000,CC-BY-NC-4.0,
fitzpatrick17k_hf/images/img_7184.jpg,naevus,HAM_HAM_0004858,HAM10000,CC-BY-NC-4.0,
fitzpatrick17k_hf/images/img_7185.jpg,naevus,HAM_HAM_0000882,HAM10000,CC-BY-NC-4.0,
fitzpatrick17k_hf/images/img_7186.jpg,naevus,HAM_HAM_0003951,HAM10000,CC-BY-NC-4.0,
fitzpatrick17k_hf/images/img_7187.jpg,naevus,HAM_HAM_0004701,HAM10000,CC-BY-NC-4.0,
fitzpatrick17k_hf/images/img_7188.jpg,naevus,HAM_HAM_0005875,HAM10000,CC-BY-NC-4.0,
fitzpatrick17k_hf/images/img_7189.jpg,naevus,HAM_HAM_0001764,HAM10000,CC-BY-NC-4.0,
fitzpatrick17k_hf/images/img_7190.jpg,naevus,HAM_HAM_0005895,HAM10000,CC-BY-NC-4.0,
fitzpatrick17k_hf/images/img_7191.jpg,naevus,HAM_HAM_0001764,HAM10000,CC-BY-NC-4.0,
fitzpatrick17k_hf/images/img_7192.jpg,naevus,HAM_HAM_0001548,HAM10000,CC-BY-NC-4.0,
fitzpatrick17k_hf/images/img_7193.jpg,naevus,HAM_HAM_0005145,HAM10000,CC-BY-NC-4.0,
fitzpatrick17k_hf/images/img_7194.jpg,naevus,HAM_HAM_0006424,HAM10000,CC-BY-NC-4.0,
fitzpatrick17k_hf/images/img_7195.jpg,naevus,HAM_HAM_0006457,HAM10000,CC-BY-NC-4.0,
fitzpatrick17k_hf/images/img_7196.jpg,naevus,HAM_HAM_0004333,HAM10000,CC-BY-NC-4.0,
fitzpatrick17k_hf/images/img_7197.jpg,naevus,HAM_HAM_0005840,HAM10000,CC-BY-NC-4.0,
fitzpatrick17k_hf/images/img_7198.jpg,naevus,HAM_HAM_0005025,HAM10000,CC-BY-NC-4.0,
fitzpatrick17k_hf/images/img_7199.jpg,naevus,HAM_HAM_0003061,HAM10000,CC-BY-NC-4.0,
fitzpatrick17k_hf/images/img_7200.jpg,naevus,HAM_HAM_0001290,HAM10000,CC-BY-NC-4.0,
fitzpatrick17k_hf/images/img_7201.jpg,naevus,HAM_HAM_0006814,HAM10000,CC-BY-NC-4.0,
fitzpatrick17k_hf/images/img_7202.jpg,naevus,HAM_HAM_0002289,HAM10000,CC-BY-NC-4.0,
fitzpatrick17k_hf/images/img_7203.jpg,naevus,HAM_HAM_0004605,HAM10000,CC-BY-NC-4.0,
fitzpatrick17k_hf/images/img_7204.jpg,naevus,HAM_HAM_0000487,HAM10000,CC-BY-NC-4.0,
fitzpatrick17k_hf/images/img_7205.jpg,naevus,HAM_HAM_0005917,HAM10000,CC-BY-NC-4.0,
fitzpatrick17k_hf/images/img_7206.jpg,naevus,HAM_HAM_0006283,HAM10000,CC-BY-NC-4.0,
fitzpatrick17k_hf/images/img_7207.jpg,naevus,HAM_HAM_0006451,HAM10000,CC-BY-NC-4.0,
fitzpatrick17k_hf/images/img_7208.jpg,naevus,HAM_HAM_0005174,HAM10000,CC-BY-NC-4.0,
fitzpatrick17k_hf/images/img_7209.jpg,naevus,HAM_HAM_0005175,HAM10000,CC-BY-NC-4.0,
fitzpatrick17k_hf/images/img_7210.jpg,naevus,HAM_HAM_0004991,HAM10000,CC-BY-NC-4.0,
fitzpatrick17k_hf/images/img_7211.jpg,naevus,HAM_HAM_0007064,HAM10000,CC-BY-NC-4.0,
fitzpatrick17k_hf/images/img_7212.jpg,naevus,HAM_HAM_0002647,HAM10000,CC-BY-NC-4.0,
fitzpatrick17k_hf/images/img_7213.jpg,naevus,HAM_HAM_0006830,HAM10000,CC-BY-NC-4.0,
fitzpatrick17k_hf/images/img_7214.jpg,naevus,HAM_HAM_0006959,HAM10000,CC-BY-NC-4.0,
fitzpatrick17k_hf/images/img_7215.jpg,naevus,HAM_HAM_0006100,HAM10000,CC-BY-NC-4.0,
fitzpatrick17k_hf/images/img_7216.jpg,naevus,HAM_HAM_0001782,HAM10000,CC-BY-NC-4.0,
fitzpatrick17k_hf/images/img_7217.jpg,naevus,HAM_HAM_0000032,HAM10000,CC-BY-NC-4.0,
fitzpatrick17k_hf/images/img_7218.jpg,naevus,HAM_HAM_0003685,HAM10000,CC-BY-NC-4.0,
fitzpatrick17k_hf/images/img_7219.jpg,naevus,HAM_HAM_0000123,HAM10000,CC-BY-NC-4.0,
fitzpatrick17k_hf/images/img_7220.jpg,naevus,HAM_HAM_0007448,HAM10000,CC-BY-NC-4.0,
fitzpatrick17k_hf/images/img_7221.jpg,naevus,HAM_HAM_0006106,HAM10000,CC-BY-NC-4.0,
fitzpatrick17k_hf/images/img_7222.jpg,naevus,HAM_HAM_0004730,HAM10000,CC-BY-NC-4.0,
fitzpatrick17k_hf/images/img_7223.jpg,naevus,HAM_HAM_0000694,HAM10000,CC-BY-NC-4.0,
fitzpatrick17k_hf/images/img_7224.jpg,naevus,HAM_HAM_0002090,HAM10000,CC-BY-NC-4.0,
fitzpatrick17k_hf/images/img_7225.jpg,naevus,HAM_HAM_0002020,HAM10000,CC-BY-NC-4.0,
fitzpatrick17k_hf/images/img_7226.jpg,naevus,HAM_HAM_0006456,HAM10000,CC-BY-NC-4.0,
fitzpatrick17k_hf/images/img_7227.jpg,naevus,HAM_HAM_0006185,HAM10000,CC-BY-NC-4.0,
fitzpatrick17k_hf/images/img_7228.jpg,naevus,HAM_HAM_0007014,HAM10000,CC-BY-NC-4.0,
fitzpatrick17k_hf/images/img_7229.jpg,naevus,HAM_HAM_0005086,HAM10000,CC-BY-NC-4.0,
fitzpatrick17k_hf/images/img_7230.jpg,naevus,HAM_HAM_0001629,HAM10000,CC-BY-NC-4.0,
fitzpatrick17k_hf/images/img_7231.jpg,naevus,HAM_HAM_0002352,HAM10000,CC-BY-NC-4.0,
fitzpatrick17k_hf/images/img_7232.jpg,naevus,HAM_HAM_0005990,HAM10000,CC-BY-NC-4.0,
fitzpatrick17k_hf/images/img_7233.jpg,naevus,HAM_HAM_0006859,HAM10000,CC-BY-NC-4.0,
fitzpatrick17k_hf/images/img_7234.jpg,naevus,HAM_HAM_0003070,HAM10000,CC-BY-NC-4.0,
fitzpatrick17k_hf/images/img_7235.jpg,naevus,HAM_HAM_0002117,HAM10000,CC-BY-NC-4.0,
fitzpatrick17k_hf/images/img_7236.jpg,naevus,HAM_HAM_0000280,HAM10000,CC-BY-NC-4.0,
fitzpatrick17k_hf/images/img_7237.jpg,naevus,HAM_HAM_0004806,HAM10000,CC-BY-NC-4.0,
fitzpatrick17k_hf/images/img_7238.jpg,naevus,HAM_HAM_0006469,HAM10000,CC-BY-NC-4.0,
fitzpatrick17k_hf/images/img_7239.jpg,naevus,HAM_HAM_0004449,HAM10000,CC-BY-NC-4.0,
fitzpatrick17k_hf/images/img_7240.jpg,naevus,HAM_HAM_0001083,HAM10000,CC-BY-NC-4.0,
fitzpatrick17k_hf/images/img_7241.jpg,naevus,HAM_HAM_0006197,HAM10000,CC-BY-NC-4.0,
fitzpatrick17k_hf/images/img_7242.jpg,naevus,HAM_HAM_0002460,HAM10000,CC-BY-NC-4.0,
fitzpatrick17k_hf/images/img_7243.jpg,naevus,HAM_HAM_0002038,HAM10000,CC-BY-NC-4.0,
fitzpatrick17k_hf/images/img_7244.jpg,naevus,HAM_HAM_0004024,HAM10000,CC-BY-NC-4.0,
fitzpatrick17k_hf/images/img_7245.jpg,naevus,HAM_HAM_0007072,HAM10000,CC-BY-NC-4.0,
fitzpatrick17k_hf/images/img_7246.jpg,naevus,HAM_HAM_0001881,HAM10000,CC-BY-NC-4.0,
fitzpatrick17k_hf/images/img_7247.jpg,naevus,HAM_HAM_0003221,HAM10000,CC-BY-NC-4.0,
fitzpatrick17k_hf/images/img_7248.jpg,naevus,HAM_HAM_0004410,HAM10000,CC-BY-NC-4.0,
fitzpatrick17k_hf/images/img_7249.jpg,naevus,HAM_HAM_0005056,HAM10000,CC-BY-NC-4.0,
fitzpatrick17k_hf/images/img_7250.jpg,naevus,HAM_HAM_0001171,HAM10000,CC-BY-NC-4.0,
fitzpatrick17k_hf/images/img_7251.jpg,naevus,HAM_HAM_0007585,HAM10000,CC-BY-NC-4.0,
fitzpatrick17k_hf/images/img_7252.jpg,naevus,HAM_HAM_0007033,HAM10000,CC-BY-NC-4.0,
fitzpatrick17k_hf/images/img_7253.jpg,naevus,HAM_HAM_0006963,HAM10000,CC-BY-NC-4.0,
fitzpatrick17k_hf/images/img_7254.jpg,naevus,HAM_HAM_0004244,HAM10000,CC-BY-NC-4.0,
fitzpatrick17k_hf/images/img_7255.jpg,naevus,HAM_HAM_0000535,HAM10000,CC-BY-NC-4.0,
fitzpatrick17k_hf/images/img_7256.jpg,naevus,HAM_HAM_0001714,HAM10000,CC-BY-NC-4.0,
fitzpatrick17k_hf/images/img_7257.jpg,naevus,HAM_HAM_0005888,HAM10000,CC-BY-NC-4.0,
fitzpatrick17k_hf/images/img_7258.jpg,naevus,HAM_HAM_0007098,HAM10000,CC-BY-NC-4.0,
fitzpatrick17k_hf/images/img_7259.jpg,naevus,HAM_HAM_0001622,HAM10000,CC-BY-NC-4.0,
fitzpatrick17k_hf/images/img_7260.jpg,naevus,HAM_HAM_0001690,HAM10000,CC-BY-NC-4.0,
fitzpatrick17k_hf/images/img_7261.jpg,naevus,HAM_HAM_0007127,HAM10000,CC-BY-NC-4.0,
fitzpatrick17k_hf/images/img_7262.jpg,naevus,HAM_HAM_0007003,HAM10000,CC-BY-NC-4.0,
fitzpatrick17k_hf/images/img_7263.jpg,naevus,HAM_HAM_0004046,HAM10000,CC-BY-NC-4.0,
fitzpatrick17k_hf/images/img_7264.jpg,naevus,HAM_HAM_0006415,HAM10000,CC-BY-NC-4.0,
fitzpatrick17k_hf/images/img_7265.jpg,naevus,HAM_HAM_0001715,HAM10000,CC-BY-NC-4.0,
fitzpatrick17k_hf/images/img_7266.jpg,naevus,HAM_HAM_0003079,HAM10000,CC-BY-NC-4.0,
fitzpatrick17k_hf/images/img_7267.jpg,naevus,HAM_HAM_0003916,HAM10000,CC-BY-NC-4.0,
fitzpatrick17k_hf/images/img_7268.jpg,naevus,HAM_HAM_0001279,HAM10000,CC-BY-NC-4.0,
fitzpatrick17k_hf/images/img_7269.jpg,naevus,HAM_HAM_0000279,HAM10000,CC-BY-NC-4.0,
fitzpatrick17k_hf/images/img_7270.jpg,naevus,HAM_HAM_0000174,HAM10000,CC-BY-NC-4.0,
fitzpatrick17k_hf/images/img_7271.jpg,naevus,HAM_HAM_0000196,HAM10000,CC-BY-NC-4.0,
fitzpatrick17k_hf/images/img_7272.jpg,naevus,HAM_HAM_0001342,HAM10000,CC-BY-NC-4.0,
fitzpatrick17k_hf/images/img_7273.jpg,naevus,HAM_HAM_0005522,HAM10000,CC-BY-NC-4.0,
fitzpatrick17k_hf/images/img_7274.jpg,naevus,HAM_HAM_0003248,HAM10000,CC-BY-NC-4.0,
fitzpatrick17k_hf/images/img_7275.jpg,naevus,HAM_HAM_0004904,HAM10000,CC-BY-NC-4.0,
fitzpatrick17k_hf/images/img_7276.jpg,naevus,HAM_HAM_0005333,HAM10000,CC-BY-NC-4.0,
fitzpatrick17k_hf/images/img_7277.jpg,naevus,HAM_HAM_0005712,HAM10000,CC-BY-NC-4.0,
fitzpatrick17k_hf/images/img_7278.jpg,naevus,HAM_HAM_0000310,HAM10000,CC-BY-NC-4.0,
fitzpatrick17k_hf/images/img_7279.jpg,naevus,HAM_HAM_0005867,HAM10000,CC-BY-NC-4.0,
fitzpatrick17k_hf/images/img_7280.jpg,naevus,HAM_HAM_0000155,HAM10000,CC-BY-NC-4.0,
fitzpatrick17k_hf/images/img_7281.jpg,naevus,HAM_HAM_0004481,HAM10000,CC-BY-NC-4.0,
fitzpatrick17k_hf/images/img_7282.jpg,naevus,HAM_HAM_0000157,HAM10000,CC-BY-NC-4.0,
fitzpatrick17k_hf/images/img_7283.jpg,naevus,HAM_HAM_0005200,HAM10000,CC-BY-NC-4.0,
fitzpatrick17k_hf/images/img_7284.jpg,naevus,HAM_HAM_0005667,HAM10000,CC-BY-NC-4.0,
fitzpatrick17k_hf/images/img_7285.jpg,naevus,HAM_HAM_0002555,HAM10000,CC-BY-NC-4.0,
fitzpatrick17k_hf/images/img_7286.jpg,naevus,HAM_HAM_0005677,HAM10000,CC-BY-NC-4.0,
fitzpatrick17k_hf/images/img_7287.jpg,naevus,HAM_HAM_0001229,HAM10000,CC-BY-NC-4.0,
fitzpatrick17k_hf/images/img_7288.jpg,naevus,HAM_HAM_0003809,HAM10000,CC-BY-NC-4.0,
fitzpatrick17k_hf/images/img_7289.jpg,naevus,HAM_HAM_0004032,HAM10000,CC-BY-NC-4.0,
fitzpatrick17k_hf/images/img_7290.jpg,naevus,HAM_HAM_0001455,HAM10000,CC-BY-NC-4.0,
fitzpatrick17k_hf/images/img_7291.jpg,naevus,HAM_HAM_0006304,HAM10000,CC-BY-NC-4.0,
fitzpatrick17k_hf/images/img_7292.jpg,naevus,HAM_HAM_0001567,HAM10000,CC-BY-NC-4.0,
fitzpatrick17k_hf/images/img_7293.jpg,naevus,HAM_HAM_0000034,HAM10000,CC-BY-NC-4.0,
fitzpatrick17k_hf/images/img_7294.jpg,naevus,HAM_HAM_0002234,HAM10000,CC-BY-NC-4.0,
fitzpatrick17k_hf/images/img_7295.jpg,naevus,HAM_HAM_0004723,HAM10000,CC-BY-NC-4.0,
fitzpatrick17k_hf/images/img_7296.jpg,naevus,HAM_HAM_0003347,HAM10000,CC-BY-NC-4.0,
fitzpatrick17k_hf/images/img_7297.jpg,naevus,HAM_HAM_0004594,HAM10000,CC-BY-NC-4.0,
fitzpatrick17k_hf/images/img_7298.jpg,naevus,HAM_HAM_0004879,HAM10000,CC-BY-NC-4.0,
fitzpatrick17k_hf/images/img_7299.jpg,naevus,HAM_HAM_0004461,HAM10000,CC-BY-NC-4.0,
fitzpatrick17k_hf/images/img_7300.jpg,naevus,HAM_HAM_0001014,HAM10000,CC-BY-NC-4.0,
fitzpatrick17k_hf/images/img_7301.jpg,naevus,HAM_HAM_0007527,HAM10000,CC-BY-NC-4.0,
fitzpatrick17k_hf/images/img_7302.jpg,naevus,HAM_HAM_0005818,HAM10000,CC-BY-NC-4.0,
fitzpatrick17k_hf/images/img_7303.jpg,naevus,HAM_HAM_0004410,HAM10000,CC-BY-NC-4.0,
fitzpatrick17k_hf/images/img_7304.jpg,naevus,HAM_HAM_0000234,HAM10000,CC-BY-NC-4.0,
fitzpatrick17k_hf/images/img_7305.jpg,naevus,HAM_HAM_0001937,HAM10000,CC-BY-NC-4.0,
fitzpatrick17k_hf/images/img_7306.jpg,naevus,HAM_HAM_0003302,HAM10000,CC-BY-NC-4.0,
fitzpatrick17k_hf/images/img_7307.jpg,naevus,HAM_HAM_0002963,HAM10000,CC-BY-NC-4.0,
fitzpatrick17k_hf/images/img_7308.jpg,naevus,HAM_HAM_0001207,HAM10000,CC-BY-NC-4.0,
fitzpatrick17k_hf/images/img_7309.jpg,naevus,HAM_HAM_0007485,HAM10000,CC-BY-NC-4.0,
fitzpatrick17k_hf/images/img_7310.jpg,naevus,HAM_HAM_0005570,HAM10000,CC-BY-NC-4.0,
fitzpatrick17k_hf/images/img_7311.jpg,naevus,HAM_HAM_0005484,HAM10000,CC-BY-NC-4.0,
fitzpatrick17k_hf/images/img_7312.jpg,naevus,HAM_HAM_0000949,HAM10000,CC-BY-NC-4.0,
fitzpatrick17k_hf/images/img_7313.jpg,naevus,HAM_HAM_0003232,HAM10000,CC-BY-NC-4.0,
fitzpatrick17k_hf/images/img_7314.jpg,naevus,HAM_HAM_0006127,HAM10000,CC-BY-NC-4.0,
fitzpatrick17k_hf/images/img_7315.jpg,naevus,HAM_HAM_0002739,HAM10000,CC-BY-NC-4.0,
fitzpatrick17k_hf/images/img_7316.jpg,naevus,HAM_HAM_0000132,HAM10000,CC-BY-NC-4.0,
fitzpatrick17k_hf/images/img_7317.jpg,naevus,HAM_HAM_0004634,HAM10000,CC-BY-NC-4.0,
fitzpatrick17k_hf/images/img_7318.jpg,naevus,HAM_HAM_0005691,HAM10000,CC-BY-NC-4.0,
fitzpatrick17k_hf/images/img_7319.jpg,naevus,HAM_HAM_0001602,HAM10000,CC-BY-NC-4.0,
fitzpatrick17k_hf/images/img_7320.jpg,naevus,HAM_HAM_0003590,HAM10000,CC-BY-NC-4.0,
fitzpatrick17k_hf/images/img_7321.jpg,naevus,HAM_HAM_0001865,HAM10000,CC-BY-NC-4.0,
fitzpatrick17k_hf/images/img_7322.jpg,naevus,HAM_HAM_0004557,HAM10000,CC-BY-NC-4.0,
fitzpatrick17k_hf/images/img_7323.jpg,naevus,HAM_HAM_0003234,HAM10000,CC-BY-NC-4.0,
fitzpatrick17k_hf/images/img_7324.jpg,naevus,HAM_HAM_0002892,HAM10000,CC-BY-NC-4.0,
fitzpatrick17k_hf/images/img_7325.jpg,naevus,HAM_HAM_0003932,HAM10000,CC-BY-NC-4.0,
fitzpatrick17k_hf/images/img_7326.jpg,naevus,HAM_HAM_0002140,HAM10000,CC-BY-NC-4.0,
fitzpatrick17k_hf/images/img_7327.jpg,naevus,HAM_HAM_0004631,HAM10000,CC-BY-NC-4.0,
fitzpatrick17k_hf/images/img_7328.jpg,naevus,HAM_HAM_0003282,HAM10000,CC-BY-NC-4.0,
fitzpatrick17k_hf/images/img_7329.jpg,naevus,HAM_HAM_0007448,HAM10000,CC-BY-NC-4.0,
fitzpatrick17k_hf/images/img_7330.jpg,naevus,HAM_HAM_0000430,HAM10000,CC-BY-NC-4.0,
fitzpatrick17k_hf/images/img_7331.jpg,naevus,HAM_HAM_0003254,HAM10000,CC-BY-NC-4.0,
fitzpatrick17k_hf/images/img_7332.jpg,naevus,HAM_HAM_0006500,HAM10000,CC-BY-NC-4.0,
fitzpatrick17k_hf/images/img_7333.jpg,naevus,HAM_HAM_0001146,HAM10000,CC-BY-NC-4.0,
fitzpatrick17k_hf/images/img_7334.jpg,naevus,HAM_HAM_0004104,HAM10000,CC-BY-NC-4.0,
fitzpatrick17k_hf/images/img_7335.jpg,naevus,HAM_HAM_0005506,HAM10000,CC-BY-NC-4.0,
fitzpatrick17k_hf/images/img_7336.jpg,naevus,HAM_HAM_0003443,HAM10000,CC-BY-NC-4.0,
fitzpatrick17k_hf/images/img_7337.jpg,naevus,HAM_HAM_0004301,HAM10000,CC-BY-NC-4.0,
fitzpatrick17k_hf/images/img_7338.jpg,naevus,HAM_HAM_0002383,HAM10000,CC-BY-NC-4.0,
fitzpatrick17k_hf/images/img_7339.jpg,naevus,HAM_HAM_0001327,HAM10000,CC-BY-NC-4.0,
fitzpatrick17k_hf/images/img_7340.jpg,naevus,HAM_HAM_0001513,HAM10000,CC-BY-NC-4.0,
fitzpatrick17k_hf/images/img_7341.jpg,naevus,HAM_HAM_0004068,HAM10000,CC-BY-NC-4.0,
fitzpatrick17k_hf/images/img_7342.jpg,naevus,HAM_HAM_0007011,HAM10000,CC-BY-NC-4.0,
fitzpatrick17k_hf/images/img_7343.jpg,naevus,HAM_HAM_0004226,HAM10000,CC-BY-NC-4.0,
fitzpatrick17k_hf/images/img_7344.jpg,naevus,HAM_HAM_0004770,HAM10000,CC-BY-NC-4.0,
fitzpatrick17k_hf/images/img_7345.jpg,naevus,HAM_HAM_0004250,HAM10000,CC-BY-NC-4.0,
fitzpatrick17k_hf/images/img_7346.jpg,naevus,HAM_HAM_0006860,HAM10000,CC-BY-NC-4.0,
fitzpatrick17k_hf/images/img_7347.jpg,naevus,HAM_HAM_0001467,HAM10000,CC-BY-NC-4.0,
fitzpatrick17k_hf/images/img_7348.jpg,naevus,HAM_HAM_0002487,HAM10000,CC-BY-NC-4.0,
fitzpatrick17k_hf/images/img_7349.jpg,naevus,HAM_HAM_0007077,HAM10000,CC-BY-NC-4.0,
fitzpatrick17k_hf/images/img_7350.jpg,naevus,HAM_HAM_0002917,HAM10000,CC-BY-NC-4.0,
fitzpatrick17k_hf/images/img_7351.jpg,naevus,HAM_HAM_0004725,HAM10000,CC-BY-NC-4.0,
fitzpatrick17k_hf/images/img_7352.jpg,naevus,HAM_HAM_0002601,HAM10000,CC-BY-NC-4.0,
fitzpatrick17k_hf/images/img_7353.jpg,naevus,HAM_HAM_0003735,HAM10000,CC-BY-NC-4.0,
fitzpatrick17k_hf/images/img_7354.jpg,naevus,HAM_HAM_0007415,HAM10000,CC-BY-NC-4.0,
fitzpatrick17k_hf/images/img_7355.jpg,naevus,HAM_HAM_0006539,HAM10000,CC-BY-NC-4.0,
fitzpatrick17k_hf/images/img_7356.jpg,naevus,HAM_HAM_0003744,HAM10000,CC-BY-NC-4.0,
fitzpatrick17k_hf/images/img_7357.jpg,naevus,HAM_HAM_0004548,HAM10000,CC-BY-NC-4.0,
fitzpatrick17k_hf/images/img_7358.jpg,naevus,HAM_HAM_0005206,HAM10000,CC-BY-NC-4.0,
fitzpatrick17k_hf/images/img_7359.jpg,naevus,HAM_HAM_0002755,HAM10000,CC-BY-NC-4.0,
fitzpatrick17k_hf/images/img_7360.jpg,naevus,HAM_HAM_0004411,HAM10000,CC-BY-NC-4.0,
fitzpatrick17k_hf/images/img_7361.jpg,naevus,HAM_HAM_0005364,HAM10000,CC-BY-NC-4.0,
fitzpatrick17k_hf/images/img_7362.jpg,naevus,HAM_HAM_0007451,HAM10000,CC-BY-NC-4.0,
fitzpatrick17k_hf/images/img_7363.jpg,naevus,HAM_HAM_0003945,HAM10000,CC-BY-NC-4.0,
fitzpatrick17k_hf/images/img_7364.jpg,naevus,HAM_HAM_0005942,HAM10000,CC-BY-NC-4.0,
fitzpatrick17k_hf/images/img_7365.jpg,naevus,HAM_HAM_0003676,HAM10000,CC-BY-NC-4.0,
fitzpatrick17k_hf/images/img_7366.jpg,naevus,HAM_HAM_0004581,HAM10000,CC-BY-NC-4.0,
fitzpatrick17k_hf/images/img_7367.jpg,naevus,HAM_HAM_0007541,HAM10000,CC-BY-NC-4.0,
fitzpatrick17k_hf/images/img_7368.jpg,naevus,HAM_HAM_0007415,HAM10000,CC-BY-NC-4.0,
fitzpatrick17k_hf/images/img_7369.jpg,naevus,HAM_HAM_0003852,HAM10000,CC-BY-NC-4.0,
fitzpatrick17k_hf/images/img_7370.jpg,naevus,HAM_HAM_0002413,HAM10000,CC-BY-NC-4.0,
fitzpatrick17k_hf/images/img_7371.jpg,naevus,HAM_HAM_0000547,HAM10000,CC-BY-NC-4.0,
fitzpatrick17k_hf/images/img_7372.jpg,naevus,HAM_HAM_0002253,HAM10000,CC-BY-NC-4.0,
fitzpatrick17k_hf/images/img_7373.jpg,naevus,HAM_HAM_0002244,HAM10000,CC-BY-NC-4.0,
fitzpatrick17k_hf/images/img_7374.jpg,naevus,HAM_HAM_0003947,HAM10000,CC-BY-NC-4.0,
fitzpatrick17k_hf/images/img_7375.jpg,naevus,HAM_HAM_0005641,HAM10000,CC-BY-NC-4.0,
fitzpatrick17k_hf/images/img_7376.jpg,naevus,HAM_HAM_0002616,HAM10000,CC-BY-NC-4.0,
fitzpatrick17k_hf/images/img_7377.jpg,naevus,HAM_HAM_0006869,HAM10000,CC-BY-NC-4.0,
fitzpatrick17k_hf/images/img_7378.jpg,naevus,HAM_HAM_0003614,HAM10000,CC-BY-NC-4.0,
fitzpatrick17k_hf/images/img_7379.jpg,naevus,HAM_HAM_0005194,HAM10000,CC-BY-NC-4.0,
fitzpatrick17k_hf/images/img_7380.jpg,naevus,HAM_HAM_0004191,HAM10000,CC-BY-NC-4.0,
fitzpatrick17k_hf/images/img_7381.jpg,naevus,HAM_HAM_0004963,HAM10000,CC-BY-NC-4.0,
fitzpatrick17k_hf/images/img_7382.jpg,naevus,HAM_HAM_0007299,HAM10000,CC-BY-NC-4.0,
fitzpatrick17k_hf/images/img_7383.jpg,naevus,HAM_HAM_0004574,HAM10000,CC-BY-NC-4.0,
fitzpatrick17k_hf/images/img_7384.jpg,naevus,HAM_HAM_0007005,HAM10000,CC-BY-NC-4.0,
fitzpatrick17k_hf/images/img_7385.jpg,naevus,HAM_HAM_0004181,HAM10000,CC-BY-NC-4.0,
fitzpatrick17k_hf/images/img_7386.jpg,naevus,HAM_HAM_0003356,HAM10000,CC-BY-NC-4.0,
fitzpatrick17k_hf/images/img_7387.jpg,naevus,HAM_HAM_0007541,HAM10000,CC-BY-NC-4.0,
fitzpatrick17k_hf/images/img_7388.jpg,naevus,HAM_HAM_0000970,HAM10000,CC-BY-NC-4.0,
fitzpatrick17k_hf/images/img_7389.jpg,naevus,HAM_HAM_0002074,HAM10000,CC-BY-NC-4.0,
fitzpatrick17k_hf/images/img_7390.jpg,naevus,HAM_HAM_0003460,HAM10000,CC-BY-NC-4.0,
fitzpatrick17k_hf/images/img_7391.jpg,naevus,HAM_HAM_0007460,HAM10000,CC-BY-NC-4.0,
fitzpatrick17k_hf/images/img_7392.jpg,naevus,HAM_HAM_0006496,HAM10000,CC-BY-NC-4.0,
fitzpatrick17k_hf/images/img_7393.jpg,naevus,HAM_HAM_0002724,HAM10000,CC-BY-NC-4.0,
fitzpatrick17k_hf/images/img_7394.jpg,naevus,HAM_HAM_0004038,HAM10000,CC-BY-NC-4.0,
fitzpatrick17k_hf/images/img_7395.jpg,naevus,HAM_HAM_0003966,HAM10000,CC-BY-NC-4.0,
fitzpatrick17k_hf/images/img_7396.jpg,naevus,HAM_HAM_0002721,HAM10000,CC-BY-NC-4.0,
fitzpatrick17k_hf/images/img_7397.jpg,naevus,HAM_HAM_0003288,HAM10000,CC-BY-NC-4.0,
fitzpatrick17k_hf/images/img_7398.jpg,naevus,HAM_HAM_0002600,HAM10000,CC-BY-NC-4.0,
fitzpatrick17k_hf/images/img_7399.jpg,naevus,HAM_HAM_0006218,HAM10000,CC-BY-NC-4.0,
fitzpatrick17k_hf/images/img_7400.jpg,naevus,HAM_HAM_0005351,HAM10000,CC-BY-NC-4.0,
fitzpatrick17k_hf/images/img_7401.jpg,naevus,HAM_HAM_0004182,HAM10000,CC-BY-NC-4.0,
fitzpatrick17k_hf/images/img_7402.jpg,naevus,HAM_HAM_0004118,HAM10000,CC-BY-NC-4.0,
fitzpatrick17k_hf/images/img_7403.jpg,naevus,HAM_HAM_0004000,HAM10000,CC-BY-NC-4.0,
fitzpatrick17k_hf/images/img_7404.jpg,naevus,HAM_HAM_0004829,HAM10000,CC-BY-NC-4.0,
fitzpatrick17k_hf/images/img_7405.jpg,naevus,HAM_HAM_0003352,HAM10000,CC-BY-NC-4.0,
fitzpatrick17k_hf/images/img_7406.jpg,naevus,HAM_HAM_0001930,HAM10000,CC-BY-NC-4.0,
fitzpatrick17k_hf/images/img_7407.jpg,naevus,HAM_HAM_0001645,HAM10000,CC-BY-NC-4.0,
fitzpatrick17k_hf/images/img_7408.jpg,naevus,HAM_HAM_0006334,HAM10000,CC-BY-NC-4.0,
fitzpatrick17k_hf/images/img_7409.jpg,naevus,HAM_HAM_0004183,HAM10000,CC-BY-NC-4.0,
fitzpatrick17k_hf/images/img_7410.jpg,naevus,HAM_HAM_0004071,HAM10000,CC-BY-NC-4.0,
fitzpatrick17k_hf/images/img_7411.jpg,naevus,HAM_HAM_0005566,HAM10000,CC-BY-NC-4.0,
fitzpatrick17k_hf/images/img_7412.jpg,naevus,HAM_HAM_0003512,HAM10000,CC-BY-NC-4.0,
fitzpatrick17k_hf/images/img_7413.jpg,naevus,HAM_HAM_0000402,HAM10000,CC-BY-NC-4.0,
fitzpatrick17k_hf/images/img_7414.jpg,naevus,HAM_HAM_0001808,HAM10000,CC-BY-NC-4.0,
fitzpatrick17k_hf/images/img_7415.jpg,naevus,HAM_HAM_0007376,HAM10000,CC-BY-NC-4.0,
fitzpatrick17k_hf/images/img_7416.jpg,naevus,HAM_HAM_0006883,HAM10000,CC-BY-NC-4.0,
fitzpatrick17k_hf/images/img_7417.jpg,naevus,HAM_HAM_0003106,HAM10000,CC-BY-NC-4.0,
fitzpatrick17k_hf/images/img_7418.jpg,naevus,HAM_HAM_0005760,HAM10000,CC-BY-NC-4.0,
fitzpatrick17k_hf/images/img_7419.jpg,naevus,HAM_HAM_0001484,HAM10000,CC-BY-NC-4.0,
fitzpatrick17k_hf/images/img_7420.jpg,naevus,HAM_HAM_0007348,HAM10000,CC-BY-NC-4.0,
fitzpatrick17k_hf/images/img_7421.jpg,naevus,HAM_HAM_0003969,HAM10000,CC-BY-NC-4.0,
fitzpatrick17k_hf/images/img_7422.jpg,naevus,HAM_HAM_0007483,HAM10000,CC-BY-NC-4.0,
fitzpatrick17k_hf/images/img_7423.jpg,naevus,HAM_HAM_0001834,HAM10000,CC-BY-NC-4.0,
fitzpatrick17k_hf/images/img_7424.jpg,naevus,HAM_HAM_0006230,HAM10000,CC-BY-NC-4.0,
fitzpatrick17k_hf/images/img_7425.jpg,naevus,HAM_HAM_0007462,HAM10000,CC-BY-NC-4.0,
fitzpatrick17k_hf/images/img_7426.jpg,naevus,HAM_HAM_0004184,HAM10000,CC-BY-NC-4.0,
fitzpatrick17k_hf/images/img_7427.jpg,naevus,HAM_HAM_0004185,HAM10000,CC-BY-NC-4.0,
fitzpatrick17k_hf/images/img_7428.jpg,naevus,HAM_HAM_0003018,HAM10000,CC-BY-NC-4.0,
fitzpatrick17k_hf/images/img_7429.jpg,naevus,HAM_HAM_0002878,HAM10000,CC-BY-NC-4.0,
fitzpatrick17k_hf/images/img_7430.jpg,naevus,HAM_HAM_0006147,HAM10000,CC-BY-NC-4.0,
fitzpatrick17k_hf/images/img_7431.jpg,naevus,HAM_HAM_0003966,HAM10000,CC-BY-NC-4.0,
fitzpatrick17k_hf/images/img_7432.jpg,naevus,HAM_HAM_0001076,HAM10000,CC-BY-NC-4.0,
fitzpatrick17k_hf/images/img_7433.jpg,naevus,HAM_HAM_0003814,HAM10000,CC-BY-NC-4.0,
fitzpatrick17k_hf/images/img_7434.jpg,naevus,HAM_HAM_0003106,HAM10000,CC-BY-NC-4.0,
fitzpatrick17k_hf/images/img_7435.jpg,naevus,HAM_HAM_0006567,HAM10000,CC-BY-NC-4.0,
fitzpatrick17k_hf/images/img_7436.jpg,naevus,HAM_HAM_0002908,HAM10000,CC-BY-NC-4.0,
fitzpatrick17k_hf/images/img_7437.jpg,naevus,HAM_HAM_0004714,HAM10000,CC-BY-NC-4.0,
fitzpatrick17k_hf/images/img_7438.jpg,naevus,HAM_HAM_0002431,HAM10000,CC-BY-NC-4.0,
fitzpatrick17k_hf/images/img_7439.jpg,naevus,HAM_HAM_0006700,HAM10000,CC-BY-NC-4.0,
fitzpatrick17k_hf/images/img_7440.jpg,naevus,HAM_HAM_0003606,HAM10000,CC-BY-NC-4.0,
fitzpatrick17k_hf/images/img_7441.jpg,naevus,HAM_HAM_0000468,HAM10000,CC-BY-NC-4.0,
fitzpatrick17k_hf/images/img_7442.jpg,naevus,HAM_HAM_0000294,HAM10000,CC-BY-NC-4.0,
fitzpatrick17k_hf/images/img_7443.jpg,naevus,HAM_HAM_0002574,HAM10000,CC-BY-NC-4.0,
fitzpatrick17k_hf/images/img_7444.jpg,naevus,HAM_HAM_0003352,HAM10000,CC-BY-NC-4.0,
fitzpatrick17k_hf/images/img_7445.jpg,naevus,HAM_HAM_0006080,HAM10000,CC-BY-NC-4.0,
fitzpatrick17k_hf/images/img_7446.jpg,naevus,HAM_HAM_0007259,HAM10000,CC-BY-NC-4.0,
fitzpatrick17k_hf/images/img_7447.jpg,naevus,HAM_HAM_0005601,HAM10000,CC-BY-NC-4.0,
fitzpatrick17k_hf/images/img_7448.jpg,naevus,HAM_HAM_0004574,HAM10000,CC-BY-NC-4.0,
fitzpatrick17k_hf/images/img_7449.jpg,naevus,HAM_HAM_0003441,HAM10000,CC-BY-NC-4.0,
fitzpatrick17k_hf/images/img_7450.jpg,naevus,HAM_HAM_0005206,HAM10000,CC-BY-NC-4.0,
fitzpatrick17k_hf/images/img_7451.jpg,naevus,HAM_HAM_0002641,HAM10000,CC-BY-NC-4.0,
fitzpatrick17k_hf/images/img_7452.jpg,naevus,HAM_HAM_0006799,HAM10000,CC-BY-NC-4.0,
fitzpatrick17k_hf/images/img_7453.jpg,naevus,HAM_HAM_0004344,HAM10000,CC-BY-NC-4.0,
fitzpatrick17k_hf/images/img_7454.jpg,naevus,HAM_HAM_0005942,HAM10000,CC-BY-NC-4.0,
fitzpatrick17k_hf/images/img_7455.jpg,naevus,HAM_HAM_0001358,HAM10000,CC-BY-NC-4.0,
fitzpatrick17k_hf/images/img_7456.jpg,naevus,HAM_HAM_0002425,HAM10000,CC-BY-NC-4.0,
fitzpatrick17k_hf/images/img_7457.jpg,naevus,HAM_HAM_0005383,HAM10000,CC-BY-NC-4.0,
fitzpatrick17k_hf/images/img_7458.jpg,naevus,HAM_HAM_0004581,HAM10000,CC-BY-NC-4.0,
fitzpatrick17k_hf/images/img_7459.jpg,naevus,HAM_HAM_0007367,HAM10000,CC-BY-NC-4.0,
fitzpatrick17k_hf/images/img_7460.jpg,naevus,HAM_HAM_0007541,HAM10000,CC-BY-NC-4.0,
fitzpatrick17k_hf/images/img_7461.jpg,naevus,HAM_HAM_0006700,HAM10000,CC-BY-NC-4.0,
fitzpatrick17k_hf/images/img_7462.jpg,naevus,HAM_HAM_0002027,HAM10000,CC-BY-NC-4.0,
fitzpatrick17k_hf/images/img_7463.jpg,naevus,HAM_HAM_0005190,HAM10000,CC-BY-NC-4.0,
fitzpatrick17k_hf/images/img_7464.jpg,naevus,HAM_HAM_0005814,HAM10000,CC-BY-NC-4.0,
fitzpatrick17k_hf/images/img_7465.jpg,naevus,HAM_HAM_0004814,HAM10000,CC-BY-NC-4.0,
fitzpatrick17k_hf/images/img_7466.jpg,naevus,HAM_HAM_0003447,HAM10000,CC-BY-NC-4.0,
fitzpatrick17k_hf/images/img_7467.jpg,naevus,HAM_HAM_0002890,HAM10000,CC-BY-NC-4.0,
fitzpatrick17k_hf/images/img_7468.jpg,naevus,HAM_HAM_0007367,HAM10000,CC-BY-NC-4.0,
fitzpatrick17k_hf/images/img_7469.jpg,naevus,HAM_HAM_0000412,HAM10000,CC-BY-NC-4.0,
fitzpatrick17k_hf/images/img_7470.jpg,naevus,HAM_HAM_0003130,HAM10000,CC-BY-NC-4.0,
fitzpatrick17k_hf/images/img_7471.jpg,naevus,HAM_HAM_0003507,HAM10000,CC-BY-NC-4.0,
fitzpatrick17k_hf/images/img_7472.jpg,naevus,HAM_HAM_0006869,HAM10000,CC-BY-NC-4.0,
fitzpatrick17k_hf/images/img_7473.jpg,naevus,HAM_HAM_0006353,HAM10000,CC-BY-NC-4.0,
fitzpatrick17k_hf/images/img_7474.jpg,naevus,HAM_HAM_0005209,HAM10000,CC-BY-NC-4.0,
fitzpatrick17k_hf/images/img_7475.jpg,naevus,HAM_HAM_0003346,HAM10000,CC-BY-NC-4.0,
fitzpatrick17k_hf/images/img_7476.jpg,naevus,HAM_HAM_0005363,HAM10000,CC-BY-NC-4.0,
fitzpatrick17k_hf/images/img_7477.jpg,naevus,HAM_HAM_0001916,HAM10000,CC-BY-NC-4.0,
fitzpatrick17k_hf/images/img_7478.jpg,naevus,HAM_HAM_0004550,HAM10000,CC-BY-NC-4.0,
fitzpatrick17k_hf/images/img_7479.jpg,naevus,HAM_HAM_0004716,HAM10000,CC-BY-NC-4.0,
fitzpatrick17k_hf/images/img_7480.jpg,naevus,HAM_HAM_0007552,HAM10000,CC-BY-NC-4.0,
fitzpatrick17k_hf/images/img_7481.jpg,naevus,HAM_HAM_0006700,HAM10000,CC-BY-NC-4.0,
fitzpatrick17k_hf/images/img_7482.jpg,naevus,HAM_HAM_0004503,HAM10000,CC-BY-NC-4.0,
fitzpatrick17k_hf/images/img_7483.jpg,naevus,HAM_HAM_0006014,HAM10000,CC-BY-NC-4.0,
fitzpatrick17k_hf/images/img_7484.jpg,naevus,HAM_HAM_0007191,HAM10000,CC-BY-NC-4.0,
fitzpatrick17k_hf/images/img_7485.jpg,naevus,HAM_HAM_0001790,HAM10000,CC-BY-NC-4.0,
fitzpatrick17k_hf/images/img_7486.jpg,naevus,HAM_HAM_0000579,HAM10000,CC-BY-NC-4.0,
fitzpatrick17k_hf/images/img_7487.jpg,naevus,HAM_HAM_0001692,HAM10000,CC-BY-NC-4.0,
fitzpatrick17k_hf/images/img_7488.jpg,naevus,HAM_HAM_0002607,HAM10000,CC-BY-NC-4.0,
fitzpatrick17k_hf/images/img_7489.jpg,naevus,HAM_HAM_0005566,HAM10000,CC-BY-NC-4.0,
fitzpatrick17k_hf/images/img_7490.jpg,naevus,HAM_HAM_0001040,HAM10000,CC-BY-NC-4.0,
fitzpatrick17k_hf/images/img_7491.jpg,naevus,HAM_HAM_0001613,HAM10000,CC-BY-NC-4.0,
fitzpatrick17k_hf/images/img_7492.jpg,naevus,HAM_HAM_0004145,HAM10000,CC-BY-NC-4.0,
fitzpatrick17k_hf/images/img_7493.jpg,naevus,HAM_HAM_0007052,HAM10000,CC-BY-NC-4.0,
fitzpatrick17k_hf/images/img_7494.jpg,naevus,HAM_HAM_0002016,HAM10000,CC-BY-NC-4.0,
fitzpatrick17k_hf/images/img_7495.jpg,naevus,HAM_HAM_0003346,HAM10000,CC-BY-NC-4.0,
fitzpatrick17k_hf/images/img_7496.jpg,naevus,HAM_HAM_0004149,HAM10000,CC-BY-NC-4.0,
fitzpatrick17k_hf/images/img_7497.jpg,naevus,HAM_HAM_0006329,HAM10000,CC-BY-NC-4.0,
fitzpatrick17k_hf/images/img_7498.jpg,naevus,HAM_HAM_0004186,HAM10000,CC-BY-NC-4.0,
fitzpatrick17k_hf/images/img_7499.jpg,naevus,HAM_HAM_0004226,HAM10000,CC-BY-NC-4.0,
fitzpatrick17k_hf/images/img_7500.jpg,naevus,HAM_HAM_0001740,HAM10000,CC-BY-NC-4.0,
fitzpatrick17k_hf/images/img_7501.jpg,naevus,HAM_HAM_0004000,HAM10000,CC-BY-NC-4.0,
fitzpatrick17k_hf/images/img_7502.jpg,naevus,HAM_HAM_0007596,HAM10000,CC-BY-NC-4.0,
fitzpatrick17k_hf/images/img_7503.jpg,naevus,HAM_HAM_0003254,HAM10000,CC-BY-NC-4.0,
fitzpatrick17k_hf/images/img_7504.jpg,naevus,HAM_HAM_0006520,HAM10000,CC-BY-NC-4.0,
fitzpatrick17k_hf/images/img_7505.jpg,naevus,HAM_HAM_0004444,HAM10000,CC-BY-NC-4.0,
fitzpatrick17k_hf/images/img_7506.jpg,naevus,HAM_HAM_0003137,HAM10000,CC-BY-NC-4.0,
fitzpatrick17k_hf/images/img_7507.jpg,naevus,HAM_HAM_0000407,HAM10000,CC-BY-NC-4.0,
fitzpatrick17k_hf/images/img_7508.jpg,naevus,HAM_HAM_0005496,HAM10000,CC-BY-NC-4.0,
fitzpatrick17k_hf/images/img_7509.jpg,naevus,HAM_HAM_0006334,HAM10000,CC-BY-NC-4.0,
fitzpatrick17k_hf/images/img_7510.jpg,naevus,HAM_HAM_0006615,HAM10000,CC-BY-NC-4.0,
fitzpatrick17k_hf/images/img_7511.jpg,naevus,HAM_HAM_0001040,HAM10000,CC-BY-NC-4.0,
fitzpatrick17k_hf/images/img_7512.jpg,naevus,HAM_HAM_0006391,HAM10000,CC-BY-NC-4.0,
fitzpatrick17k_hf/images/img_7513.jpg,naevus,HAM_HAM_0003507,HAM10000,CC-BY-NC-4.0,
fitzpatrick17k_hf/images/img_7514.jpg,naevus,HAM_HAM_0004963,HAM10000,CC-BY-NC-4.0,
fitzpatrick17k_hf/images/img_7515.jpg,naevus,HAM_HAM_0002139,HAM10000,CC-BY-NC-4.0,
fitzpatrick17k_hf/images/img_7516.jpg,naevus,HAM_HAM_0001935,HAM10000,CC-BY-NC-4.0,
fitzpatrick17k_hf/images/img_7517.jpg,naevus,HAM_HAM_0003623,HAM10000,CC-BY-NC-4.0,
fitzpatrick17k_hf/images/img_7518.jpg,naevus,HAM_HAM_0004430,HAM10000,CC-BY-NC-4.0,
fitzpatrick17k_hf/images/img_7519.jpg,naevus,HAM_HAM_0001930,HAM10000,CC-BY-NC-4.0,
fitzpatrick17k_hf/images/img_7520.jpg,naevus,HAM_HAM_0006121,HAM10000,CC-BY-NC-4.0,
fitzpatrick17k_hf/images/img_7521.jpg,naevus,HAM_HAM_0002074,HAM10000,CC-BY-NC-4.0,
fitzpatrick17k_hf/images/img_7522.jpg,naevus,HAM_HAM_0003133,HAM10000,CC-BY-NC-4.0,
fitzpatrick17k_hf/images/img_7523.jpg,naevus,HAM_HAM_0005961,HAM10000,CC-BY-NC-4.0,
fitzpatrick17k_hf/images/img_7524.jpg,naevus,HAM_HAM_0003968,HAM10000,CC-BY-NC-4.0,
fitzpatrick17k_hf/images/img_7525.jpg,naevus,HAM_HAM_0002602,HAM10000,CC-BY-NC-4.0,
fitzpatrick17k_hf/images/img_7526.jpg,naevus,HAM_HAM_0003817,HAM10000,CC-BY-NC-4.0,
fitzpatrick17k_hf/images/img_7527.jpg,naevus,HAM_HAM_0003133,HAM10000,CC-BY-NC-4.0,
fitzpatrick17k_hf/images/img_7528.jpg,naevus,HAM_HAM_0003947,HAM10000,CC-BY-NC-4.0,
fitzpatrick17k_hf/images/img_7529.jpg,naevus,HAM_HAM_0005571,HAM10000,CC-BY-NC-4.0,
fitzpatrick17k_hf/images/img_7530.jpg,naevus,HAM_HAM_0002016,HAM10000,CC-BY-NC-4.0,
fitzpatrick17k_hf/images/img_7531.jpg,naevus,HAM_HAM_0006078,HAM10000,CC-BY-NC-4.0,
fitzpatrick17k_hf/images/img_7532.jpg,naevus,HAM_HAM_0002574,HAM10000,CC-BY-NC-4.0,
fitzpatrick17k_hf/images/img_7533.jpg,naevus,HAM_HAM_0002582,HAM10000,CC-BY-NC-4.0,
fitzpatrick17k_hf/images/img_7534.jpg,naevus,HAM_HAM_0001366,HAM10000,CC-BY-NC-4.0,
fitzpatrick17k_hf/images/img_7535.jpg,naevus,HAM_HAM_0004615,HAM10000,CC-BY-NC-4.0,
fitzpatrick17k_hf/images/img_7536.jpg,naevus,HAM_HAM_0006372,HAM10000,CC-BY-NC-4.0,
fitzpatrick17k_hf/images/img_7537.jpg,naevus,HAM_HAM_0003193,HAM10000,CC-BY-NC-4.0,
fitzpatrick17k_hf/images/img_7538.jpg,naevus,HAM_HAM_0001720,HAM10000,CC-BY-NC-4.0,
fitzpatrick17k_hf/images/img_7539.jpg,naevus,HAM_HAM_0001246,HAM10000,CC-BY-NC-4.0,
fitzpatrick17k_hf/images/img_7540.jpg,naevus,HAM_HAM_0004590,HAM10000,CC-BY-NC-4.0,
fitzpatrick17k_hf/images/img_7541.jpg,naevus,HAM_HAM_0005571,HAM10000,CC-BY-NC-4.0,
fitzpatrick17k_hf/images/img_7542.jpg,naevus,HAM_HAM_0005308,HAM10000,CC-BY-NC-4.0,
fitzpatrick17k_hf/images/img_7543.jpg,naevus,HAM_HAM_0003002,HAM10000,CC-BY-NC-4.0,
fitzpatrick17k_hf/images/img_7544.jpg,naevus,HAM_HAM_0001321,HAM10000,CC-BY-NC-4.0,
fitzpatrick17k_hf/images/img_7545.jpg,naevus,HAM_HAM_0004548,HAM10000,CC-BY-NC-4.0,
fitzpatrick17k_hf/images/img_7546.jpg,naevus,HAM_HAM_0002425,HAM10000,CC-BY-NC-4.0,
fitzpatrick17k_hf/images/img_7547.jpg,naevus,HAM_HAM_0001264,HAM10000,CC-BY-NC-4.0,
fitzpatrick17k_hf/images/img_7548.jpg,naevus,HAM_HAM_0006675,HAM10000,CC-BY-NC-4.0,
fitzpatrick17k_hf/images/img_7549.jpg,naevus,HAM_HAM_0002596,HAM10000,CC-BY-NC-4.0,
fitzpatrick17k_hf/images/img_7550.jpg,naevus,HAM_HAM_0006231,HAM10000,CC-BY-NC-4.0,
fitzpatrick17k_hf/images/img_7551.jpg,naevus,HAM_HAM_0001908,HAM10000,CC-BY-NC-4.0,
fitzpatrick17k_hf/images/img_7552.jpg,naevus,HAM_HAM_0002164,HAM10000,CC-BY-NC-4.0,
fitzpatrick17k_hf/images/img_7553.jpg,naevus,HAM_HAM_0004773,HAM10000,CC-BY-NC-4.0,
fitzpatrick17k_hf/images/img_7554.jpg,naevus,HAM_HAM_0006121,HAM10000,CC-BY-NC-4.0,
fitzpatrick17k_hf/images/img_7555.jpg,naevus,HAM_HAM_0007148,HAM10000,CC-BY-NC-4.0,
fitzpatrick17k_hf/images/img_7556.jpg,naevus,HAM_HAM_0005961,HAM10000,CC-BY-NC-4.0,
fitzpatrick17k_hf/images/img_7557.jpg,naevus,HAM_HAM_0005331,HAM10000,CC-BY-NC-4.0,
fitzpatrick17k_hf/images/img_7558.jpg,naevus,HAM_HAM_0006615,HAM10000,CC-BY-NC-4.0,
fitzpatrick17k_hf/images/img_7559.jpg,naevus,HAM_HAM_0001218,HAM10000,CC-BY-NC-4.0,
fitzpatrick17k_hf/images/img_7560.jpg,naevus,HAM_HAM_0007519,HAM10000,CC-BY-NC-4.0,
fitzpatrick17k_hf/images/img_7561.jpg,naevus,HAM_HAM_0004572,HAM10000,CC-BY-NC-4.0,
fitzpatrick17k_hf/images/img_7562.jpg,naevus,HAM_HAM_0005374,HAM10000,CC-BY-NC-4.0,
fitzpatrick17k_hf/images/img_7563.jpg,naevus,HAM_HAM_0001790,HAM10000,CC-BY-NC-4.0,
fitzpatrick17k_hf/images/img_7564.jpg,naevus,HAM_HAM_0001645,HAM10000,CC-BY-NC-4.0,
fitzpatrick17k_hf/images/img_7565.jpg,naevus,HAM_HAM_0001930,HAM10000,CC-BY-NC-4.0,
fitzpatrick17k_hf/images/img_7566.jpg,naevus,HAM_HAM_0004585,HAM10000,CC-BY-NC-4.0,
fitzpatrick17k_hf/images/img_7567.jpg,naevus,HAM_HAM_0003193,HAM10000,CC-BY-NC-4.0,
fitzpatrick17k_hf/images/img_7568.jpg,naevus,HAM_HAM_0001739,HAM10000,CC-BY-NC-4.0,
fitzpatrick17k_hf/images/img_7569.jpg,naevus,HAM_HAM_0003713,HAM10000,CC-BY-NC-4.0,
fitzpatrick17k_hf/images/img_7570.jpg,naevus,HAM_HAM_0005263,HAM10000,CC-BY-NC-4.0,
fitzpatrick17k_hf/images/img_7571.jpg,naevus,HAM_HAM_0006080,HAM10000,CC-BY-NC-4.0,
fitzpatrick17k_hf/images/img_7572.jpg,naevus,HAM_HAM_0005383,HAM10000,CC-BY-NC-4.0,
fitzpatrick17k_hf/images/img_7573.jpg,naevus,HAM_HAM_0003259,HAM10000,CC-BY-NC-4.0,
fitzpatrick17k_hf/images/img_7574.jpg,naevus,HAM_HAM_0002721,HAM10000,CC-BY-NC-4.0,
fitzpatrick17k_hf/images/img_7575.jpg,naevus,HAM_HAM_0003811,HAM10000,CC-BY-NC-4.0,
fitzpatrick17k_hf/images/img_7576.jpg,naevus,HAM_HAM_0005106,HAM10000,CC-BY-NC-4.0,
fitzpatrick17k_hf/images/img_7577.jpg,naevus,HAM_HAM_0005248,HAM10000,CC-BY-NC-4.0,
fitzpatrick17k_hf/images/img_7578.jpg,naevus,HAM_HAM_0006284,HAM10000,CC-BY-NC-4.0,
fitzpatrick17k_hf/images/img_7579.jpg,naevus,HAM_HAM_0003614,HAM10000,CC-BY-NC-4.0,
fitzpatrick17k_hf/images/img_7580.jpg,naevus,HAM_HAM_0003681,HAM10000,CC-BY-NC-4.0,
fitzpatrick17k_hf/images/img_7581.jpg,naevus,HAM_HAM_0006666,HAM10000,CC-BY-NC-4.0,
fitzpatrick17k_hf/images/img_7582.jpg,naevus,HAM_HAM_0001943,HAM10000,CC-BY-NC-4.0,
fitzpatrick17k_hf/images/img_7583.jpg,naevus,HAM_HAM_0006882,HAM10000,CC-BY-NC-4.0,
fitzpatrick17k_hf/images/img_7584.jpg,naevus,HAM_HAM_0002329,HAM10000,CC-BY-NC-4.0,
fitzpatrick17k_hf/images/img_7585.jpg,naevus,HAM_HAM_0003357,HAM10000,CC-BY-NC-4.0,
fitzpatrick17k_hf/images/img_7586.jpg,naevus,HAM_HAM_0002136,HAM10000,CC-BY-NC-4.0,
fitzpatrick17k_hf/images/img_7587.jpg,naevus,HAM_HAM_0002030,HAM10000,CC-BY-NC-4.0,
fitzpatrick17k_hf/images/img_7588.jpg,naevus,HAM_HAM_0005198,HAM10000,CC-BY-NC-4.0,
fitzpatrick17k_hf/images/img_7589.jpg,naevus,HAM_HAM_0005353,HAM10000,CC-BY-NC-4.0,
fitzpatrick17k_hf/images/img_7590.jpg,naevus,HAM_HAM_0002363,HAM10000,CC-BY-NC-4.0,
fitzpatrick17k_hf/images/img_7591.jpg,naevus,HAM_HAM_0001948,HAM10000,CC-BY-NC-4.0,
fitzpatrick17k_hf/images/img_7592.jpg,naevus,HAM_HAM_0002501,HAM10000,CC-BY-NC-4.0,
fitzpatrick17k_hf/images/img_7593.jpg,naevus,HAM_HAM_0000488,HAM10000,CC-BY-NC-4.0,
fitzpatrick17k_hf/images/img_7594.jpg,naevus,HAM_HAM_0002553,HAM10000,CC-BY-NC-4.0,
fitzpatrick17k_hf/images/img_7595.jpg,naevus,HAM_HAM_0002595,HAM10000,CC-BY-NC-4.0,
fitzpatrick17k_hf/images/img_7596.jpg,naevus,HAM_HAM_0007169,HAM10000,CC-BY-NC-4.0,
fitzpatrick17k_hf/images/img_7597.jpg,naevus,HAM_HAM_0004016,HAM10000,CC-BY-NC-4.0,
fitzpatrick17k_hf/images/img_7598.jpg,naevus,HAM_HAM_0006379,HAM10000,CC-BY-NC-4.0,
fitzpatrick17k_hf/images/img_7599.jpg,naevus,HAM_HAM_0003358,HAM10000,CC-BY-NC-4.0,
fitzpatrick17k_hf/images/img_7600.jpg,naevus,HAM_HAM_0007483,HAM10000,CC-BY-NC-4.0,
fitzpatrick17k_hf/images/img_7601.jpg,naevus,HAM_HAM_0002417,HAM10000,CC-BY-NC-4.0,
fitzpatrick17k_hf/images/img_7602.jpg,naevus,HAM_HAM_0005083,HAM10000,CC-BY-NC-4.0,
fitzpatrick17k_hf/images/img_7603.jpg,naevus,HAM_HAM_0003696,HAM10000,CC-BY-NC-4.0,
fitzpatrick17k_hf/images/img_7604.jpg,naevus,HAM_HAM_0003649,HAM10000,CC-BY-NC-4.0,
fitzpatrick17k_hf/images/img_7605.jpg,naevus,HAM_HAM_0005248,HAM10000,CC-BY-NC-4.0,
fitzpatrick17k_hf/images/img_7606.jpg,naevus,HAM_HAM_0001097,HAM10000,CC-BY-NC-4.0,
fitzpatrick17k_hf/images/img_7607.jpg,naevus,HAM_HAM_0001046,HAM10000,CC-BY-NC-4.0,
fitzpatrick17k_hf/images/img_7608.jpg,naevus,HAM_HAM_0003310,HAM10000,CC-BY-NC-4.0,
fitzpatrick17k_hf/images/img_7609.jpg,naevus,HAM_HAM_0005116,HAM10000,CC-BY-NC-4.0,
fitzpatrick17k_hf/images/img_7610.jpg,naevus,HAM_HAM_0000704,HAM10000,CC-BY-NC-4.0,
fitzpatrick17k_hf/images/img_7611.jpg,naevus,HAM_HAM_0004187,HAM10000,CC-BY-NC-4.0,
fitzpatrick17k_hf/images/img_7612.jpg,naevus,HAM_HAM_0004272,HAM10000,CC-BY-NC-4.0,
fitzpatrick17k_hf/images/img_7613.jpg,naevus,HAM_HAM_0000579,HAM10000,CC-BY-NC-4.0,
fitzpatrick17k_hf/images/img_7614.jpg,naevus,HAM_HAM_0007216,HAM10000,CC-BY-NC-4.0,
fitzpatrick17k_hf/images/img_7615.jpg,naevus,HAM_HAM_0007451,HAM10000,CC-BY-NC-4.0,
fitzpatrick17k_hf/images/img_7616.jpg,naevus,HAM_HAM_0004076,HAM10000,CC-BY-NC-4.0,
fitzpatrick17k_hf/images/img_7617.jpg,naevus,HAM_HAM_0000676,HAM10000,CC-BY-NC-4.0,
fitzpatrick17k_hf/images/img_7618.jpg,naevus,HAM_HAM_0003824,HAM10000,CC-BY-NC-4.0,
fitzpatrick17k_hf/images/img_7619.jpg,naevus,HAM_HAM_0002502,HAM10000,CC-BY-NC-4.0,
fitzpatrick17k_hf/images/img_7620.jpg,naevus,HAM_HAM_0002135,HAM10000,CC-BY-NC-4.0,
fitzpatrick17k_hf/images/img_7621.jpg,naevus,HAM_HAM_0007444,HAM10000,CC-BY-NC-4.0,
fitzpatrick17k_hf/images/img_7622.jpg,naevus,HAM_HAM_0003359,HAM10000,CC-BY-NC-4.0,
fitzpatrick17k_hf/images/img_7623.jpg,naevus,HAM_HAM_0001133,HAM10000,CC-BY-NC-4.0,
fitzpatrick17k_hf/images/img_7624.jpg,naevus,HAM_HAM_0002519,HAM10000,CC-BY-NC-4.0,
fitzpatrick17k_hf/images/img_7625.jpg,naevus,HAM_HAM_0005135,HAM10000,CC-BY-NC-4.0,
fitzpatrick17k_hf/images/img_7626.jpg,naevus,HAM_HAM_0004038,HAM10000,CC-BY-NC-4.0,
fitzpatrick17k_hf/images/img_7627.jpg,naevus,HAM_HAM_0002923,HAM10000,CC-BY-NC-4.0,
fitzpatrick17k_hf/images/img_7628.jpg,naevus,HAM_HAM_0003346,HAM10000,CC-BY-NC-4.0,
fitzpatrick17k_hf/images/img_7629.jpg,naevus,HAM_HAM_0004188,HAM10000,CC-BY-NC-4.0,
fitzpatrick17k_hf/images/img_7630.jpg,naevus,HAM_HAM_0005265,HAM10000,CC-BY-NC-4.0,
fitzpatrick17k_hf/images/img_7631.jpg,naevus,HAM_HAM_0007259,HAM10000,CC-BY-NC-4.0,
fitzpatrick17k_hf/images/img_7632.jpg,naevus,HAM_HAM_0001511,HAM10000,CC-BY-NC-4.0,
fitzpatrick17k_hf/images/img_7633.jpg,naevus,HAM_HAM_0002750,HAM10000,CC-BY-NC-4.0,
fitzpatrick17k_hf/images/img_7634.jpg,naevus,HAM_HAM_0003744,HAM10000,CC-BY-NC-4.0,
fitzpatrick17k_hf/images/img_7635.jpg,naevus,HAM_HAM_0006550,HAM10000,CC-BY-NC-4.0,
fitzpatrick17k_hf/images/img_7636.jpg,naevus,HAM_HAM_0005115,HAM10000,CC-BY-NC-4.0,
fitzpatrick17k_hf/images/img_7637.jpg,naevus,HAM_HAM_0002501,HAM10000,CC-BY-NC-4.0,
fitzpatrick17k_hf/images/img_7638.jpg,naevus,HAM_HAM_0004099,HAM10000,CC-BY-NC-4.0,
fitzpatrick17k_hf/images/img_7639.jpg,naevus,HAM_HAM_0006459,HAM10000,CC-BY-NC-4.0,
fitzpatrick17k_hf/images/img_7640.jpg,naevus,HAM_HAM_0006078,HAM10000,CC-BY-NC-4.0,
fitzpatrick17k_hf/images/img_7641.jpg,naevus,HAM_HAM_0006539,HAM10000,CC-BY-NC-4.0,
fitzpatrick17k_hf/images/img_7642.jpg,naevus,HAM_HAM_0006396,HAM10000,CC-BY-NC-4.0,
fitzpatrick17k_hf/images/img_7643.jpg,naevus,HAM_HAM_0005135,HAM10000,CC-BY-NC-4.0,
fitzpatrick17k_hf/images/img_7644.jpg,naevus,HAM_HAM_0007415,HAM10000,CC-BY-NC-4.0,
fitzpatrick17k_hf/images/img_7645.jpg,naevus,HAM_HAM_0002325,HAM10000,CC-BY-NC-4.0,
fitzpatrick17k_hf/images/img_7646.jpg,naevus,HAM_HAM_0003236,HAM10000,CC-BY-NC-4.0,
fitzpatrick17k_hf/images/img_7647.jpg,naevus,HAM_HAM_0003057,HAM10000,CC-BY-NC-4.0,
fitzpatrick17k_hf/images/img_7648.jpg,naevus,HAM_HAM_0001139,HAM10000,CC-BY-NC-4.0,
fitzpatrick17k_hf/images/img_7649.jpg,naevus,HAM_HAM_0002431,HAM10000,CC-BY-NC-4.0,
fitzpatrick17k_hf/images/img_7650.jpg,naevus,HAM_HAM_0003505,HAM10000,CC-BY-NC-4.0,
fitzpatrick17k_hf/images/img_7651.jpg,naevus,HAM_HAM_0001405,HAM10000,CC-BY-NC-4.0,
fitzpatrick17k_hf/images/img_7652.jpg,naevus,HAM_HAM_0005364,HAM10000,CC-BY-NC-4.0,
fitzpatrick17k_hf/images/img_7653.jpg,naevus,HAM_HAM_0004189,HAM10000,CC-BY-NC-4.0,
fitzpatrick17k_hf/images/img_7654.jpg,naevus,HAM_HAM_0004190,HAM10000,CC-BY-NC-4.0,
fitzpatrick17k_hf/images/img_7655.jpg,naevus,HAM_HAM_0007478,HAM10000,CC-BY-NC-4.0,
fitzpatrick17k_hf/images/img_7656.jpg,naevus,HAM_HAM_0006232,HAM10000,CC-BY-NC-4.0,
fitzpatrick17k_hf/images/img_7657.jpg,naevus,HAM_HAM_0001509,HAM10000,CC-BY-NC-4.0,
fitzpatrick17k_hf/images/img_7658.jpg,naevus,HAM_HAM_0007367,HAM10000,CC-BY-NC-4.0,
fitzpatrick17k_hf/images/img_7659.jpg,naevus,HAM_HAM_0001615,HAM10000,CC-BY-NC-4.0,
fitzpatrick17k_hf/images/img_7660.jpg,naevus,HAM_HAM_0001948,HAM10000,CC-BY-NC-4.0,
fitzpatrick17k_hf/images/img_7661.jpg,naevus,HAM_HAM_0004038,HAM10000,CC-BY-NC-4.0,
fitzpatrick17k_hf/images/img_7662.jpg,naevus,HAM_HAM_0003236,HAM10000,CC-BY-NC-4.0,
fitzpatrick17k_hf/images/img_7663.jpg,naevus,HAM_HAM_0001264,HAM10000,CC-BY-NC-4.0,
fitzpatrick17k_hf/images/img_7664.jpg,naevus,HAM_HAM_0002363,HAM10000,CC-BY-NC-4.0,
fitzpatrick17k_hf/images/img_7665.jpg,naevus,HAM_HAM_0001400,HAM10000,CC-BY-NC-4.0,
fitzpatrick17k_hf/images/img_7666.jpg,naevus,HAM_HAM_0002759,HAM10000,CC-BY-NC-4.0,
fitzpatrick17k_hf/images/img_7667.jpg,naevus,HAM_HAM_0001209,HAM10000,CC-BY-NC-4.0,
fitzpatrick17k_hf/images/img_7668.jpg,naevus,HAM_HAM_0001619,HAM10000,CC-BY-NC-4.0,
fitzpatrick17k_hf/images/img_7669.jpg,naevus,HAM_HAM_0004192,HAM10000,CC-BY-NC-4.0,
fitzpatrick17k_hf/images/img_7670.jpg,naevus,HAM_HAM_0001935,HAM10000,CC-BY-NC-4.0,
fitzpatrick17k_hf/images/img_7671.jpg,naevus,HAM_HAM_0004503,HAM10000,CC-BY-NC-4.0,
fitzpatrick17k_hf/images/img_7672.jpg,naevus,HAM_HAM_0006491,HAM10000,CC-BY-NC-4.0,
fitzpatrick17k_hf/images/img_7673.jpg,naevus,HAM_HAM_0004963,HAM10000,CC-BY-NC-4.0,
fitzpatrick17k_hf/images/img_7674.jpg,naevus,HAM_HAM_0004193,HAM10000,CC-BY-NC-4.0,
fitzpatrick17k_hf/images/img_7675.jpg,naevus,HAM_HAM_0002170,HAM10000,CC-BY-NC-4.0,
fitzpatrick17k_hf/images/img_7676.jpg,naevus,HAM_HAM_0004716,HAM10000,CC-BY-NC-4.0,
fitzpatrick17k_hf/images/img_7677.jpg,naevus,HAM_HAM_0007433,HAM10000,CC-BY-NC-4.0,
fitzpatrick17k_hf/images/img_7678.jpg,naevus,HAM_HAM_0001667,HAM10000,CC-BY-NC-4.0,
fitzpatrick17k_hf/images/img_7679.jpg,naevus,HAM_HAM_0002876,HAM10000,CC-BY-NC-4.0,
fitzpatrick17k_hf/images/img_7680.jpg,naevus,HAM_HAM_0003803,HAM10000,CC-BY-NC-4.0,
fitzpatrick17k_hf/images/img_7681.jpg,naevus,HAM_HAM_0003181,HAM10000,CC-BY-NC-4.0,
fitzpatrick17k_hf/images/img_7682.jpg,naevus,HAM_HAM_0006295,HAM10000,CC-BY-NC-4.0,
fitzpatrick17k_hf/images/img_7683.jpg,naevus,HAM_HAM_0000578,HAM10000,CC-BY-NC-4.0,
fitzpatrick17k_hf/images/img_7684.jpg,naevus,HAM_HAM_0001870,HAM10000,CC-BY-NC-4.0,
fitzpatrick17k_hf/images/img_7685.jpg,naevus,HAM_HAM_0003824,HAM10000,CC-BY-NC-4.0,
fitzpatrick17k_hf/images/img_7686.jpg,naevus,HAM_HAM_0006799,HAM10000,CC-BY-NC-4.0,
fitzpatrick17k_hf/images/img_7687.jpg,naevus,HAM_HAM_0004615,HAM10000,CC-BY-NC-4.0,
fitzpatrick17k_hf/images/img_7688.jpg,naevus,HAM_HAM_0004392,HAM10000,CC-BY-NC-4.0,
fitzpatrick17k_hf/images/img_7689.jpg,naevus,HAM_HAM_0006158,HAM10000,CC-BY-NC-4.0,
fitzpatrick17k_hf/images/img_7690.jpg,naevus,HAM_HAM_0003993,HAM10000,CC-BY-NC-4.0,
fitzpatrick17k_hf/images/img_7691.jpg,naevus,HAM_HAM_0004071,HAM10000,CC-BY-NC-4.0,
fitzpatrick17k_hf/images/img_7692.jpg,naevus,HAM_HAM_0000313,HAM10000,CC-BY-NC-4.0,
fitzpatrick17k_hf/images/img_7693.jpg,naevus,HAM_HAM_0004194,HAM10000,CC-BY-NC-4.0,
fitzpatrick17k_hf/images/img_7694.jpg,naevus,HAM_HAM_0004375,HAM10000,CC-BY-NC-4.0,
fitzpatrick17k_hf/images/img_7695.jpg,naevus,HAM_HAM_0006496,HAM10000,CC-BY-NC-4.0,
fitzpatrick17k_hf/images/img_7696.jpg,naevus,HAM_HAM_0003356,HAM10000,CC-BY-NC-4.0,
fitzpatrick17k_hf/images/img_7697.jpg,naevus,HAM_HAM_0002253,HAM10000,CC-BY-NC-4.0,
fitzpatrick17k_hf/images/img_7698.jpg,naevus,HAM_HAM_0004814,HAM10000,CC-BY-NC-4.0,
fitzpatrick17k_hf/images/img_7699.jpg,naevus,HAM_HAM_0004444,HAM10000,CC-BY-NC-4.0,
fitzpatrick17k_hf/images/img_7700.jpg,naevus,HAM_HAM_0002519,HAM10000,CC-BY-NC-4.0,
fitzpatrick17k_hf/images/img_7701.jpg,naevus,HAM_HAM_0005814,HAM10000,CC-BY-NC-4.0,
fitzpatrick17k_hf/images/img_7702.jpg,naevus,HAM_HAM_0006628,HAM10000,CC-BY-NC-4.0,
fitzpatrick17k_hf/images/img_7703.jpg,naevus,HAM_HAM_0005686,HAM10000,CC-BY-NC-4.0,
fitzpatrick17k_hf/images/img_7704.jpg,naevus,HAM_HAM_0001400,HAM10000,CC-BY-NC-4.0,
fitzpatrick17k_hf/images/img_7705.jpg,naevus,HAM_HAM_0007348,HAM10000,CC-BY-NC-4.0,
fitzpatrick17k_hf/images/img_7706.jpg,naevus,HAM_HAM_0001905,HAM10000,CC-BY-NC-4.0,
fitzpatrick17k_hf/images/img_7707.jpg,naevus,HAM_HAM_0003777,HAM10000,CC-BY-NC-4.0,
fitzpatrick17k_hf/images/img_7708.jpg,naevus,HAM_HAM_0005942,HAM10000,CC-BY-NC-4.0,
fitzpatrick17k_hf/images/img_7709.jpg,naevus,HAM_HAM_0001824,HAM10000,CC-BY-NC-4.0,
fitzpatrick17k_hf/images/img_7710.jpg,naevus,HAM_HAM_0007005,HAM10000,CC-BY-NC-4.0,
fitzpatrick17k_hf/images/img_7711.jpg,naevus,HAM_HAM_0007348,HAM10000,CC-BY-NC-4.0,
fitzpatrick17k_hf/images/img_7712.jpg,naevus,HAM_HAM_0001870,HAM10000,CC-BY-NC-4.0,
fitzpatrick17k_hf/images/img_7713.jpg,naevus,HAM_HAM_0004387,HAM10000,CC-BY-NC-4.0,
fitzpatrick17k_hf/images/img_7714.jpg,naevus,HAM_HAM_0003803,HAM10000,CC-BY-NC-4.0,
fitzpatrick17k_hf/images/img_7715.jpg,naevus,HAM_HAM_0001943,HAM10000,CC-BY-NC-4.0,
fitzpatrick17k_hf/images/img_7716.jpg,naevus,HAM_HAM_0007494,HAM10000,CC-BY-NC-4.0,
fitzpatrick17k_hf/images/img_7717.jpg,naevus,HAM_HAM_0005116,HAM10000,CC-BY-NC-4.0,
fitzpatrick17k_hf/images/img_7718.jpg,naevus,HAM_HAM_0004550,HAM10000,CC-BY-NC-4.0,
fitzpatrick17k_hf/images/img_7719.jpg,naevus,HAM_HAM_0005316,HAM10000,CC-BY-NC-4.0,
fitzpatrick17k_hf/images/img_7720.jpg,naevus,HAM_HAM_0003360,HAM10000,CC-BY-NC-4.0,
fitzpatrick17k_hf/images/img_7721.jpg,naevus,HAM_HAM_0003447,HAM10000,CC-BY-NC-4.0,
fitzpatrick17k_hf/images/img_7722.jpg,naevus,HAM_HAM_0002599,HAM10000,CC-BY-NC-4.0,
fitzpatrick17k_hf/images/img_7723.jpg,naevus,HAM_HAM_0003774,HAM10000,CC-BY-NC-4.0,
fitzpatrick17k_hf/images/img_7724.jpg,naevus,HAM_HAM_0001912,HAM10000,CC-BY-NC-4.0,
fitzpatrick17k_hf/images/img_7725.jpg,naevus,HAM_HAM_0004000,HAM10000,CC-BY-NC-4.0,
fitzpatrick17k_hf/images/img_7726.jpg,naevus,HAM_HAM_0002519,HAM10000,CC-BY-NC-4.0,
fitzpatrick17k_hf/images/img_7727.jpg,naevus,HAM_HAM_0007433,HAM10000,CC-BY-NC-4.0,
fitzpatrick17k_hf/images/img_7728.jpg,naevus,HAM_HAM_0002367,HAM10000,CC-BY-NC-4.0,
fitzpatrick17k_hf/images/img_7729.jpg,naevus,HAM_HAM_0003649,HAM10000,CC-BY-NC-4.0,
fitzpatrick17k_hf/images/img_7730.jpg,naevus,HAM_HAM_0002574,HAM10000,CC-BY-NC-4.0,
fitzpatrick17k_hf/images/img_7731.jpg,naevus,HAM_HAM_0002755,HAM10000,CC-BY-NC-4.0,
fitzpatrick17k_hf/images/img_7732.jpg,naevus,HAM_HAM_0001740,HAM10000,CC-BY-NC-4.0,
fitzpatrick17k_hf/images/img_7733.jpg,naevus,HAM_HAM_0003968,HAM10000,CC-BY-NC-4.0,
fitzpatrick17k_hf/images/img_7734.jpg,naevus,HAM_HAM_0004615,HAM10000,CC-BY-NC-4.0,
fitzpatrick17k_hf/images/img_7735.jpg,naevus,HAM_HAM_0004221,HAM10000,CC-BY-NC-4.0,
fitzpatrick17k_hf/images/img_7736.jpg,naevus,HAM_HAM_0006353,HAM10000,CC-BY-NC-4.0,
fitzpatrick17k_hf/images/img_7737.jpg,naevus,HAM_HAM_0002009,HAM10000,CC-BY-NC-4.0,
fitzpatrick17k_hf/images/img_7738.jpg,naevus,HAM_HAM_0006813,HAM10000,CC-BY-NC-4.0,
fitzpatrick17k_hf/images/img_7739.jpg,naevus,HAM_HAM_0003447,HAM10000,CC-BY-NC-4.0,
fitzpatrick17k_hf/images/img_7740.jpg,naevus,HAM_HAM_0001358,HAM10000,CC-BY-NC-4.0,
fitzpatrick17k_hf/images/img_7741.jpg,naevus,HAM_HAM_0001692,HAM10000,CC-BY-NC-4.0,
fitzpatrick17k_hf/images/img_7742.jpg,naevus,HAM_HAM_0001490,HAM10000,CC-BY-NC-4.0,
fitzpatrick17k_hf/images/img_7743.jpg,naevus,HAM_HAM_0002898,HAM10000,CC-BY-NC-4.0,
fitzpatrick17k_hf/images/img_7744.jpg,naevus,HAM_HAM_0003097,HAM10000,CC-BY-NC-4.0,
fitzpatrick17k_hf/images/img_7745.jpg,naevus,HAM_HAM_0003418,HAM10000,CC-BY-NC-4.0,
fitzpatrick17k_hf/images/img_7746.jpg,naevus,HAM_HAM_0003034,HAM10000,CC-BY-NC-4.0,
fitzpatrick17k_hf/images/img_7747.jpg,naevus,HAM_HAM_0001935,HAM10000,CC-BY-NC-4.0,
fitzpatrick17k_hf/images/img_7748.jpg,naevus,HAM_HAM_0006496,HAM10000,CC-BY-NC-4.0,
fitzpatrick17k_hf/images/img_7749.jpg,naevus,HAM_HAM_0001175,HAM10000,CC-BY-NC-4.0,
fitzpatrick17k_hf/images/img_7750.jpg,naevus,HAM_HAM_0003634,HAM10000,CC-BY-NC-4.0,
fitzpatrick17k_hf/images/img_7751.jpg,naevus,HAM_HAM_0004589,HAM10000,CC-BY-NC-4.0,
fitzpatrick17k_hf/images/img_7752.jpg,naevus,HAM_HAM_0004872,HAM10000,CC-BY-NC-4.0,
fitzpatrick17k_hf/images/img_7753.jpg,naevus,HAM_HAM_0006869,HAM10000,CC-BY-NC-4.0,
fitzpatrick17k_hf/images/img_7754.jpg,naevus,HAM_HAM_0004345,HAM10000,CC-BY-NC-4.0,
fitzpatrick17k_hf/images/img_7755.jpg,naevus,HAM_HAM_0006857,HAM10000,CC-BY-NC-4.0,
fitzpatrick17k_hf/images/img_7756.jpg,naevus,HAM_HAM_0005062,HAM10000,CC-BY-NC-4.0,
fitzpatrick17k_hf/images/img_7757.jpg,naevus,HAM_HAM_0001824,HAM10000,CC-BY-NC-4.0,
fitzpatrick17k_hf/images/img_7758.jpg,naevus,HAM_HAM_0005513,HAM10000,CC-BY-NC-4.0,
fitzpatrick17k_hf/images/img_7759.jpg,naevus,HAM_HAM_0007494,HAM10000,CC-BY-NC-4.0,
fitzpatrick17k_hf/images/img_7760.jpg,naevus,HAM_HAM_0006857,HAM10000,CC-BY-NC-4.0,
fitzpatrick17k_hf/images/img_7761.jpg,naevus,HAM_HAM_0006372,HAM10000,CC-BY-NC-4.0,
fitzpatrick17k_hf/images/img_7762.jpg,naevus,HAM_HAM_0005887,HAM10000,CC-BY-NC-4.0,
fitzpatrick17k_hf/images/img_7763.jpg,naevus,HAM_HAM_0000547,HAM10000,CC-BY-NC-4.0,
fitzpatrick17k_hf/images/img_7764.jpg,naevus,HAM_HAM_0007596,HAM10000,CC-BY-NC-4.0,
fitzpatrick17k_hf/images/img_7765.jpg,naevus,HAM_HAM_0001883,HAM10000,CC-BY-NC-4.0,
fitzpatrick17k_hf/images/img_7766.jpg,naevus,HAM_HAM_0001106,HAM10000,CC-BY-NC-4.0,
fitzpatrick17k_hf/images/img_7767.jpg,naevus,HAM_HAM_0006634,HAM10000,CC-BY-NC-4.0,
fitzpatrick17k_hf/images/img_7768.jpg,naevus,HAM_HAM_0002606,HAM10000,CC-BY-NC-4.0,
fitzpatrick17k_hf/images/img_7769.jpg,naevus,HAM_HAM_0005513,HAM10000,CC-BY-NC-4.0,
fitzpatrick17k_hf/images/img_7770.jpg,naevus,HAM_HAM_0005364,HAM10000,CC-BY-NC-4.0,
fitzpatrick17k_hf/images/img_7771.jpg,naevus,HAM_HAM_0003137,HAM10000,CC-BY-NC-4.0,
fitzpatrick17k_hf/images/img_7772.jpg,naevus,HAM_HAM_0003361,HAM10000,CC-BY-NC-4.0,
fitzpatrick17k_hf/images/img_7773.jpg,naevus,HAM_HAM_0007259,HAM10000,CC-BY-NC-4.0,
fitzpatrick17k_hf/images/img_7774.jpg,naevus,HAM_HAM_0001040,HAM10000,CC-BY-NC-4.0,
fitzpatrick17k_hf/images/img_7775.jpg,naevus,HAM_HAM_0006883,HAM10000,CC-BY-NC-4.0,
fitzpatrick17k_hf/images/img_7776.jpg,naevus,HAM_HAM_0003106,HAM10000,CC-BY-NC-4.0,
fitzpatrick17k_hf/images/img_7777.jpg,naevus,HAM_HAM_0000970,HAM10000,CC-BY-NC-4.0,
fitzpatrick17k_hf/images/img_7778.jpg,naevus,HAM_HAM_0005263,HAM10000,CC-BY-NC-4.0,
fitzpatrick17k_hf/images/img_7779.jpg,naevus,HAM_HAM_0003676,HAM10000,CC-BY-NC-4.0,
fitzpatrick17k_hf/images/img_7780.jpg,naevus,HAM_HAM_0006610,HAM10000,CC-BY-NC-4.0,
fitzpatrick17k_hf/images/img_7781.jpg,naevus,HAM_HAM_0001651,HAM10000,CC-BY-NC-4.0,
fitzpatrick17k_hf/images/img_7782.jpg,naevus,HAM_HAM_0002434,HAM10000,CC-BY-NC-4.0,
fitzpatrick17k_hf/images/img_7783.jpg,naevus,HAM_HAM_0005513,HAM10000,CC-BY-NC-4.0,
fitzpatrick17k_hf/images/img_7784.jpg,naevus,HAM_HAM_0003535,HAM10000,CC-BY-NC-4.0,
fitzpatrick17k_hf/images/img_7785.jpg,naevus,HAM_HAM_0005759,HAM10000,CC-BY-NC-4.0,
fitzpatrick17k_hf/images/img_7786.jpg,naevus,HAM_HAM_0005820,HAM10000,CC-BY-NC-4.0,
fitzpatrick17k_hf/images/img_7787.jpg,naevus,HAM_HAM_0005566,HAM10000,CC-BY-NC-4.0,
fitzpatrick17k_hf/images/img_7788.jpg,naevus,HAM_HAM_0001777,HAM10000,CC-BY-NC-4.0,
fitzpatrick17k_hf/images/img_7789.jpg,naevus,HAM_HAM_0000304,HAM10000,CC-BY-NC-4.0,
fitzpatrick17k_hf/images/img_7790.jpg,naevus,HAM_HAM_0004588,HAM10000,CC-BY-NC-4.0,
fitzpatrick17k_hf/images/img_7791.jpg,naevus,HAM_HAM_0002448,HAM10000,CC-BY-NC-4.0,
fitzpatrick17k_hf/images/img_7792.jpg,naevus,HAM_HAM_0004716,HAM10000,CC-BY-NC-4.0,
fitzpatrick17k_hf/images/img_7793.jpg,naevus,HAM_HAM_0001246,HAM10000,CC-BY-NC-4.0,
fitzpatrick17k_hf/images/img_7794.jpg,naevus,HAM_HAM_0000578,HAM10000,CC-BY-NC-4.0,
fitzpatrick17k_hf/images/img_7795.jpg,naevus,HAM_HAM_0002890,HAM10000,CC-BY-NC-4.0,
fitzpatrick17k_hf/images/img_7796.jpg,naevus,HAM_HAM_0006233,HAM10000,CC-BY-NC-4.0,
fitzpatrick17k_hf/images/img_7797.jpg,naevus,HAM_HAM_0003713,HAM10000,CC-BY-NC-4.0,
fitzpatrick17k_hf/images/img_7798.jpg,naevus,HAM_HAM_0000313,HAM10000,CC-BY-NC-4.0,
fitzpatrick17k_hf/images/img_7799.jpg,naevus,HAM_HAM_0001801,HAM10000,CC-BY-NC-4.0,
fitzpatrick17k_hf/images/img_7800.jpg,naevus,HAM_HAM_0002431,HAM10000,CC-BY-NC-4.0,
fitzpatrick17k_hf/images/img_7801.jpg,naevus,HAM_HAM_0005539,HAM10000,CC-BY-NC-4.0,
fitzpatrick17k_hf/images/img_7802.jpg,naevus,HAM_HAM_0005433,HAM10000,CC-BY-NC-4.0,
fitzpatrick17k_hf/images/img_7803.jpg,naevus,HAM_HAM_0005740,HAM10000,CC-BY-NC-4.0,
fitzpatrick17k_hf/images/img_7804.jpg,naevus,HAM_HAM_0004706,HAM10000,CC-BY-NC-4.0,
fitzpatrick17k_hf/images/img_7805.jpg,naevus,HAM_HAM_0002136,HAM10000,CC-BY-NC-4.0,
fitzpatrick17k_hf/images/img_7806.jpg,naevus,HAM_HAM_0005190,HAM10000,CC-BY-NC-4.0,
fitzpatrick17k_hf/images/img_7807.jpg,naevus,HAM_HAM_0003362,HAM10000,CC-BY-NC-4.0,
fitzpatrick17k_hf/images/img_7808.jpg,naevus,HAM_HAM_0001437,HAM10000,CC-BY-NC-4.0,
fitzpatrick17k_hf/images/img_7809.jpg,naevus,HAM_HAM_0006516,HAM10000,CC-BY-NC-4.0,
fitzpatrick17k_hf/images/img_7810.jpg,naevus,HAM_HAM_0000304,HAM10000,CC-BY-NC-4.0,
fitzpatrick17k_hf/images/img_7811.jpg,naevus,HAM_HAM_0005972,HAM10000,CC-BY-NC-4.0,
fitzpatrick17k_hf/images/img_7812.jpg,naevus,HAM_HAM_0001692,HAM10000,CC-BY-NC-4.0,
fitzpatrick17k_hf/images/img_7813.jpg,naevus,HAM_HAM_0005374,HAM10000,CC-BY-NC-4.0,
fitzpatrick17k_hf/images/img_7814.jpg,naevus,HAM_HAM_0005760,HAM10000,CC-BY-NC-4.0,
fitzpatrick17k_hf/images/img_7815.jpg,naevus,HAM_HAM_0004586,HAM10000,CC-BY-NC-4.0,
fitzpatrick17k_hf/images/img_7816.jpg,naevus,HAM_HAM_0005156,HAM10000,CC-BY-NC-4.0,
fitzpatrick17k_hf/images/img_7817.jpg,naevus,HAM_HAM_0005995,HAM10000,CC-BY-NC-4.0,
fitzpatrick17k_hf/images/img_7818.jpg,naevus,HAM_HAM_0001118,HAM10000,CC-BY-NC-4.0,
fitzpatrick17k_hf/images/img_7819.jpg,naevus,HAM_HAM_0004272,HAM10000,CC-BY-NC-4.0,
fitzpatrick17k_hf/images/img_7820.jpg,naevus,HAM_HAM_0005313,HAM10000,CC-BY-NC-4.0,
fitzpatrick17k_hf/images/img_7821.jpg,naevus,HAM_HAM_0006925,HAM10000,CC-BY-NC-4.0,
fitzpatrick17k_hf/images/img_7822.jpg,naevus,HAM_HAM_0000316,HAM10000,CC-BY-NC-4.0,
fitzpatrick17k_hf/images/img_7823.jpg,naevus,HAM_HAM_0005887,HAM10000,CC-BY-NC-4.0,
fitzpatrick17k_hf/images/img_7824.jpg,naevus,HAM_HAM_0006234,HAM10000,CC-BY-NC-4.0,
fitzpatrick17k_hf/images/img_7825.jpg,naevus,HAM_HAM_0005820,HAM10000,CC-BY-NC-4.0,
fitzpatrick17k_hf/images/img_7826.jpg,naevus,HAM_HAM_0003003,HAM10000,CC-BY-NC-4.0,
fitzpatrick17k_hf/images/img_7827.jpg,naevus,HAM_HAM_0006147,HAM10000,CC-BY-NC-4.0,
fitzpatrick17k_hf/images/img_7828.jpg,naevus,HAM_HAM_0006080,HAM10000,CC-BY-NC-4.0,
fitzpatrick17k_hf/images/img_7829.jpg,naevus,HAM_HAM_0001615,HAM10000,CC-BY-NC-4.0,
fitzpatrick17k_hf/images/img_7830.jpg,naevus,HAM_HAM_0004099,HAM10000,CC-BY-NC-4.0,
fitzpatrick17k_hf/images/img_7831.jpg,naevus,HAM_HAM_0001870,HAM10000,CC-BY-NC-4.0,
fitzpatrick17k_hf/images/img_7832.jpg,naevus,HAM_HAM_0003803,HAM10000,CC-BY-NC-4.0,
fitzpatrick17k_hf/images/img_7833.jpg,naevus,HAM_HAM_0001000,HAM10000,CC-BY-NC-4.0,
fitzpatrick17k_hf/images/img_7834.jpg,naevus,HAM_HAM_0004392,HAM10000,CC-BY-NC-4.0,
fitzpatrick17k_hf/images/img_7835.jpg,naevus,HAM_HAM_0005213,HAM10000,CC-BY-NC-4.0,
fitzpatrick17k_hf/images/img_7836.jpg,naevus,HAM_HAM_0004882,HAM10000,CC-BY-NC-4.0,
fitzpatrick17k_hf/images/img_7837.jpg,naevus,HAM_HAM_0001246,HAM10000,CC-BY-NC-4.0,
fitzpatrick17k_hf/images/img_7838.jpg,naevus,HAM_HAM_0001883,HAM10000,CC-BY-NC-4.0,
fitzpatrick17k_hf/images/img_7839.jpg,naevus,HAM_HAM_0002363,HAM10000,CC-BY-NC-4.0,
fitzpatrick17k_hf/images/img_7840.jpg,naevus,HAM_HAM_0000214,HAM10000,CC-BY-NC-4.0,
fitzpatrick17k_hf/images/img_7841.jpg,naevus,HAM_HAM_0006634,HAM10000,CC-BY-NC-4.0,
fitzpatrick17k_hf/images/img_7842.jpg,naevus,HAM_HAM_0006158,HAM10000,CC-BY-NC-4.0,
fitzpatrick17k_hf/images/img_7843.jpg,naevus,HAM_HAM_0001484,HAM10000,CC-BY-NC-4.0,
fitzpatrick17k_hf/images/img_7844.jpg,naevus,HAM_HAM_0000704,HAM10000,CC-BY-NC-4.0,
fitzpatrick17k_hf/images/img_7845.jpg,naevus,HAM_HAM_0004176,HAM10000,CC-BY-NC-4.0,
fitzpatrick17k_hf/images/img_7846.jpg,naevus,HAM_HAM_0006766,HAM10000,CC-BY-NC-4.0,
fitzpatrick17k_hf/images/img_7847.jpg,naevus,HAM_HAM_0001147,HAM10000,CC-BY-NC-4.0,
fitzpatrick17k_hf/images/img_7848.jpg,naevus,HAM_HAM_0004411,HAM10000,CC-BY-NC-4.0,
fitzpatrick17k_hf/images/img_7849.jpg,naevus,HAM_HAM_0000262,HAM10000,CC-BY-NC-4.0,
fitzpatrick17k_hf/images/img_7850.jpg,naevus,HAM_HAM_0003363,HAM10000,CC-BY-NC-4.0,
fitzpatrick17k_hf/images/img_7851.jpg,naevus,HAM_HAM_0005573,HAM10000,CC-BY-NC-4.0,
fitzpatrick17k_hf/images/img_7852.jpg,naevus,HAM_HAM_0004195,HAM10000,CC-BY-NC-4.0,
fitzpatrick17k_hf/images/img_7853.jpg,naevus,HAM_HAM_0001321,HAM10000,CC-BY-NC-4.0,
fitzpatrick17k_hf/images/img_7854.jpg,naevus,HAM_HAM_0002750,HAM10000,CC-BY-NC-4.0,
fitzpatrick17k_hf/images/img_7855.jpg,naevus,HAM_HAM_0002501,HAM10000,CC-BY-NC-4.0,
fitzpatrick17k_hf/images/img_7856.jpg,naevus,HAM_HAM_0000268,HAM10000,CC-BY-NC-4.0,
fitzpatrick17k_hf/images/img_7857.jpg,naevus,HAM_HAM_0001405,HAM10000,CC-BY-NC-4.0,
fitzpatrick17k_hf/images/img_7858.jpg,naevus,HAM_HAM_0004392,HAM10000,CC-BY-NC-4.0,
fitzpatrick17k_hf/images/img_7859.jpg,naevus,HAM_HAM_0004367,HAM10000,CC-BY-NC-4.0,
fitzpatrick17k_hf/images/img_7860.jpg,naevus,HAM_HAM_0000970,HAM10000,CC-BY-NC-4.0,
fitzpatrick17k_hf/images/img_7861.jpg,naevus,HAM_HAM_0001651,HAM10000,CC-BY-NC-4.0,
fitzpatrick17k_hf/images/img_7862.jpg,naevus,HAM_HAM_0003535,HAM10000,CC-BY-NC-4.0,
fitzpatrick17k_hf/images/img_7863.jpg,naevus,HAM_HAM_0006623,HAM10000,CC-BY-NC-4.0,
fitzpatrick17k_hf/images/img_7864.jpg,naevus,HAM_HAM_0006550,HAM10000,CC-BY-NC-4.0,
fitzpatrick17k_hf/images/img_7865.jpg,naevus,HAM_HAM_0001994,HAM10000,CC-BY-NC-4.0,
fitzpatrick17k_hf/images/img_7866.jpg,naevus,HAM_HAM_0007475,HAM10000,CC-BY-NC-4.0,
fitzpatrick17k_hf/images/img_7867.jpg,naevus,HAM_HAM_0005539,HAM10000,CC-BY-NC-4.0,
fitzpatrick17k_hf/images/img_7868.jpg,naevus,HAM_HAM_0005573,HAM10000,CC-BY-NC-4.0,
fitzpatrick17k_hf/images/img_7869.jpg,naevus,HAM_HAM_0005185,HAM10000,CC-BY-NC-4.0,
fitzpatrick17k_hf/images/img_7870.jpg,naevus,HAM_HAM_0007301,HAM10000,CC-BY-NC-4.0,
fitzpatrick17k_hf/images/img_7871.jpg,naevus,HAM_HAM_0000675,HAM10000,CC-BY-NC-4.0,
fitzpatrick17k_hf/images/img_7872.jpg,naevus,HAM_HAM_0006182,HAM10000,CC-BY-NC-4.0,
fitzpatrick17k_hf/images/img_7873.jpg,naevus,HAM_HAM_0003606,HAM10000,CC-BY-NC-4.0,
fitzpatrick17k_hf/images/img_7874.jpg,naevus,HAM_HAM_0004196,HAM10000,CC-BY-NC-4.0,
fitzpatrick17k_hf/images/img_7875.jpg,naevus,HAM_HAM_0006516,HAM10000,CC-BY-NC-4.0,
fitzpatrick17k_hf/images/img_7876.jpg,naevus,HAM_HAM_0002502,HAM10000,CC-BY-NC-4.0,
fitzpatrick17k_hf/images/img_7877.jpg,naevus,HAM_HAM_0001641,HAM10000,CC-BY-NC-4.0,
fitzpatrick17k_hf/images/img_7878.jpg,naevus,HAM_HAM_0002009,HAM10000,CC-BY-NC-4.0,
fitzpatrick17k_hf/images/img_7879.jpg,naevus,HAM_HAM_0007169,HAM10000,CC-BY-NC-4.0,
fitzpatrick17k_hf/images/img_7880.jpg,naevus,HAM_HAM_0001839,HAM10000,CC-BY-NC-4.0,
fitzpatrick17k_hf/images/img_7881.jpg,naevus,HAM_HAM_0006637,HAM10000,CC-BY-NC-4.0,
fitzpatrick17k_hf/images/img_7882.jpg,naevus,HAM_HAM_0006567,HAM10000,CC-BY-NC-4.0,
fitzpatrick17k_hf/images/img_7883.jpg,naevus,HAM_HAM_0005601,HAM10000,CC-BY-NC-4.0,
fitzpatrick17k_hf/images/img_7884.jpg,naevus,HAM_HAM_0002417,HAM10000,CC-BY-NC-4.0,
fitzpatrick17k_hf/images/img_7885.jpg,naevus,HAM_HAM_0004118,HAM10000,CC-BY-NC-4.0,
fitzpatrick17k_hf/images/img_7886.jpg,naevus,HAM_HAM_0000765,HAM10000,CC-BY-NC-4.0,
fitzpatrick17k_hf/images/img_7887.jpg,naevus,HAM_HAM_0007265,HAM10000,CC-BY-NC-4.0,
fitzpatrick17k_hf/images/img_7888.jpg,naevus,HAM_HAM_0002257,HAM10000,CC-BY-NC-4.0,
fitzpatrick17k_hf/images/img_7889.jpg,naevus,HAM_HAM_0003424,HAM10000,CC-BY-NC-4.0,
fitzpatrick17k_hf/images/img_7890.jpg,naevus,HAM_HAM_0006559,HAM10000,CC-BY-NC-4.0,
fitzpatrick17k_hf/images/img_7891.jpg,naevus,HAM_HAM_0005434,HAM10000,CC-BY-NC-4.0,
fitzpatrick17k_hf/images/img_7892.jpg,naevus,HAM_HAM_0003507,HAM10000,CC-BY-NC-4.0,
fitzpatrick17k_hf/images/img_7893.jpg,naevus,HAM_HAM_0000294,HAM10000,CC-BY-NC-4.0,
fitzpatrick17k_hf/images/img_7894.jpg,naevus,HAM_HAM_0001175,HAM10000,CC-BY-NC-4.0,
fitzpatrick17k_hf/images/img_7895.jpg,naevus,HAM_HAM_0007533,HAM10000,CC-BY-NC-4.0,
fitzpatrick17k_hf/images/img_7896.jpg,naevus,HAM_HAM_0000650,HAM10000,CC-BY-NC-4.0,
fitzpatrick17k_hf/images/img_7897.jpg,naevus,HAM_HAM_0004197,HAM10000,CC-BY-NC-4.0,
fitzpatrick17k_hf/images/img_7898.jpg,naevus,HAM_HAM_0001321,HAM10000,CC-BY-NC-4.0,
fitzpatrick17k_hf/images/img_7899.jpg,naevus,HAM_HAM_0003352,HAM10000,CC-BY-NC-4.0,
fitzpatrick17k_hf/images/img_7900.jpg,naevus,HAM_HAM_0003364,HAM10000,CC-BY-NC-4.0,
fitzpatrick17k_hf/images/img_7901.jpg,naevus,HAM_HAM_0006857,HAM10000,CC-BY-NC-4.0,
fitzpatrick17k_hf/images/img_7902.jpg,naevus,HAM_HAM_0006623,HAM10000,CC-BY-NC-4.0,
fitzpatrick17k_hf/images/img_7903.jpg,naevus,HAM_HAM_0004198,HAM10000,CC-BY-NC-4.0,
fitzpatrick17k_hf/images/img_7904.jpg,naevus,HAM_HAM_0000556,HAM10000,CC-BY-NC-4.0,
fitzpatrick17k_hf/images/img_7905.jpg,naevus,HAM_HAM_0003755,HAM10000,CC-BY-NC-4.0,
fitzpatrick17k_hf/images/img_7906.jpg,naevus,HAM_HAM_0002253,HAM10000,CC-BY-NC-4.0,
fitzpatrick17k_hf/images/img_7907.jpg,naevus,HAM_HAM_0006550,HAM10000,CC-BY-NC-4.0,
fitzpatrick17k_hf/images/img_7908.jpg,naevus,HAM_HAM_0003968,HAM10000,CC-BY-NC-4.0,
fitzpatrick17k_hf/images/img_7909.jpg,naevus,HAM_HAM_0001697,HAM10000,CC-BY-NC-4.0,
fitzpatrick17k_hf/images/img_7910.jpg,naevus,HAM_HAM_0003003,HAM10000,CC-BY-NC-4.0,
fitzpatrick17k_hf/images/img_7911.jpg,naevus,HAM_HAM_0006520,HAM10000,CC-BY-NC-4.0,
fitzpatrick17k_hf/images/img_7912.jpg,naevus,HAM_HAM_0003542,HAM10000,CC-BY-NC-4.0,
fitzpatrick17k_hf/images/img_7913.jpg,naevus,HAM_HAM_0004581,HAM10000,CC-BY-NC-4.0,
fitzpatrick17k_hf/images/img_7914.jpg,naevus,HAM_HAM_0000547,HAM10000,CC-BY-NC-4.0,
fitzpatrick17k_hf/images/img_7915.jpg,naevus,HAM_HAM_0006147,HAM10000,CC-BY-NC-4.0,
fitzpatrick17k_hf/images/img_7916.jpg,naevus,HAM_HAM_0003623,HAM10000,CC-BY-NC-4.0,
fitzpatrick17k_hf/images/img_7917.jpg,naevus,HAM_HAM_0001683,HAM10000,CC-BY-NC-4.0,
fitzpatrick17k_hf/images/img_7918.jpg,naevus,HAM_HAM_0005185,HAM10000,CC-BY-NC-4.0,
fitzpatrick17k_hf/images/img_7919.jpg,naevus,HAM_HAM_0002402,HAM10000,CC-BY-NC-4.0,
fitzpatrick17k_hf/images/img_7920.jpg,naevus,HAM_HAM_0005083,HAM10000,CC-BY-NC-4.0,
fitzpatrick17k_hf/images/img_7921.jpg,naevus,HAM_HAM_0001683,HAM10000,CC-BY-NC-4.0,
fitzpatrick17k_hf/images/img_7922.jpg,naevus,HAM_HAM_0001908,HAM10000,CC-BY-NC-4.0,
fitzpatrick17k_hf/images/img_7923.jpg,naevus,HAM_HAM_0001484,HAM10000,CC-BY-NC-4.0,
fitzpatrick17k_hf/images/img_7924.jpg,naevus,HAM_HAM_0003018,HAM10000,CC-BY-NC-4.0,
fitzpatrick17k_hf/images/img_7925.jpg,naevus,HAM_HAM_0003259,HAM10000,CC-BY-NC-4.0,
fitzpatrick17k_hf/images/img_7926.jpg,naevus,HAM_HAM_0006191,HAM10000,CC-BY-NC-4.0,
fitzpatrick17k_hf/images/img_7927.jpg,naevus,HAM_HAM_0005209,HAM10000,CC-BY-NC-4.0,
fitzpatrick17k_hf/images/img_7928.jpg,naevus,HAM_HAM_0003017,HAM10000,CC-BY-NC-4.0,
fitzpatrick17k_hf/images/img_7929.jpg,naevus,HAM_HAM_0001916,HAM10000,CC-BY-NC-4.0,
fitzpatrick17k_hf/images/img_7930.jpg,naevus,HAM_HAM_0000556,HAM10000,CC-BY-NC-4.0,
fitzpatrick17k_hf/images/img_7931.jpg,naevus,HAM_HAM_0005601,HAM10000,CC-BY-NC-4.0,
fitzpatrick17k_hf/images/img_7932.jpg,naevus,HAM_HAM_0001613,HAM10000,CC-BY-NC-4.0,
fitzpatrick17k_hf/images/img_7933.jpg,naevus,HAM_HAM_0000181,HAM10000,CC-BY-NC-4.0,
fitzpatrick17k_hf/images/img_7934.jpg,naevus,HAM_HAM_0003947,HAM10000,CC-BY-NC-4.0,
fitzpatrick17k_hf/images/img_7935.jpg,naevus,HAM_HAM_0001400,HAM10000,CC-BY-NC-4.0,
fitzpatrick17k_hf/images/img_7936.jpg,naevus,HAM_HAM_0003744,HAM10000,CC-BY-NC-4.0,
fitzpatrick17k_hf/images/img_7937.jpg,naevus,HAM_HAM_0005351,HAM10000,CC-BY-NC-4.0,
fitzpatrick17k_hf/images/img_7938.jpg,naevus,HAM_HAM_0003424,HAM10000,CC-BY-NC-4.0,
fitzpatrick17k_hf/images/img_7939.jpg,naevus,HAM_HAM_0003143,HAM10000,CC-BY-NC-4.0,
fitzpatrick17k_hf/images/img_7940.jpg,naevus,HAM_HAM_0004199,HAM10000,CC-BY-NC-4.0,
fitzpatrick17k_hf/images/img_7941.jpg,naevus,HAM_HAM_0004424,HAM10000,CC-BY-NC-4.0,
fitzpatrick17k_hf/images/img_7942.jpg,naevus,HAM_HAM_0005740,HAM10000,CC-BY-NC-4.0,
fitzpatrick17k_hf/images/img_7943.jpg,naevus,HAM_HAM_0004708,HAM10000,CC-BY-NC-4.0,
fitzpatrick17k_hf/images/img_7944.jpg,naevus,HAM_HAM_0003505,HAM10000,CC-BY-NC-4.0,
fitzpatrick17k_hf/images/img_7945.jpg,naevus,HAM_HAM_0003969,HAM10000,CC-BY-NC-4.0,
fitzpatrick17k_hf/images/img_7946.jpg,naevus,HAM_HAM_0006873,HAM10000,CC-BY-NC-4.0,
fitzpatrick17k_hf/images/img_7947.jpg,naevus,HAM_HAM_0004200,HAM10000,CC-BY-NC-4.0,
fitzpatrick17k_hf/images/img_7948.jpg,naevus,HAM_HAM_0003208,HAM10000,CC-BY-NC-4.0,
fitzpatrick17k_hf/images/img_7949.jpg,naevus,HAM_HAM_0003130,HAM10000,CC-BY-NC-4.0,
fitzpatrick17k_hf/images/img_7950.jpg,naevus,HAM_HAM_0004346,HAM10000,CC-BY-NC-4.0,
fitzpatrick17k_hf/images/img_7951.jpg,naevus,HAM_HAM_0001437,HAM10000,CC-BY-NC-4.0,
fitzpatrick17k_hf/images/img_7952.jpg,naevus,HAM_HAM_0003777,HAM10000,CC-BY-NC-4.0,
fitzpatrick17k_hf/images/img_7953.jpg,naevus,HAM_HAM_0005972,HAM10000,CC-BY-NC-4.0,
fitzpatrick17k_hf/images/img_7954.jpg,naevus,HAM_HAM_0003774,HAM10000,CC-BY-NC-4.0,
fitzpatrick17k_hf/images/img_7955.jpg,naevus,HAM_HAM_0006925,HAM10000,CC-BY-NC-4.0,
fitzpatrick17k_hf/images/img_7956.jpg,naevus,HAM_HAM_0005740,HAM10000,CC-BY-NC-4.0,
fitzpatrick17k_hf/images/img_7957.jpg,naevus,HAM_HAM_0003208,HAM10000,CC-BY-NC-4.0,
fitzpatrick17k_hf/images/img_7958.jpg,naevus,HAM_HAM_0005439,HAM10000,CC-BY-NC-4.0,
fitzpatrick17k_hf/images/img_7959.jpg,naevus,HAM_HAM_0005496,HAM10000,CC-BY-NC-4.0,
fitzpatrick17k_hf/images/img_7960.jpg,naevus,HAM_HAM_0006418,HAM10000,CC-BY-NC-4.0,
fitzpatrick17k_hf/images/img_7961.jpg,naevus,HAM_HAM_0003542,HAM10000,CC-BY-NC-4.0,
fitzpatrick17k_hf/images/img_7962.jpg,naevus,HAM_HAM_0004201,HAM10000,CC-BY-NC-4.0,
fitzpatrick17k_hf/images/img_7963.jpg,naevus,HAM_HAM_0000772,HAM10000,CC-BY-NC-4.0,
fitzpatrick17k_hf/images/img_7964.jpg,naevus,HAM_HAM_0000313,HAM10000,CC-BY-NC-4.0,
fitzpatrick17k_hf/images/img_7965.jpg,naevus,HAM_HAM_0007333,HAM10000,CC-BY-NC-4.0,
fitzpatrick17k_hf/images/img_7966.jpg,naevus,HAM_HAM_0005062,HAM10000,CC-BY-NC-4.0,
fitzpatrick17k_hf/images/img_7967.jpg,naevus,HAM_HAM_0005135,HAM10000,CC-BY-NC-4.0,
fitzpatrick17k_hf/images/img_7968.jpg,naevus,HAM_HAM_0001889,HAM10000,CC-BY-NC-4.0,
fitzpatrick17k_hf/images/img_7969.jpg,naevus,HAM_HAM_0003818,HAM10000,CC-BY-NC-4.0,
fitzpatrick17k_hf/images/img_7970.jpg,naevus,HAM_HAM_0004202,HAM10000,CC-BY-NC-4.0,
fitzpatrick17k_hf/images/img_7971.jpg,naevus,HAM_HAM_0005300,HAM10000,CC-BY-NC-4.0,
fitzpatrick17k_hf/images/img_7972.jpg,naevus,HAM_HAM_0001076,HAM10000,CC-BY-NC-4.0,
fitzpatrick17k_hf/images/img_7973.jpg,naevus,HAM_HAM_0004508,HAM10000,CC-BY-NC-4.0,
fitzpatrick17k_hf/images/img_7974.jpg,naevus,HAM_HAM_0003418,HAM10000,CC-BY-NC-4.0,
fitzpatrick17k_hf/images/img_7975.jpg,naevus,HAM_HAM_0005265,HAM10000,CC-BY-NC-4.0,
fitzpatrick17k_hf/images/img_7976.jpg,naevus,HAM_HAM_0001905,HAM10000,CC-BY-NC-4.0,
fitzpatrick17k_hf/images/img_7977.jpg,naevus,HAM_HAM_0006873,HAM10000,CC-BY-NC-4.0,
fitzpatrick17k_hf/images/img_7978.jpg,naevus,HAM_HAM_0007265,HAM10000,CC-BY-NC-4.0,
fitzpatrick17k_hf/images/img_7979.jpg,naevus,HAM_HAM_0002386,HAM10000,CC-BY-NC-4.0,
fitzpatrick17k_hf/images/img_7980.jpg,naevus,HAM_HAM_0003259,HAM10000,CC-BY-NC-4.0,
fitzpatrick17k_hf/images/img_7981.jpg,naevus,HAM_HAM_0006191,HAM10000,CC-BY-NC-4.0,
fitzpatrick17k_hf/images/img_7982.jpg,naevus,HAM_HAM_0004203,HAM10000,CC-BY-NC-4.0,
fitzpatrick17k_hf/images/img_7983.jpg,naevus,HAM_HAM_0005571,HAM10000,CC-BY-NC-4.0,
fitzpatrick17k_hf/images/img_7984.jpg,naevus,HAM_HAM_0001683,HAM10000,CC-BY-NC-4.0,
fitzpatrick17k_hf/images/img_7985.jpg,naevus,HAM_HAM_0001218,HAM10000,CC-BY-NC-4.0,
fitzpatrick17k_hf/images/img_7986.jpg,naevus,HAM_HAM_0005363,HAM10000,CC-BY-NC-4.0,
fitzpatrick17k_hf/images/img_7987.jpg,naevus,HAM_HAM_0002604,HAM10000,CC-BY-NC-4.0,
fitzpatrick17k_hf/images/img_7988.jpg,naevus,HAM_HAM_0006491,HAM10000,CC-BY-NC-4.0,
fitzpatrick17k_hf/images/img_7989.jpg,naevus,HAM_HAM_0007367,HAM10000,CC-BY-NC-4.0,
fitzpatrick17k_hf/images/img_7990.jpg,naevus,HAM_HAM_0003097,HAM10000,CC-BY-NC-4.0,
fitzpatrick17k_hf/images/img_7991.jpg,naevus,HAM_HAM_0007444,HAM10000,CC-BY-NC-4.0,
fitzpatrick17k_hf/images/img_7992.jpg,naevus,HAM_HAM_0002582,HAM10000,CC-BY-NC-4.0,
fitzpatrick17k_hf/images/img_7993.jpg,naevus,HAM_HAM_0004814,HAM10000,CC-BY-NC-4.0,
fitzpatrick17k_hf/images/img_7994.jpg,naevus,HAM_HAM_0006182,HAM10000,CC-BY-NC-4.0,
fitzpatrick17k_hf/images/img_7995.jpg,naevus,HAM_HAM_0007562,HAM10000,CC-BY-NC-4.0,
fitzpatrick17k_hf/images/img_7996.jpg,naevus,HAM_HAM_0006675,HAM10000,CC-BY-NC-4.0,
fitzpatrick17k_hf/images/img_7997.jpg,naevus,HAM_HAM_0005198,HAM10000,CC-BY-NC-4.0,
fitzpatrick17k_hf/images/img_7998.jpg,naevus,HAM_HAM_0001358,HAM10000,CC-BY-NC-4.0,
fitzpatrick17k_hf/images/img_7999.jpg,naevus,HAM_HAM_0001641,HAM10000,CC-BY-NC-4.0,
fitzpatrick17k_hf/images/img_8000.jpg,naevus,HAM_HAM_0006235,HAM10000,CC-BY-NC-4.0,
fitzpatrick17k_hf/images/img_8001.jpg,naevus,HAM_HAM_0003365,HAM10000,CC-BY-NC-4.0,
fitzpatrick17k_hf/images/img_8002.jpg,naevus,HAM_HAM_0001511,HAM10000,CC-BY-NC-4.0,
fitzpatrick17k_hf/images/img_8003.jpg,naevus,HAM_HAM_0003441,HAM10000,CC-BY-NC-4.0,
fitzpatrick17k_hf/images/img_8004.jpg,naevus,HAM_HAM_0002494,HAM10000,CC-BY-NC-4.0,
fitzpatrick17k_hf/images/img_8005.jpg,naevus,HAM_HAM_0004424,HAM10000,CC-BY-NC-4.0,
fitzpatrick17k_hf/images/img_8006.jpg,naevus,HAM_HAM_0005995,HAM10000,CC-BY-NC-4.0,
fitzpatrick17k_hf/images/img_8007.jpg,naevus,HAM_HAM_0004347,HAM10000,CC-BY-NC-4.0,
fitzpatrick17k_hf/images/img_8008.jpg,naevus,HAM_HAM_0002724,HAM10000,CC-BY-NC-4.0,
fitzpatrick17k_hf/images/img_8009.jpg,naevus,HAM_HAM_0000855,HAM10000,CC-BY-NC-4.0,
fitzpatrick17k_hf/images/img_8010.jpg,naevus,HAM_HAM_0002603,HAM10000,CC-BY-NC-4.0,
fitzpatrick17k_hf/images/img_8011.jpg,naevus,HAM_HAM_0002367,HAM10000,CC-BY-NC-4.0,
fitzpatrick17k_hf/images/img_8012.jpg,naevus,HAM_HAM_0004714,HAM10000,CC-BY-NC-4.0,
fitzpatrick17k_hf/images/img_8013.jpg,naevus,HAM_HAM_0003884,HAM10000,CC-BY-NC-4.0,
fitzpatrick17k_hf/images/img_8014.jpg,naevus,HAM_HAM_0005594,HAM10000,CC-BY-NC-4.0,
fitzpatrick17k_hf/images/img_8015.jpg,naevus,HAM_HAM_0003993,HAM10000,CC-BY-NC-4.0,
fitzpatrick17k_hf/images/img_8016.jpg,naevus,HAM_HAM_0002874,HAM10000,CC-BY-NC-4.0,
fitzpatrick17k_hf/images/img_8017.jpg,naevus,HAM_HAM_0007562,HAM10000,CC-BY-NC-4.0,
fitzpatrick17k_hf/images/img_8018.jpg,naevus,HAM_HAM_0000407,HAM10000,CC-BY-NC-4.0,
fitzpatrick17k_hf/images/img_8019.jpg,naevus,HAM_HAM_0003542,HAM10000,CC-BY-NC-4.0,
fitzpatrick17k_hf/images/img_8020.jpg,naevus,HAM_HAM_0006980,HAM10000,CC-BY-NC-4.0,
fitzpatrick17k_hf/images/img_8021.jpg,naevus,HAM_HAM_0003801,HAM10000,CC-BY-NC-4.0,
fitzpatrick17k_hf/images/img_8022.jpg,naevus,HAM_HAM_0001708,HAM10000,CC-BY-NC-4.0,
fitzpatrick17k_hf/images/img_8023.jpg,naevus,HAM_HAM_0002898,HAM10000,CC-BY-NC-4.0,
fitzpatrick17k_hf/images/img_8024.jpg,naevus,HAM_HAM_0005052,HAM10000,CC-BY-NC-4.0,
fitzpatrick17k_hf/images/img_8025.jpg,naevus,HAM_HAM_0007519,HAM10000,CC-BY-NC-4.0,
fitzpatrick17k_hf/images/img_8026.jpg,naevus,HAM_HAM_0002206,HAM10000,CC-BY-NC-4.0,
fitzpatrick17k_hf/images/img_8027.jpg,naevus,HAM_HAM_0000439,HAM10000,CC-BY-NC-4.0,
fitzpatrick17k_hf/images/img_8028.jpg,naevus,HAM_HAM_0003966,HAM10000,CC-BY-NC-4.0,
fitzpatrick17k_hf/images/img_8029.jpg,naevus,HAM_HAM_0002037,HAM10000,CC-BY-NC-4.0,
fitzpatrick17k_hf/images/img_8030.jpg,naevus,HAM_HAM_0001994,HAM10000,CC-BY-NC-4.0,
fitzpatrick17k_hf/images/img_8031.jpg,naevus,HAM_HAM_0001433,HAM10000,CC-BY-NC-4.0,
fitzpatrick17k_hf/images/img_8032.jpg,naevus,HAM_HAM_0004303,HAM10000,CC-BY-NC-4.0,
fitzpatrick17k_hf/images/img_8033.jpg,naevus,HAM_HAM_0004145,HAM10000,CC-BY-NC-4.0,
fitzpatrick17k_hf/images/img_8034.jpg,naevus,HAM_HAM_0004296,HAM10000,CC-BY-NC-4.0,
fitzpatrick17k_hf/images/img_8035.jpg,naevus,HAM_HAM_0005997,HAM10000,CC-BY-NC-4.0,
fitzpatrick17k_hf/images/img_8036.jpg,naevus,HAM_HAM_0006236,HAM10000,CC-BY-NC-4.0,
fitzpatrick17k_hf/images/img_8037.jpg,naevus,HAM_HAM_0006628,HAM10000,CC-BY-NC-4.0,
fitzpatrick17k_hf/images/img_8038.jpg,naevus,HAM_HAM_0001026,HAM10000,CC-BY-NC-4.0,
fitzpatrick17k_hf/images/img_8039.jpg,naevus,HAM_HAM_0005686,HAM10000,CC-BY-NC-4.0,
fitzpatrick17k_hf/images/img_8040.jpg,naevus,HAM_HAM_0002135,HAM10000,CC-BY-NC-4.0,
fitzpatrick17k_hf/images/img_8041.jpg,naevus,HAM_HAM_0000747,HAM10000,CC-BY-NC-4.0,
fitzpatrick17k_hf/images/img_8042.jpg,naevus,HAM_HAM_0005257,HAM10000,CC-BY-NC-4.0,
fitzpatrick17k_hf/images/img_8043.jpg,naevus,HAM_HAM_0004167,HAM10000,CC-BY-NC-4.0,
fitzpatrick17k_hf/images/img_8044.jpg,naevus,HAM_HAM_0005300,HAM10000,CC-BY-NC-4.0,
fitzpatrick17k_hf/images/img_8045.jpg,naevus,HAM_HAM_0002030,HAM10000,CC-BY-NC-4.0,
fitzpatrick17k_hf/images/img_8046.jpg,naevus,HAM_HAM_0007533,HAM10000,CC-BY-NC-4.0,
fitzpatrick17k_hf/images/img_8047.jpg,naevus,HAM_HAM_0002923,HAM10000,CC-BY-NC-4.0,
fitzpatrick17k_hf/images/img_8048.jpg,naevus,HAM_HAM_0003681,HAM10000,CC-BY-NC-4.0,
fitzpatrick17k_hf/images/img_8049.jpg,naevus,HAM_HAM_0001218,HAM10000,CC-BY-NC-4.0,
fitzpatrick17k_hf/images/img_8050.jpg,naevus,HAM_HAM_0007299,HAM10000,CC-BY-NC-4.0,
fitzpatrick17k_hf/images/img_8051.jpg,naevus,HAM_HAM_0003366,HAM10000,CC-BY-NC-4.0,
fitzpatrick17k_hf/images/img_8052.jpg,naevus,HAM_HAM_0005115,HAM10000,CC-BY-NC-4.0,
fitzpatrick17k_hf/images/img_8053.jpg,naevus,HAM_HAM_0005300,HAM10000,CC-BY-NC-4.0,
fitzpatrick17k_hf/images/img_8054.jpg,naevus,HAM_HAM_0000639,HAM10000,CC-BY-NC-4.0,
fitzpatrick17k_hf/images/img_8055.jpg,naevus,HAM_HAM_0006284,HAM10000,CC-BY-NC-4.0,
fitzpatrick17k_hf/images/img_8056.jpg,naevus,HAM_HAM_0004204,HAM10000,CC-BY-NC-4.0,
fitzpatrick17k_hf/images/img_8057.jpg,naevus,HAM_HAM_0003057,HAM10000,CC-BY-NC-4.0,
fitzpatrick17k_hf/images/img_8058.jpg,naevus,HAM_HAM_0004708,HAM10000,CC-BY-NC-4.0,
fitzpatrick17k_hf/images/img_8059.jpg,naevus,HAM_HAM_0004854,HAM10000,CC-BY-NC-4.0,
fitzpatrick17k_hf/images/img_8060.jpg,naevus,HAM_HAM_0001211,HAM10000,CC-BY-NC-4.0,
fitzpatrick17k_hf/images/img_8061.jpg,naevus,HAM_HAM_0003935,HAM10000,CC-BY-NC-4.0,
fitzpatrick17k_hf/images/img_8062.jpg,naevus,HAM_HAM_0005052,HAM10000,CC-BY-NC-4.0,
fitzpatrick17k_hf/images/img_8063.jpg,naevus,HAM_HAM_0006418,HAM10000,CC-BY-NC-4.0,
fitzpatrick17k_hf/images/img_8064.jpg,naevus,HAM_HAM_0002139,HAM10000,CC-BY-NC-4.0,
fitzpatrick17k_hf/images/img_8065.jpg,naevus,HAM_HAM_0006182,HAM10000,CC-BY-NC-4.0,
fitzpatrick17k_hf/images/img_8066.jpg,naevus,HAM_HAM_0004043,HAM10000,CC-BY-NC-4.0,
fitzpatrick17k_hf/images/img_8067.jpg,naevus,HAM_HAM_0003143,HAM10000,CC-BY-NC-4.0,
fitzpatrick17k_hf/images/img_8068.jpg,naevus,HAM_HAM_0007052,HAM10000,CC-BY-NC-4.0,
fitzpatrick17k_hf/images/img_8069.jpg,naevus,HAM_HAM_0006520,HAM10000,CC-BY-NC-4.0,
fitzpatrick17k_hf/images/img_8070.jpg,naevus,HAM_HAM_0004411,HAM10000,CC-BY-NC-4.0,
fitzpatrick17k_hf/images/img_8071.jpg,naevus,HAM_HAM_0004205,HAM10000,CC-BY-NC-4.0,
fitzpatrick17k_hf/images/img_8072.jpg,naevus,HAM_HAM_0006539,HAM10000,CC-BY-NC-4.0,
fitzpatrick17k_hf/images/img_8073.jpg,naevus,HAM_HAM_0001912,HAM10000,CC-BY-NC-4.0,
fitzpatrick17k_hf/images/img_8074.jpg,naevus,HAM_HAM_0003735,HAM10000,CC-BY-NC-4.0,
fitzpatrick17k_hf/images/img_8075.jpg,naevus,HAM_HAM_0005331,HAM10000,CC-BY-NC-4.0,
fitzpatrick17k_hf/images/img_8076.jpg,naevus,HAM_HAM_0003998,HAM10000,CC-BY-NC-4.0,
fitzpatrick17k_hf/images/img_8077.jpg,naevus,HAM_HAM_0005759,HAM10000,CC-BY-NC-4.0,
fitzpatrick17k_hf/images/img_8078.jpg,naevus,HAM_HAM_0006675,HAM10000,CC-BY-NC-4.0,
fitzpatrick17k_hf/images/img_8079.jpg,naevus,HAM_HAM_0002208,HAM10000,CC-BY-NC-4.0,
fitzpatrick17k_hf/images/img_8080.jpg,naevus,HAM_HAM_0004387,HAM10000,CC-BY-NC-4.0,
fitzpatrick17k_hf/images/img_8081.jpg,naevus,HAM_HAM_0000432,HAM10000,CC-BY-NC-4.0,
fitzpatrick17k_hf/images/img_8082.jpg,naevus,HAM_HAM_0000704,HAM10000,CC-BY-NC-4.0,
fitzpatrick17k_hf/images/img_8083.jpg,naevus,HAM_HAM_0003288,HAM10000,CC-BY-NC-4.0,
fitzpatrick17k_hf/images/img_8084.jpg,naevus,HAM_HAM_0007552,HAM10000,CC-BY-NC-4.0,
fitzpatrick17k_hf/images/img_8085.jpg,naevus,HAM_HAM_0004206,HAM10000,CC-BY-NC-4.0,
fitzpatrick17k_hf/images/img_8086.jpg,naevus,HAM_HAM_0001697,HAM10000,CC-BY-NC-4.0,
fitzpatrick17k_hf/images/img_8087.jpg,naevus,HAM_HAM_0003288,HAM10000,CC-BY-NC-4.0,
fitzpatrick17k_hf/images/img_8088.jpg,naevus,HAM_HAM_0005383,HAM10000,CC-BY-NC-4.0,
fitzpatrick17k_hf/images/img_8089.jpg,naevus,HAM_HAM_0000165,HAM10000,CC-BY-NC-4.0,
fitzpatrick17k_hf/images/img_8090.jpg,naevus,HAM_HAM_0002325,HAM10000,CC-BY-NC-4.0,
fitzpatrick17k_hf/images/img_8091.jpg,naevus,HAM_HAM_0001405,HAM10000,CC-BY-NC-4.0,
fitzpatrick17k_hf/images/img_8092.jpg,naevus,HAM_HAM_0000402,HAM10000,CC-BY-NC-4.0,
fitzpatrick17k_hf/images/img_8093.jpg,naevus,HAM_HAM_0005539,HAM10000,CC-BY-NC-4.0,
fitzpatrick17k_hf/images/img_8094.jpg,naevus,HAM_HAM_0005194,HAM10000,CC-BY-NC-4.0,
fitzpatrick17k_hf/images/img_8095.jpg,naevus,HAM_HAM_0004503,HAM10000,CC-BY-NC-4.0,
fitzpatrick17k_hf/images/img_8096.jpg,naevus,HAM_HAM_0000822,HAM10000,CC-BY-NC-4.0,
fitzpatrick17k_hf/images/img_8097.jpg,naevus,HAM_HAM_0005353,HAM10000,CC-BY-NC-4.0,
fitzpatrick17k_hf/images/img_8098.jpg,naevus,HAM_HAM_0001739,HAM10000,CC-BY-NC-4.0,
fitzpatrick17k_hf/images/img_8099.jpg,naevus,HAM_HAM_0006516,HAM10000,CC-BY-NC-4.0,
fitzpatrick17k_hf/images/img_8100.jpg,naevus,HAM_HAM_0006615,HAM10000,CC-BY-NC-4.0,
fitzpatrick17k_hf/images/img_8101.jpg,naevus,HAM_HAM_0004574,HAM10000,CC-BY-NC-4.0,
fitzpatrick17k_hf/images/img_8102.jpg,naevus,HAM_HAM_0005489,HAM10000,CC-BY-NC-4.0,
fitzpatrick17k_hf/images/img_8103.jpg,naevus,HAM_HAM_0004708,HAM10000,CC-BY-NC-4.0,
fitzpatrick17k_hf/images/img_8104.jpg,naevus,HAM_HAM_0007552,HAM10000,CC-BY-NC-4.0,
fitzpatrick17k_hf/images/img_8105.jpg,naevus,HAM_HAM_0004207,HAM10000,CC-BY-NC-4.0,
fitzpatrick17k_hf/images/img_8106.jpg,naevus,HAM_HAM_0001192,HAM10000,CC-BY-NC-4.0,
fitzpatrick17k_hf/images/img_8107.jpg,naevus,HAM_HAM_0004599,HAM10000,CC-BY-NC-4.0,
fitzpatrick17k_hf/images/img_8108.jpg,naevus,HAM_HAM_0001808,HAM10000,CC-BY-NC-4.0,
fitzpatrick17k_hf/images/img_8109.jpg,naevus,HAM_HAM_0004076,HAM10000,CC-BY-NC-4.0,
fitzpatrick17k_hf/images/img_8110.jpg,naevus,HAM_HAM_0004872,HAM10000,CC-BY-NC-4.0,
fitzpatrick17k_hf/images/img_8111.jpg,naevus,HAM_HAM_0001615,HAM10000,CC-BY-NC-4.0,
fitzpatrick17k_hf/images/img_8112.jpg,naevus,HAM_HAM_0004582,HAM10000,CC-BY-NC-4.0,
fitzpatrick17k_hf/images/img_8113.jpg,naevus,HAM_HAM_0005185,HAM10000,CC-BY-NC-4.0,
fitzpatrick17k_hf/images/img_8114.jpg,naevus,HAM_HAM_0004237,HAM10000,CC-BY-NC-4.0,
fitzpatrick17k_hf/images/img_8115.jpg,naevus,HAM_HAM_0000007,HAM10000,CC-BY-NC-4.0,
fitzpatrick17k_hf/images/img_8116.jpg,naevus,HAM_HAM_0004149,HAM10000,CC-BY-NC-4.0,
fitzpatrick17k_hf/images/img_8117.jpg,naevus,HAM_HAM_0006644,HAM10000,CC-BY-NC-4.0,
fitzpatrick17k_hf/images/img_8118.jpg,naevus,HAM_HAM_0004221,HAM10000,CC-BY-NC-4.0,
fitzpatrick17k_hf/images/img_8119.jpg,naevus,HAM_HAM_0006925,HAM10000,CC-BY-NC-4.0,
fitzpatrick17k_hf/images/img_8120.jpg,naevus,HAM_HAM_0005062,HAM10000,CC-BY-NC-4.0,
fitzpatrick17k_hf/images/img_8121.jpg,naevus,HAM_HAM_0003365,HAM10000,CC-BY-NC-4.0,
fitzpatrick17k_hf/images/img_8122.jpg,naevus,HAM_HAM_0004208,HAM10000,CC-BY-NC-4.0,
fitzpatrick17k_hf/images/img_8123.jpg,naevus,HAM_HAM_0000676,HAM10000,CC-BY-NC-4.0,
fitzpatrick17k_hf/images/img_8124.jpg,naevus,HAM_HAM_0004348,HAM10000,CC-BY-NC-4.0,
fitzpatrick17k_hf/images/img_8125.jpg,naevus,HAM_HAM_0004349,HAM10000,CC-BY-NC-4.0,
fitzpatrick17k_hf/images/img_8126.jpg,naevus,HAM_HAM_0000855,HAM10000,CC-BY-NC-4.0,
fitzpatrick17k_hf/images/img_8127.jpg,naevus,HAM_HAM_0003812,HAM10000,CC-BY-NC-4.0,
fitzpatrick17k_hf/images/img_8128.jpg,naevus,HAM_HAM_0003367,HAM10000,CC-BY-NC-4.0,
fitzpatrick17k_hf/images/img_8129.jpg,naevus,HAM_HAM_0005820,HAM10000,CC-BY-NC-4.0,
fitzpatrick17k_hf/images/img_8130.jpg,naevus,HAM_HAM_0005433,HAM10000,CC-BY-NC-4.0,
fitzpatrick17k_hf/images/img_8131.jpg,naevus,HAM_HAM_0005316,HAM10000,CC-BY-NC-4.0,
fitzpatrick17k_hf/images/img_8132.jpg,naevus,HAM_HAM_0001801,HAM10000,CC-BY-NC-4.0,
fitzpatrick17k_hf/images/img_8133.jpg,naevus,HAM_HAM_0002874,HAM10000,CC-BY-NC-4.0,
fitzpatrick17k_hf/images/img_8134.jpg,naevus,HAM_HAM_0003801,HAM10000,CC-BY-NC-4.0,
fitzpatrick17k_hf/images/img_8135.jpg,naevus,HAM_HAM_0004714,HAM10000,CC-BY-NC-4.0,
fitzpatrick17k_hf/images/img_8136.jpg,naevus,HAM_HAM_0005641,HAM10000,CC-BY-NC-4.0,
fitzpatrick17k_hf/images/img_8137.jpg,naevus,HAM_HAM_0004548,HAM10000,CC-BY-NC-4.0,
fitzpatrick17k_hf/images/img_8138.jpg,naevus,HAM_HAM_0005263,HAM10000,CC-BY-NC-4.0,
fitzpatrick17k_hf/images/img_8139.jpg,naevus,HAM_HAM_0006980,HAM10000,CC-BY-NC-4.0,
fitzpatrick17k_hf/images/img_8140.jpg,naevus,HAM_HAM_0005351,HAM10000,CC-BY-NC-4.0,
fitzpatrick17k_hf/images/img_8141.jpg,naevus,HAM_HAM_0004444,HAM10000,CC-BY-NC-4.0,
fitzpatrick17k_hf/images/img_8142.jpg,naevus,HAM_HAM_0001994,HAM10000,CC-BY-NC-4.0,
fitzpatrick17k_hf/images/img_8143.jpg,naevus,HAM_HAM_0004043,HAM10000,CC-BY-NC-4.0,
fitzpatrick17k_hf/images/img_8144.jpg,naevus,HAM_HAM_0002386,HAM10000,CC-BY-NC-4.0,
fitzpatrick17k_hf/images/img_8145.jpg,naevus,HAM_HAM_0006396,HAM10000,CC-BY-NC-4.0,
fitzpatrick17k_hf/images/img_8146.jpg,naevus,HAM_HAM_0001509,HAM10000,CC-BY-NC-4.0,
fitzpatrick17k_hf/images/img_8147.jpg,naevus,HAM_HAM_0001740,HAM10000,CC-BY-NC-4.0,
fitzpatrick17k_hf/images/img_8148.jpg,naevus,HAM_HAM_0004303,HAM10000,CC-BY-NC-4.0,
fitzpatrick17k_hf/images/img_8149.jpg,naevus,HAM_HAM_0007265,HAM10000,CC-BY-NC-4.0,
fitzpatrick17k_hf/images/img_8150.jpg,naevus,HAM_HAM_0007299,HAM10000,CC-BY-NC-4.0,
fitzpatrick17k_hf/images/img_8151.jpg,naevus,HAM_HAM_0004118,HAM10000,CC-BY-NC-4.0,
fitzpatrick17k_hf/images/img_8152.jpg,naevus,HAM_HAM_0006813,HAM10000,CC-BY-NC-4.0,
fitzpatrick17k_hf/images/img_8153.jpg,naevus,HAM_HAM_0006329,HAM10000,CC-BY-NC-4.0,
fitzpatrick17k_hf/images/img_8154.jpg,naevus,HAM_HAM_0002208,HAM10000,CC-BY-NC-4.0,
fitzpatrick17k_hf/images/img_8155.jpg,naevus,HAM_HAM_0002434,HAM10000,CC-BY-NC-4.0,
fitzpatrick17k_hf/images/img_8156.jpg,naevus,HAM_HAM_0001839,HAM10000,CC-BY-NC-4.0,
fitzpatrick17k_hf/images/img_8157.jpg,naevus,HAM_HAM_0005363,HAM10000,CC-BY-NC-4.0,
fitzpatrick17k_hf/images/img_8158.jpg,naevus,HAM_HAM_0001641,HAM10000,CC-BY-NC-4.0,
fitzpatrick17k_hf/images/img_8159.jpg,naevus,HAM_HAM_0006334,HAM10000,CC-BY-NC-4.0,
fitzpatrick17k_hf/images/img_8160.jpg,naevus,HAM_HAM_0007433,HAM10000,CC-BY-NC-4.0,
fitzpatrick17k_hf/images/img_8161.jpg,naevus,HAM_HAM_0000432,HAM10000,CC-BY-NC-4.0,
fitzpatrick17k_hf/images/img_8162.jpg,naevus,HAM_HAM_0005206,HAM10000,CC-BY-NC-4.0,
fitzpatrick17k_hf/images/img_8163.jpg,naevus,HAM_HAM_0002136,HAM10000,CC-BY-NC-4.0,
fitzpatrick17k_hf/images/img_8164.jpg,naevus,HAM_HAM_0003535,HAM10000,CC-BY-NC-4.0,
fitzpatrick17k_hf/images/img_8165.jpg,naevus,HAM_HAM_0003143,HAM10000,CC-BY-NC-4.0,
fitzpatrick17k_hf/images/img_8166.jpg,naevus,HAM_HAM_0001046,HAM10000,CC-BY-NC-4.0,
fitzpatrick17k_hf/images/img_8167.jpg,naevus,HAM_HAM_0007148,HAM10000,CC-BY-NC-4.0,
fitzpatrick17k_hf/images/img_8168.jpg,naevus,HAM_HAM_0001673,HAM10000,CC-BY-NC-4.0,
fitzpatrick17k_hf/images/img_8169.jpg,naevus,HAM_HAM_0004350,HAM10000,CC-BY-NC-4.0,
fitzpatrick17k_hf/images/img_8170.jpg,naevus,HAM_HAM_0007451,HAM10000,CC-BY-NC-4.0,
fitzpatrick17k_hf/images/img_8171.jpg,naevus,HAM_HAM_0006158,HAM10000,CC-BY-NC-4.0,
fitzpatrick17k_hf/images/img_8172.jpg,naevus,HAM_HAM_0002434,HAM10000,CC-BY-NC-4.0,
fitzpatrick17k_hf/images/img_8173.jpg,naevus,HAM_HAM_0003181,HAM10000,CC-BY-NC-4.0,
fitzpatrick17k_hf/images/img_8174.jpg,naevus,HAM_HAM_0006643,HAM10000,CC-BY-NC-4.0,
fitzpatrick17k_hf/images/img_8175.jpg,naevus,HAM_HAM_0002878,HAM10000,CC-BY-NC-4.0,
fitzpatrick17k_hf/images/img_8176.jpg,naevus,HAM_HAM_0005961,HAM10000,CC-BY-NC-4.0,
fitzpatrick17k_hf/images/img_8177.jpg,naevus,HAM_HAM_0007444,HAM10000,CC-BY-NC-4.0,
fitzpatrick17k_hf/images/img_8178.jpg,naevus,HAM_HAM_0006379,HAM10000,CC-BY-NC-4.0,
fitzpatrick17k_hf/images/img_8179.jpg,naevus,HAM_HAM_0006980,HAM10000,CC-BY-NC-4.0,
fitzpatrick17k_hf/images/img_8180.jpg,naevus,HAM_HAM_0001948,HAM10000,CC-BY-NC-4.0,
fitzpatrick17k_hf/images/img_8181.jpg,naevus,HAM_HAM_0004149,HAM10000,CC-BY-NC-4.0,
fitzpatrick17k_hf/images/img_8182.jpg,naevus,HAM_HAM_0004172,HAM10000,CC-BY-NC-4.0,
fitzpatrick17k_hf/images/img_8183.jpg,naevus,HAM_HAM_0006353,HAM10000,CC-BY-NC-4.0,
fitzpatrick17k_hf/images/img_8184.jpg,naevus,HAM_HAM_0005213,HAM10000,CC-BY-NC-4.0,
fitzpatrick17k_hf/images/img_8185.jpg,naevus,HAM_HAM_0003614,HAM10000,CC-BY-NC-4.0,
fitzpatrick17k_hf/images/img_8186.jpg,naevus,HAM_HAM_0003097,HAM10000,CC-BY-NC-4.0,
fitzpatrick17k_hf/images/img_8187.jpg,naevus,HAM_HAM_0006610,HAM10000,CC-BY-NC-4.0,
fitzpatrick17k_hf/images/img_8188.jpg,naevus,HAM_HAM_0002915,HAM10000,CC-BY-NC-4.0,
fitzpatrick17k_hf/images/img_8189.jpg,naevus,HAM_HAM_0001720,HAM10000,CC-BY-NC-4.0,
fitzpatrick17k_hf/images/img_8190.jpg,naevus,HAM_HAM_0000855,HAM10000,CC-BY-NC-4.0,
fitzpatrick17k_hf/images/img_8191.jpg,naevus,HAM_HAM_0003993,HAM10000,CC-BY-NC-4.0,
fitzpatrick17k_hf/images/img_8192.jpg,naevus,HAM_HAM_0006637,HAM10000,CC-BY-NC-4.0,
fitzpatrick17k_hf/images/img_8193.jpg,naevus,HAM_HAM_0000067,HAM10000,CC-BY-NC-4.0,
fitzpatrick17k_hf/images/img_8194.jpg,naevus,HAM_HAM_0002569,HAM10000,CC-BY-NC-4.0,
fitzpatrick17k_hf/images/img_8195.jpg,naevus,HAM_HAM_0000627,HAM10000,CC-BY-NC-4.0,
fitzpatrick17k_hf/images/img_8196.jpg,naevus,HAM_HAM_0002206,HAM10000,CC-BY-NC-4.0,
fitzpatrick17k_hf/images/img_8197.jpg,naevus,HAM_HAM_0005496,HAM10000,CC-BY-NC-4.0,
fitzpatrick17k_hf/images/img_8198.jpg,naevus,HAM_HAM_0003634,HAM10000,CC-BY-NC-4.0,
fitzpatrick17k_hf/images/img_8199.jpg,naevus,HAM_HAM_0003418,HAM10000,CC-BY-NC-4.0,
fitzpatrick17k_hf/images/img_8200.jpg,naevus,HAM_HAM_0005059,HAM10000,CC-BY-NC-4.0,
fitzpatrick17k_hf/images/img_8201.jpg,naevus,HAM_HAM_0002208,HAM10000,CC-BY-NC-4.0,
fitzpatrick17k_hf/images/img_8202.jpg,naevus,HAM_HAM_0003181,HAM10000,CC-BY-NC-4.0,
fitzpatrick17k_hf/images/img_8203.jpg,naevus,HAM_HAM_0002170,HAM10000,CC-BY-NC-4.0,
fitzpatrick17k_hf/images/img_8204.jpg,naevus,HAM_HAM_0002015,HAM10000,CC-BY-NC-4.0,
fitzpatrick17k_hf/images/img_8205.jpg,naevus,HAM_HAM_0006491,HAM10000,CC-BY-NC-4.0,
fitzpatrick17k_hf/images/img_8206.jpg,naevus,HAM_HAM_0000402,HAM10000,CC-BY-NC-4.0,
fitzpatrick17k_hf/images/img_8207.jpg,naevus,HAM_HAM_0005496,HAM10000,CC-BY-NC-4.0,
fitzpatrick17k_hf/images/img_8208.jpg,naevus,HAM_HAM_0004829,HAM10000,CC-BY-NC-4.0,
fitzpatrick17k_hf/images/img_8209.jpg,naevus,HAM_HAM_0006625,HAM10000,CC-BY-NC-4.0,
fitzpatrick17k_hf/images/img_8210.jpg,naevus,HAM_HAM_0000747,HAM10000,CC-BY-NC-4.0,
fitzpatrick17k_hf/images/img_8211.jpg,naevus,HAM_HAM_0002282,HAM10000,CC-BY-NC-4.0,
fitzpatrick17k_hf/images/img_8212.jpg,naevus,HAM_HAM_0001442,HAM10000,CC-BY-NC-4.0,
fitzpatrick17k_hf/images/img_8213.jpg,naevus,HAM_HAM_0000675,HAM10000,CC-BY-NC-4.0,
fitzpatrick17k_hf/images/img_8214.jpg,naevus,HAM_HAM_0004854,HAM10000,CC-BY-NC-4.0,
fitzpatrick17k_hf/images/img_8215.jpg,naevus,HAM_HAM_0006559,HAM10000,CC-BY-NC-4.0,
fitzpatrick17k_hf/images/img_8216.jpg,naevus,HAM_HAM_0001511,HAM10000,CC-BY-NC-4.0,
fitzpatrick17k_hf/images/img_8217.jpg,naevus,HAM_HAM_0002596,HAM10000,CC-BY-NC-4.0,
fitzpatrick17k_hf/images/img_8218.jpg,naevus,HAM_HAM_0004024,HAM10000,CC-BY-NC-4.0,
fitzpatrick17k_hf/images/img_8219.jpg,naevus,HAM_HAM_0003441,HAM10000,CC-BY-NC-4.0,
fitzpatrick17k_hf/images/img_8220.jpg,naevus,HAM_HAM_0006237,HAM10000,CC-BY-NC-4.0,
fitzpatrick17k_hf/images/img_8221.jpg,naevus,HAM_HAM_0001889,HAM10000,CC-BY-NC-4.0,
fitzpatrick17k_hf/images/img_8222.jpg,naevus,HAM_HAM_0004209,HAM10000,CC-BY-NC-4.0,
fitzpatrick17k_hf/images/img_8223.jpg,naevus,HAM_HAM_0002641,HAM10000,CC-BY-NC-4.0,
fitzpatrick17k_hf/images/img_8224.jpg,naevus,HAM_HAM_0005374,HAM10000,CC-BY-NC-4.0,
fitzpatrick17k_hf/images/img_8225.jpg,naevus,HAM_HAM_0000421,HAM10000,CC-BY-NC-4.0,
fitzpatrick17k_hf/images/img_8226.jpg,naevus,HAM_HAM_0004210,HAM10000,CC-BY-NC-4.0,
fitzpatrick17k_hf/images/img_8227.jpg,naevus,HAM_HAM_0004211,HAM10000,CC-BY-NC-4.0,
fitzpatrick17k_hf/images/img_8228.jpg,naevus,HAM_HAM_0000304,HAM10000,CC-BY-NC-4.0,
fitzpatrick17k_hf/images/img_8229.jpg,naevus,HAM_HAM_0001777,HAM10000,CC-BY-NC-4.0,
fitzpatrick17k_hf/images/img_8230.jpg,naevus,HAM_HAM_0006666,HAM10000,CC-BY-NC-4.0,
fitzpatrick17k_hf/images/img_8231.jpg,naevus,HAM_HAM_0005715,HAM10000,CC-BY-NC-4.0,
fitzpatrick17k_hf/images/img_8232.jpg,naevus,HAM_HAM_0004145,HAM10000,CC-BY-NC-4.0,
fitzpatrick17k_hf/images/img_8233.jpg,naevus,HAM_HAM_0005573,HAM10000,CC-BY-NC-4.0,
fitzpatrick17k_hf/images/img_8234.jpg,naevus,HAM_HAM_0002915,HAM10000,CC-BY-NC-4.0,
fitzpatrick17k_hf/images/img_8235.jpg,naevus,HAM_HAM_0002876,HAM10000,CC-BY-NC-4.0,
fitzpatrick17k_hf/images/img_8236.jpg,naevus,HAM_HAM_0007005,HAM10000,CC-BY-NC-4.0,
fitzpatrick17k_hf/images/img_8237.jpg,naevus,HAM_HAM_0003713,HAM10000,CC-BY-NC-4.0,
fitzpatrick17k_hf/images/img_8238.jpg,naevus,HAM_HAM_0004550,HAM10000,CC-BY-NC-4.0,
fitzpatrick17k_hf/images/img_8239.jpg,naevus,HAM_HAM_0005997,HAM10000,CC-BY-NC-4.0,
fitzpatrick17k_hf/images/img_8240.jpg,naevus,HAM_HAM_0000268,HAM10000,CC-BY-NC-4.0,
fitzpatrick17k_hf/images/img_8241.jpg,naevus,HAM_HAM_0002641,HAM10000,CC-BY-NC-4.0,
fitzpatrick17k_hf/images/img_8242.jpg,naevus,HAM_HAM_0004212,HAM10000,CC-BY-NC-4.0,
fitzpatrick17k_hf/images/img_8243.jpg,naevus,HAM_HAM_0001889,HAM10000,CC-BY-NC-4.0,
fitzpatrick17k_hf/images/img_8244.jpg,naevus,HAM_HAM_0000216,HAM10000,CC-BY-NC-4.0,
fitzpatrick17k_hf/images/img_8245.jpg,naevus,HAM_HAM_0002448,HAM10000,CC-BY-NC-4.0,
fitzpatrick17k_hf/images/img_8246.jpg,naevus,HAM_HAM_0004599,HAM10000,CC-BY-NC-4.0,
fitzpatrick17k_hf/images/img_8247.jpg,naevus,HAM_HAM_0006628,HAM10000,CC-BY-NC-4.0,
fitzpatrick17k_hf/images/img_8248.jpg,naevus,HAM_HAM_0004226,HAM10000,CC-BY-NC-4.0,
fitzpatrick17k_hf/images/img_8249.jpg,naevus,HAM_HAM_0001667,HAM10000,CC-BY-NC-4.0,
fitzpatrick17k_hf/images/img_8250.jpg,naevus,HAM_HAM_0007172,HAM10000,CC-BY-NC-4.0,
fitzpatrick17k_hf/images/img_8251.jpg,naevus,HAM_HAM_0005106,HAM10000,CC-BY-NC-4.0,
fitzpatrick17k_hf/images/img_8252.jpg,naevus,HAM_HAM_0004829,HAM10000,CC-BY-NC-4.0,
fitzpatrick17k_hf/images/img_8253.jpg,naevus,HAM_HAM_0002750,HAM10000,CC-BY-NC-4.0,
fitzpatrick17k_hf/images/img_8254.jpg,naevus,HAM_HAM_0000439,HAM10000,CC-BY-NC-4.0,
fitzpatrick17k_hf/images/img_8255.jpg,naevus,HAM_HAM_0003824,HAM10000,CC-BY-NC-4.0,
fitzpatrick17k_hf/images/img_8256.jpg,naevus,HAM_HAM_0006391,HAM10000,CC-BY-NC-4.0,
fitzpatrick17k_hf/images/img_8257.jpg,naevus,HAM_HAM_0002923,HAM10000,CC-BY-NC-4.0,
fitzpatrick17k_hf/images/img_8258.jpg,naevus,HAM_HAM_0001046,HAM10000,CC-BY-NC-4.0,
fitzpatrick17k_hf/images/img_8259.jpg,naevus,HAM_HAM_0005263,HAM10000,CC-BY-NC-4.0,
fitzpatrick17k_hf/images/img_8260.jpg,naevus,HAM_HAM_0004773,HAM10000,CC-BY-NC-4.0,
fitzpatrick17k_hf/images/img_8261.jpg,naevus,HAM_HAM_0003735,HAM10000,CC-BY-NC-4.0,
fitzpatrick17k_hf/images/img_8262.jpg,naevus,HAM_HAM_0004296,HAM10000,CC-BY-NC-4.0,
fitzpatrick17k_hf/images/img_8263.jpg,naevus,HAM_HAM_0000067,HAM10000,CC-BY-NC-4.0,
fitzpatrick17k_hf/images/img_8264.jpg,naevus,HAM_HAM_0003561,HAM10000,CC-BY-NC-4.0,
fitzpatrick17k_hf/images/img_8265.jpg,naevus,HAM_HAM_0001097,HAM10000,CC-BY-NC-4.0,
fitzpatrick17k_hf/images/img_8266.jpg,naevus,HAM_HAM_0002721,HAM10000,CC-BY-NC-4.0,
fitzpatrick17k_hf/images/img_8267.jpg,naevus,HAM_HAM_0001824,HAM10000,CC-BY-NC-4.0,
fitzpatrick17k_hf/images/img_8268.jpg,naevus,HAM_HAM_0005263,HAM10000,CC-BY-NC-4.0,
fitzpatrick17k_hf/images/img_8269.jpg,naevus,HAM_HAM_0002605,HAM10000,CC-BY-NC-4.0,
fitzpatrick17k_hf/images/img_8270.jpg,naevus,HAM_HAM_0004063,HAM10000,CC-BY-NC-4.0,
fitzpatrick17k_hf/images/img_8271.jpg,naevus,HAM_HAM_0004172,HAM10000,CC-BY-NC-4.0,
fitzpatrick17k_hf/images/img_8272.jpg,naevus,HAM_HAM_0006042,HAM10000,CC-BY-NC-4.0,
fitzpatrick17k_hf/images/img_8273.jpg,naevus,HAM_HAM_0001777,HAM10000,CC-BY-NC-4.0,
fitzpatrick17k_hf/images/img_8274.jpg,naevus,HAM_HAM_0006239,HAM10000,CC-BY-NC-4.0,
fitzpatrick17k_hf/images/img_8275.jpg,naevus,HAM_HAM_0004882,HAM10000,CC-BY-NC-4.0,
fitzpatrick17k_hf/images/img_8276.jpg,naevus,HAM_HAM_0001133,HAM10000,CC-BY-NC-4.0,
fitzpatrick17k_hf/images/img_8277.jpg,naevus,HAM_HAM_0004587,HAM10000,CC-BY-NC-4.0,
fitzpatrick17k_hf/images/img_8278.jpg,naevus,HAM_HAM_0002908,HAM10000,CC-BY-NC-4.0,
fitzpatrick17k_hf/images/img_8279.jpg,naevus,HAM_HAM_0003137,HAM10000,CC-BY-NC-4.0,
fitzpatrick17k_hf/images/img_8280.jpg,naevus,HAM_HAM_0000181,HAM10000,CC-BY-NC-4.0,
fitzpatrick17k_hf/images/img_8281.jpg,naevus,HAM_HAM_0002476,HAM10000,CC-BY-NC-4.0,
fitzpatrick17k_hf/images/img_8282.jpg,naevus,HAM_HAM_0003325,HAM10000,CC-BY-NC-4.0,
fitzpatrick17k_hf/images/img_8283.jpg,naevus,HAM_HAM_0005995,HAM10000,CC-BY-NC-4.0,
fitzpatrick17k_hf/images/img_8284.jpg,naevus,HAM_HAM_0004351,HAM10000,CC-BY-NC-4.0,
fitzpatrick17k_hf/images/img_8285.jpg,naevus,HAM_HAM_0005759,HAM10000,CC-BY-NC-4.0,
fitzpatrick17k_hf/images/img_8286.jpg,naevus,HAM_HAM_0003300,HAM10000,CC-BY-NC-4.0,
fitzpatrick17k_hf/images/img_8287.jpg,naevus,HAM_HAM_0007367,HAM10000,CC-BY-NC-4.0,
fitzpatrick17k_hf/images/img_8288.jpg,naevus,HAM_HAM_0005265,HAM10000,CC-BY-NC-4.0,
fitzpatrick17k_hf/images/img_8289.jpg,naevus,HAM_HAM_0004583,HAM10000,CC-BY-NC-4.0,
fitzpatrick17k_hf/images/img_8290.jpg,naevus,HAM_HAM_0005190,HAM10000,CC-BY-NC-4.0,
fitzpatrick17k_hf/images/img_8291.jpg,naevus,HAM_HAM_0001651,HAM10000,CC-BY-NC-4.0,
fitzpatrick17k_hf/images/img_8292.jpg,naevus,HAM_HAM_0001133,HAM10000,CC-BY-NC-4.0,
fitzpatrick17k_hf/images/img_8293.jpg,naevus,HAM_HAM_0007475,HAM10000,CC-BY-NC-4.0,
fitzpatrick17k_hf/images/img_8294.jpg,naevus,HAM_HAM_0001547,HAM10000,CC-BY-NC-4.0,
fitzpatrick17k_hf/images/img_8295.jpg,naevus,HAM_HAM_0005433,HAM10000,CC-BY-NC-4.0,
fitzpatrick17k_hf/images/img_8296.jpg,naevus,HAM_HAM_0003755,HAM10000,CC-BY-NC-4.0,
fitzpatrick17k_hf/images/img_8297.jpg,naevus,HAM_HAM_0005194,HAM10000,CC-BY-NC-4.0,
fitzpatrick17k_hf/images/img_8298.jpg,naevus,HAM_HAM_0004088,HAM10000,CC-BY-NC-4.0,
fitzpatrick17k_hf/images/img_8299.jpg,naevus,HAM_HAM_0003310,HAM10000,CC-BY-NC-4.0,
fitzpatrick17k_hf/images/img_8300.jpg,naevus,HAM_HAM_0004165,HAM10000,CC-BY-NC-4.0,
fitzpatrick17k_hf/images/img_8301.jpg,naevus,HAM_HAM_0002502,HAM10000,CC-BY-NC-4.0,
fitzpatrick17k_hf/images/img_8302.jpg,naevus,HAM_HAM_0003852,HAM10000,CC-BY-NC-4.0,
fitzpatrick17k_hf/images/img_8303.jpg,naevus,HAM_HAM_0002030,HAM10000,CC-BY-NC-4.0,
fitzpatrick17k_hf/images/img_8304.jpg,naevus,HAM_HAM_0001905,HAM10000,CC-BY-NC-4.0,
fitzpatrick17k_hf/images/img_8305.jpg,naevus,HAM_HAM_0003505,HAM10000,CC-BY-NC-4.0,
fitzpatrick17k_hf/images/img_8306.jpg,naevus,HAM_HAM_0005689,HAM10000,CC-BY-NC-4.0,
fitzpatrick17k_hf/images/img_8307.jpg,naevus,HAM_HAM_0001264,HAM10000,CC-BY-NC-4.0,
fitzpatrick17k_hf/images/img_8308.jpg,naevus,HAM_HAM_0005312,HAM10000,CC-BY-NC-4.0,
fitzpatrick17k_hf/images/img_8309.jpg,naevus,HAM_HAM_0000216,HAM10000,CC-BY-NC-4.0,
fitzpatrick17k_hf/images/img_8310.jpg,naevus,HAM_HAM_0004706,HAM10000,CC-BY-NC-4.0,
fitzpatrick17k_hf/images/img_8311.jpg,naevus,HAM_HAM_0002170,HAM10000,CC-BY-NC-4.0,
fitzpatrick17k_hf/images/img_8312.jpg,naevus,HAM_HAM_0002712,HAM10000,CC-BY-NC-4.0,
fitzpatrick17k_hf/images/img_8313.jpg,naevus,HAM_HAM_0002367,HAM10000,CC-BY-NC-4.0,
fitzpatrick17k_hf/images/img_8314.jpg,naevus,HAM_HAM_0004773,HAM10000,CC-BY-NC-4.0,
fitzpatrick17k_hf/images/img_8315.jpg,naevus,HAM_HAM_0006121,HAM10000,CC-BY-NC-4.0,
fitzpatrick17k_hf/images/img_8316.jpg,naevus,HAM_HAM_0005594,HAM10000,CC-BY-NC-4.0,
fitzpatrick17k_hf/images/img_8317.jpg,naevus,HAM_HAM_0006559,HAM10000,CC-BY-NC-4.0,
fitzpatrick17k_hf/images/img_8318.jpg,naevus,HAM_HAM_0004214,HAM10000,CC-BY-NC-4.0,
fitzpatrick17k_hf/images/img_8319.jpg,naevus,HAM_HAM_0004584,HAM10000,CC-BY-NC-4.0,
fitzpatrick17k_hf/images/img_8320.jpg,naevus,HAM_HAM_0004352,HAM10000,CC-BY-NC-4.0,
fitzpatrick17k_hf/images/img_8321.jpg,naevus,HAM_HAM_0002898,HAM10000,CC-BY-NC-4.0,
fitzpatrick17k_hf/images/img_8322.jpg,naevus,HAM_HAM_0002616,HAM10000,CC-BY-NC-4.0,
fitzpatrick17k_hf/images/img_8323.jpg,naevus,HAM_HAM_0005905,HAM10000,CC-BY-NC-4.0,
fitzpatrick17k_hf/images/img_8324.jpg,naevus,HAM_HAM_0003634,HAM10000,CC-BY-NC-4.0,
fitzpatrick17k_hf/images/img_8325.jpg,naevus,HAM_HAM_0004705,HAM10000,CC-BY-NC-4.0,
fitzpatrick17k_hf/images/img_8326.jpg,naevus,HAM_HAM_0002759,HAM10000,CC-BY-NC-4.0,
fitzpatrick17k_hf/images/img_8327.jpg,naevus,HAM_HAM_0005248,HAM10000,CC-BY-NC-4.0,
fitzpatrick17k_hf/images/img_8328.jpg,naevus,HAM_HAM_0005122,HAM10000,CC-BY-NC-4.0,
fitzpatrick17k_hf/images/img_8329.jpg,naevus,HAM_HAM_0004120,HAM10000,CC-BY-NC-4.0,
fitzpatrick17k_hf/images/img_8330.jpg,naevus,HAM_HAM_0005116,HAM10000,CC-BY-NC-4.0,
fitzpatrick17k_hf/images/img_8331.jpg,naevus,HAM_HAM_0006666,HAM10000,CC-BY-NC-4.0,
fitzpatrick17k_hf/images/img_8332.jpg,naevus,HAM_HAM_0003368,HAM10000,CC-BY-NC-4.0,
fitzpatrick17k_hf/images/img_8333.jpg,naevus,HAM_HAM_0000443,HAM10000,CC-BY-NC-4.0,
fitzpatrick17k_hf/images/img_8334.jpg,naevus,HAM_HAM_0002329,HAM10000,CC-BY-NC-4.0,
fitzpatrick17k_hf/images/img_8335.jpg,naevus,HAM_HAM_0002016,HAM10000,CC-BY-NC-4.0,
fitzpatrick17k_hf/images/img_8336.jpg,naevus,HAM_HAM_0004706,HAM10000,CC-BY-NC-4.0,
fitzpatrick17k_hf/images/img_8337.jpg,naevus,HAM_HAM_0005263,HAM10000,CC-BY-NC-4.0,
fitzpatrick17k_hf/images/img_8338.jpg,naevus,HAM_HAM_0004375,HAM10000,CC-BY-NC-4.0,
fitzpatrick17k_hf/images/img_8339.jpg,naevus,HAM_HAM_0000556,HAM10000,CC-BY-NC-4.0,
fitzpatrick17k_hf/images/img_8340.jpg,naevus,HAM_HAM_0004296,HAM10000,CC-BY-NC-4.0,
fitzpatrick17k_hf/images/img_8341.jpg,naevus,HAM_HAM_0004882,HAM10000,CC-BY-NC-4.0,
fitzpatrick17k_hf/images/img_8342.jpg,naevus,HAM_HAM_0001673,HAM10000,CC-BY-NC-4.0,
fitzpatrick17k_hf/images/img_8343.jpg,naevus,HAM_HAM_0004176,HAM10000,CC-BY-NC-4.0,
fitzpatrick17k_hf/images/img_8344.jpg,naevus,HAM_HAM_0003606,HAM10000,CC-BY-NC-4.0,
fitzpatrick17k_hf/images/img_8345.jpg,naevus,HAM_HAM_0002009,HAM10000,CC-BY-NC-4.0,
fitzpatrick17k_hf/images/img_8346.jpg,naevus,HAM_HAM_0007475,HAM10000,CC-BY-NC-4.0,
fitzpatrick17k_hf/images/img_8347.jpg,naevus,HAM_HAM_0004099,HAM10000,CC-BY-NC-4.0,
fitzpatrick17k_hf/images/img_8348.jpg,naevus,HAM_HAM_0001509,HAM10000,CC-BY-NC-4.0,
fitzpatrick17k_hf/images/img_8349.jpg,naevus,HAM_HAM_0001547,HAM10000,CC-BY-NC-4.0,
fitzpatrick17k_hf/images/img_8350.jpg,naevus,HAM_HAM_0007462,HAM10000,CC-BY-NC-4.0,
fitzpatrick17k_hf/images/img_8351.jpg,naevus,HAM_HAM_0003512,HAM10000,CC-BY-NC-4.0,
fitzpatrick17k_hf/images/img_8352.jpg,naevus,HAM_HAM_0001943,HAM10000,CC-BY-NC-4.0,
fitzpatrick17k_hf/images/img_8353.jpg,naevus,HAM_HAM_0004215,HAM10000,CC-BY-NC-4.0,
fitzpatrick17k_hf/images/img_8354.jpg,naevus,HAM_HAM_0002257,HAM10000,CC-BY-NC-4.0,
fitzpatrick17k_hf/images/img_8355.jpg,naevus,HAM_HAM_0002915,HAM10000,CC-BY-NC-4.0,
fitzpatrick17k_hf/images/img_8356.jpg,naevus,HAM_HAM_0000439,HAM10000,CC-BY-NC-4.0,
fitzpatrick17k_hf/images/img_8357.jpg,naevus,HAM_HAM_0004272,HAM10000,CC-BY-NC-4.0,
fitzpatrick17k_hf/images/img_8358.jpg,naevus,HAM_HAM_0003810,HAM10000,CC-BY-NC-4.0,
fitzpatrick17k_hf/images/img_8359.jpg,naevus,HAM_HAM_0003424,HAM10000,CC-BY-NC-4.0,
fitzpatrick17k_hf/images/img_8360.jpg,naevus,HAM_HAM_0007124,HAM10000,CC-BY-NC-4.0,
fitzpatrick17k_hf/images/img_8361.jpg,naevus,HAM_HAM_0004216,HAM10000,CC-BY-NC-4.0,
fitzpatrick17k_hf/images/img_8362.jpg,naevus,HAM_HAM_0006042,HAM10000,CC-BY-NC-4.0,
fitzpatrick17k_hf/images/img_8363.jpg,naevus,HAM_HAM_0000747,HAM10000,CC-BY-NC-4.0,
fitzpatrick17k_hf/images/img_8364.jpg,naevus,HAM_HAM_0002244,HAM10000,CC-BY-NC-4.0,
fitzpatrick17k_hf/images/img_8365.jpg,melanome,HAM_HAM_0003350,HAM10000,CC-BY-NC-4.0,
fitzpatrick17k_hf/images/img_8366.jpg,melanome,HAM_HAM_0002869,HAM10000,CC-BY-NC-4.0,
fitzpatrick17k_hf/images/img_8367.jpg,melanome,HAM_HAM_0007538,HAM10000,CC-BY-NC-4.0,
fitzpatrick17k_hf/images/img_8368.jpg,melanome,HAM_HAM_0002493,HAM10000,CC-BY-NC-4.0,
fitzpatrick17k_hf/images/img_8369.jpg,melanome,HAM_HAM_0007511,HAM10000,CC-BY-NC-4.0,
fitzpatrick17k_hf/images/img_8370.jpg,melanome,HAM_HAM_0001349,HAM10000,CC-BY-NC-4.0,
fitzpatrick17k_hf/images/img_8371.jpg,melanome,HAM_HAM_0001726,HAM10000,CC-BY-NC-4.0,
fitzpatrick17k_hf/images/img_8372.jpg,melanome,HAM_HAM_0006751,HAM10000,CC-BY-NC-4.0,
fitzpatrick17k_hf/images/img_8373.jpg,melanome,HAM_HAM_0007530,HAM10000,CC-BY-NC-4.0,
fitzpatrick17k_hf/images/img_8374.jpg,melanome,HAM_HAM_0001950,HAM10000,CC-BY-NC-4.0,
fitzpatrick17k_hf/images/img_8375.jpg,melanome,HAM_HAM_0003315,HAM10000,CC-BY-NC-4.0,
fitzpatrick17k_hf/images/img_8376.jpg,melanome,HAM_HAM_0007054,HAM10000,CC-BY-NC-4.0,
fitzpatrick17k_hf/images/img_8377.jpg,melanome,HAM_HAM_0001703,HAM10000,CC-BY-NC-4.0,
fitzpatrick17k_hf/images/img_8378.jpg,melanome,HAM_HAM_0002523,HAM10000,CC-BY-NC-4.0,
fitzpatrick17k_hf/images/img_8379.jpg,melanome,HAM_HAM_0005540,HAM10000,CC-BY-NC-4.0,
fitzpatrick17k_hf/images/img_8380.jpg,melanome,HAM_HAM_0001729,HAM10000,CC-BY-NC-4.0,
fitzpatrick17k_hf/images/img_8381.jpg,melanome,HAM_HAM_0006803,HAM10000,CC-BY-NC-4.0,
fitzpatrick17k_hf/images/img_8382.jpg,melanome,HAM_HAM_0000952,HAM10000,CC-BY-NC-4.0,
fitzpatrick17k_hf/images/img_8383.jpg,melanome,HAM_HAM_0000653,HAM10000,CC-BY-NC-4.0,
fitzpatrick17k_hf/images/img_8384.jpg,melanome,HAM_HAM_0004507,HAM10000,CC-BY-NC-4.0,
fitzpatrick17k_hf/images/img_8385.jpg,melanome,HAM_HAM_0006699,HAM10000,CC-BY-NC-4.0,
fitzpatrick17k_hf/images/img_8386.jpg,melanome,HAM_HAM_0003832,HAM10000,CC-BY-NC-4.0,
fitzpatrick17k_hf/images/img_8387.jpg,melanome,HAM_HAM_0000210,HAM10000,CC-BY-NC-4.0,
fitzpatrick17k_hf/images/img_8388.jpg,melanome,HAM_HAM_0007511,HAM10000,CC-BY-NC-4.0,
fitzpatrick17k_hf/images/img_8389.jpg,melanome,HAM_HAM_0005467,HAM10000,CC-BY-NC-4.0,
fitzpatrick17k_hf/images/img_8390.jpg,melanome,HAM_HAM_0004171,HAM10000,CC-BY-NC-4.0,
fitzpatrick17k_hf/images/img_8391.jpg,melanome,HAM_HAM_0006764,HAM10000,CC-BY-NC-4.0,
fitzpatrick17k_hf/images/img_8392.jpg,melanome,HAM_HAM_0003428,HAM10000,CC-BY-NC-4.0,
fitzpatrick17k_hf/images/img_8393.jpg,melanome,HAM_HAM_0001600,HAM10000,CC-BY-NC-4.0,
fitzpatrick17k_hf/images/img_8394.jpg,melanome,HAM_HAM_0000593,HAM10000,CC-BY-NC-4.0,
fitzpatrick17k_hf/images/img_8395.jpg,melanome,HAM_HAM_0001444,HAM10000,CC-BY-NC-4.0,
fitzpatrick17k_hf/images/img_8396.jpg,melanome,HAM_HAM_0001726,HAM10000,CC-BY-NC-4.0,
fitzpatrick17k_hf/images/img_8397.jpg,melanome,HAM_HAM_0000917,HAM10000,CC-BY-NC-4.0,
fitzpatrick17k_hf/images/img_8398.jpg,melanome,HAM_HAM_0000903,HAM10000,CC-BY-NC-4.0,
fitzpatrick17k_hf/images/img_8399.jpg,melanome,HAM_HAM_0002011,HAM10000,CC-BY-NC-4.0,
fitzpatrick17k_hf/images/img_8400.jpg,melanome,HAM_HAM_0002509,HAM10000,CC-BY-NC-4.0,
fitzpatrick17k_hf/images/img_8401.jpg,melanome,HAM_HAM_0001964,HAM10000,CC-BY-NC-4.0,
fitzpatrick17k_hf/images/img_8402.jpg,melanome,HAM_HAM_0001910,HAM10000,CC-BY-NC-4.0,
fitzpatrick17k_hf/images/img_8403.jpg,melanome,HAM_HAM_0007272,HAM10000,CC-BY-NC-4.0,
fitzpatrick17k_hf/images/img_8404.jpg,melanome,HAM_HAM_0003212,HAM10000,CC-BY-NC-4.0,
fitzpatrick17k_hf/images/img_8405.jpg,melanome,HAM_HAM_0001847,HAM10000,CC-BY-NC-4.0,
fitzpatrick17k_hf/images/img_8406.jpg,melanome,HAM_HAM_0005724,HAM10000,CC-BY-NC-4.0,
fitzpatrick17k_hf/images/img_8407.jpg,melanome,HAM_HAM_0000373,HAM10000,CC-BY-NC-4.0,
fitzpatrick17k_hf/images/img_8408.jpg,melanome,HAM_HAM_0004779,HAM10000,CC-BY-NC-4.0,
fitzpatrick17k_hf/images/img_8409.jpg,melanome,HAM_HAM_0000645,HAM10000,CC-BY-NC-4.0,
fitzpatrick17k_hf/images/img_8410.jpg,melanome,HAM_HAM_0003167,HAM10000,CC-BY-NC-4.0,
fitzpatrick17k_hf/images/img_8411.jpg,melanome,HAM_HAM_0001734,HAM10000,CC-BY-NC-4.0,
fitzpatrick17k_hf/images/img_8412.jpg,melanome,HAM_HAM_0007617,HAM10000,CC-BY-NC-4.0,
fitzpatrick17k_hf/images/img_8413.jpg,melanome,HAM_HAM_0001353,HAM10000,CC-BY-NC-4.0,
fitzpatrick17k_hf/images/img_8414.jpg,melanome,HAM_HAM_0002534,HAM10000,CC-BY-NC-4.0,
fitzpatrick17k_hf/images/img_8415.jpg,melanome,HAM_HAM_0004593,HAM10000,CC-BY-NC-4.0,
fitzpatrick17k_hf/images/img_8416.jpg,melanome,HAM_HAM_0006896,HAM10000,CC-BY-NC-4.0,
fitzpatrick17k_hf/images/img_8417.jpg,melanome,HAM_HAM_0007530,HAM10000,CC-BY-NC-4.0,
fitzpatrick17k_hf/images/img_8418.jpg,melanome,HAM_HAM_0002196,HAM10000,CC-BY-NC-4.0,
fitzpatrick17k_hf/images/img_8419.jpg,melanome,HAM_HAM_0004898,HAM10000,CC-BY-NC-4.0,
fitzpatrick17k_hf/images/img_8420.jpg,melanome,HAM_HAM_0002375,HAM10000,CC-BY-NC-4.0,
fitzpatrick17k_hf/images/img_8421.jpg,melanome,HAM_HAM_0007488,HAM10000,CC-BY-NC-4.0,
fitzpatrick17k_hf/images/img_8422.jpg,melanome,HAM_HAM_0002613,HAM10000,CC-BY-NC-4.0,
fitzpatrick17k_hf/images/img_8423.jpg,melanome,HAM_HAM_0006006,HAM10000,CC-BY-NC-4.0,
fitzpatrick17k_hf/images/img_8424.jpg,melanome,HAM_HAM_0004779,HAM10000,CC-BY-NC-4.0,
fitzpatrick17k_hf/images/img_8425.jpg,melanome,HAM_HAM_0006975,HAM10000,CC-BY-NC-4.0,
fitzpatrick17k_hf/images/img_8426.jpg,melanome,HAM_HAM_0001284,HAM10000,CC-BY-NC-4.0,
fitzpatrick17k_hf/images/img_8427.jpg,melanome,HAM_HAM_0007560,HAM10000,CC-BY-NC-4.0,
fitzpatrick17k_hf/images/img_8428.jpg,melanome,HAM_HAM_0001986,HAM10000,CC-BY-NC-4.0,
fitzpatrick17k_hf/images/img_8429.jpg,melanome,HAM_HAM_0004265,HAM10000,CC-BY-NC-4.0,
fitzpatrick17k_hf/images/img_8430.jpg,melanome,HAM_HAM_0007073,HAM10000,CC-BY-NC-4.0,
fitzpatrick17k_hf/images/img_8431.jpg,melanome,HAM_HAM_0001203,HAM10000,CC-BY-NC-4.0,
fitzpatrick17k_hf/images/img_8432.jpg,melanome,HAM_HAM_0000888,HAM10000,CC-BY-NC-4.0,
fitzpatrick17k_hf/images/img_8433.jpg,melanome,HAM_HAM_0000775,HAM10000,CC-BY-NC-4.0,
fitzpatrick17k_hf/images/img_8434.jpg,melanome,HAM_HAM_0006955,HAM10000,CC-BY-NC-4.0,
fitzpatrick17k_hf/images/img_8435.jpg,melanome,HAM_HAM_0004642,HAM10000,CC-BY-NC-4.0,
fitzpatrick17k_hf/images/img_8436.jpg,melanome,HAM_HAM_0002436,HAM10000,CC-BY-NC-4.0,
fitzpatrick17k_hf/images/img_8437.jpg,melanome,HAM_HAM_0006899,HAM10000,CC-BY-NC-4.0,
fitzpatrick17k_hf/images/img_8438.jpg,melanome,HAM_HAM_0000247,HAM10000,CC-BY-NC-4.0,
fitzpatrick17k_hf/images/img_8439.jpg,melanome,HAM_HAM_0002477,HAM10000,CC-BY-NC-4.0,
fitzpatrick17k_hf/images/img_8440.jpg,melanome,HAM_HAM_0005381,HAM10000,CC-BY-NC-4.0,
fitzpatrick17k_hf/images/img_8441.jpg,melanome,HAM_HAM_0006521,HAM10000,CC-BY-NC-4.0,
fitzpatrick17k_hf/images/img_8442.jpg,melanome,HAM_HAM_0002525,HAM10000,CC-BY-NC-4.0,
fitzpatrick17k_hf/images/img_8443.jpg,melanome,HAM_HAM_0006594,HAM10000,CC-BY-NC-4.0,
fitzpatrick17k_hf/images/img_8444.jpg,melanome,HAM_HAM_0005588,HAM10000,CC-BY-NC-4.0,
fitzpatrick17k_hf/images/img_8445.jpg,melanome,HAM_HAM_0004739,HAM10000,CC-BY-NC-4.0,
fitzpatrick17k_hf/images/img_8446.jpg,melanome,HAM_HAM_0000534,HAM10000,CC-BY-NC-4.0,
fitzpatrick17k_hf/images/img_8447.jpg,melanome,HAM_HAM_0004817,HAM10000,CC-BY-NC-4.0,
fitzpatrick17k_hf/images/img_8448.jpg,melanome,HAM_HAM_0006196,HAM10000,CC-BY-NC-4.0,
fitzpatrick17k_hf/images/img_8449.jpg,melanome,HAM_HAM_0002770,HAM10000,CC-BY-NC-4.0,
fitzpatrick17k_hf/images/img_8450.jpg,melanome,HAM_HAM_0003749,HAM10000,CC-BY-NC-4.0,
fitzpatrick17k_hf/images/img_8451.jpg,melanome,HAM_HAM_0002720,HAM10000,CC-BY-NC-4.0,
fitzpatrick17k_hf/images/img_8452.jpg,melanome,HAM_HAM_0003558,HAM10000,CC-BY-NC-4.0,
fitzpatrick17k_hf/images/img_8453.jpg,melanome,HAM_HAM_0001378,HAM10000,CC-BY-NC-4.0,
fitzpatrick17k_hf/images/img_8454.jpg,melanome,HAM_HAM_0003761,HAM10000,CC-BY-NC-4.0,
fitzpatrick17k_hf/images/img_8455.jpg,melanome,HAM_HAM_0004428,HAM10000,CC-BY-NC-4.0,
fitzpatrick17k_hf/images/img_8456.jpg,melanome,HAM_HAM_0004121,HAM10000,CC-BY-NC-4.0,
fitzpatrick17k_hf/images/img_8457.jpg,melanome,HAM_HAM_0001796,HAM10000,CC-BY-NC-4.0,
fitzpatrick17k_hf/images/img_8458.jpg,melanome,HAM_HAM_0005535,HAM10000,CC-BY-NC-4.0,
fitzpatrick17k_hf/images/img_8459.jpg,melanome,HAM_HAM_0003376,HAM10000,CC-BY-NC-4.0,
fitzpatrick17k_hf/images/img_8460.jpg,melanome,HAM_HAM_0001877,HAM10000,CC-BY-NC-4.0,
fitzpatrick17k_hf/images/img_8461.jpg,melanome,HAM_HAM_0007054,HAM10000,CC-BY-NC-4.0,
fitzpatrick17k_hf/images/img_8462.jpg,melanome,HAM_HAM_0002576,HAM10000,CC-BY-NC-4.0,
fitzpatrick17k_hf/images/img_8463.jpg,melanome,HAM_HAM_0001214,HAM10000,CC-BY-NC-4.0,
fitzpatrick17k_hf/images/img_8464.jpg,melanome,HAM_HAM_0003832,HAM10000,CC-BY-NC-4.0,
fitzpatrick17k_hf/images/img_8465.jpg,melanome,HAM_HAM_0002143,HAM10000,CC-BY-NC-4.0,
fitzpatrick17k_hf/images/img_8466.jpg,melanome,HAM_HAM_0000433,HAM10000,CC-BY-NC-4.0,
fitzpatrick17k_hf/images/img_8467.jpg,melanome,HAM_HAM_0002770,HAM10000,CC-BY-NC-4.0,
fitzpatrick17k_hf/images/img_8468.jpg,melanome,HAM_HAM_0004047,HAM10000,CC-BY-NC-4.0,
fitzpatrick17k_hf/images/img_8469.jpg,melanome,HAM_HAM_0001986,HAM10000,CC-BY-NC-4.0,
fitzpatrick17k_hf/images/img_8470.jpg,melanome,HAM_HAM_0005600,HAM10000,CC-BY-NC-4.0,
fitzpatrick17k_hf/images/img_8471.jpg,melanome,HAM_HAM_0004642,HAM10000,CC-BY-NC-4.0,
fitzpatrick17k_hf/images/img_8472.jpg,melanome,HAM_HAM_0004767,HAM10000,CC-BY-NC-4.0,
fitzpatrick17k_hf/images/img_8473.jpg,melanome,HAM_HAM_0005735,HAM10000,CC-BY-NC-4.0,
fitzpatrick17k_hf/images/img_8474.jpg,melanome,HAM_HAM_0007498,HAM10000,CC-BY-NC-4.0,
fitzpatrick17k_hf/images/img_8475.jpg,melanome,HAM_HAM_0006899,HAM10000,CC-BY-NC-4.0,
fitzpatrick17k_hf/images/img_8476.jpg,melanome,HAM_HAM_0004936,HAM10000,CC-BY-NC-4.0,
fitzpatrick17k_hf/images/img_8477.jpg,melanome,HAM_HAM_0004397,HAM10000,CC-BY-NC-4.0,
fitzpatrick17k_hf/images/img_8478.jpg,melanome,HAM_HAM_0001105,HAM10000,CC-BY-NC-4.0,
fitzpatrick17k_hf/images/img_8479.jpg,melanome,HAM_HAM_0004579,HAM10000,CC-BY-NC-4.0,
fitzpatrick17k_hf/images/img_8480.jpg,melanome,HAM_HAM_0001953,HAM10000,CC-BY-NC-4.0,
fitzpatrick17k_hf/images/img_8481.jpg,melanome,HAM_HAM_0007031,HAM10000,CC-BY-NC-4.0,
fitzpatrick17k_hf/images/img_8482.jpg,melanome,HAM_HAM_0000075,HAM10000,CC-BY-NC-4.0,
fitzpatrick17k_hf/images/img_8483.jpg,melanome,HAM_HAM_0006171,HAM10000,CC-BY-NC-4.0,
fitzpatrick17k_hf/images/img_8484.jpg,melanome,HAM_HAM_0000531,HAM10000,CC-BY-NC-4.0,
fitzpatrick17k_hf/images/img_8485.jpg,melanome,HAM_HAM_0006593,HAM10000,CC-BY-NC-4.0,
fitzpatrick17k_hf/images/img_8486.jpg,melanome,HAM_HAM_0003102,HAM10000,CC-BY-NC-4.0,
fitzpatrick17k_hf/images/img_8487.jpg,melanome,HAM_HAM_0003520,HAM10000,CC-BY-NC-4.0,
fitzpatrick17k_hf/images/img_8488.jpg,melanome,HAM_HAM_0006453,HAM10000,CC-BY-NC-4.0,
fitzpatrick17k_hf/images/img_8489.jpg,melanome,HAM_HAM_0002752,HAM10000,CC-BY-NC-4.0,
fitzpatrick17k_hf/images/img_8490.jpg,melanome,HAM_HAM_0000814,HAM10000,CC-BY-NC-4.0,
fitzpatrick17k_hf/images/img_8491.jpg,melanome,HAM_HAM_0003095,HAM10000,CC-BY-NC-4.0,
fitzpatrick17k_hf/images/img_8492.jpg,melanome,HAM_HAM_0003869,HAM10000,CC-BY-NC-4.0,
fitzpatrick17k_hf/images/img_8493.jpg,melanome,HAM_HAM_0000417,HAM10000,CC-BY-NC-4.0,
fitzpatrick17k_hf/images/img_8494.jpg,melanome,HAM_HAM_0006223,HAM10000,CC-BY-NC-4.0,
fitzpatrick17k_hf/images/img_8495.jpg,melanome,HAM_HAM_0004021,HAM10000,CC-BY-NC-4.0,
fitzpatrick17k_hf/images/img_8496.jpg,melanome,HAM_HAM_0002194,HAM10000,CC-BY-NC-4.0,
fitzpatrick17k_hf/images/img_8497.jpg,melanome,HAM_HAM_0003172,HAM10000,CC-BY-NC-4.0,
fitzpatrick17k_hf/images/img_8498.jpg,melanome,HAM_HAM_0001456,HAM10000,CC-BY-NC-4.0,
fitzpatrick17k_hf/images/img_8499.jpg,melanome,HAM_HAM_0001600,HAM10000,CC-BY-NC-4.0,
fitzpatrick17k_hf/images/img_8500.jpg,melanome,HAM_HAM_0002557,HAM10000,CC-BY-NC-4.0,
fitzpatrick17k_hf/images/img_8501.jpg,melanome,HAM_HAM_0003171,HAM10000,CC-BY-NC-4.0,
fitzpatrick17k_hf/images/img_8502.jpg,melanome,HAM_HAM_0005481,HAM10000,CC-BY-NC-4.0,
fitzpatrick17k_hf/images/img_8503.jpg,melanome,HAM_HAM_0004642,HAM10000,CC-BY-NC-4.0,
fitzpatrick17k_hf/images/img_8504.jpg,melanome,HAM_HAM_0000871,HAM10000,CC-BY-NC-4.0,
fitzpatrick17k_hf/images/img_8505.jpg,melanome,HAM_HAM_0002824,HAM10000,CC-BY-NC-4.0,
fitzpatrick17k_hf/images/img_8506.jpg,melanome,HAM_HAM_0003990,HAM10000,CC-BY-NC-4.0,
fitzpatrick17k_hf/images/img_8507.jpg,melanome,HAM_HAM_0000952,HAM10000,CC-BY-NC-4.0,
fitzpatrick17k_hf/images/img_8508.jpg,melanome,HAM_HAM_0005909,HAM10000,CC-BY-NC-4.0,
fitzpatrick17k_hf/images/img_8509.jpg,melanome,HAM_HAM_0000337,HAM10000,CC-BY-NC-4.0,
fitzpatrick17k_hf/images/img_8510.jpg,melanome,HAM_HAM_0005403,HAM10000,CC-BY-NC-4.0,
fitzpatrick17k_hf/images/img_8511.jpg,melanome,HAM_HAM_0002196,HAM10000,CC-BY-NC-4.0,
fitzpatrick17k_hf/images/img_8512.jpg,melanome,HAM_HAM_0006696,HAM10000,CC-BY-NC-4.0,
fitzpatrick17k_hf/images/img_8513.jpg,melanome,HAM_HAM_0003172,HAM10000,CC-BY-NC-4.0,
fitzpatrick17k_hf/images/img_8514.jpg,melanome,HAM_HAM_0002714,HAM10000,CC-BY-NC-4.0,
fitzpatrick17k_hf/images/img_8515.jpg,melanome,HAM_HAM_0004910,HAM10000,CC-BY-NC-4.0,
fitzpatrick17k_hf/images/img_8516.jpg,melanome,HAM_HAM_0007310,HAM10000,CC-BY-NC-4.0,
fitzpatrick17k_hf/images/img_8517.jpg,melanome,HAM_HAM_0006171,HAM10000,CC-BY-NC-4.0,
fitzpatrick17k_hf/images/img_8518.jpg,melanome,HAM_HAM_0004607,HAM10000,CC-BY-NC-4.0,
fitzpatrick17k_hf/images/img_8519.jpg,melanome,HAM_HAM_0003448,HAM10000,CC-BY-NC-4.0,
fitzpatrick17k_hf/images/img_8520.jpg,melanome,HAM_HAM_0003400,HAM10000,CC-BY-NC-4.0,
fitzpatrick17k_hf/images/img_8521.jpg,melanome,HAM_HAM_0001409,HAM10000,CC-BY-NC-4.0,
fitzpatrick17k_hf/images/img_8522.jpg,melanome,HAM_HAM_0002696,HAM10000,CC-BY-NC-4.0,
fitzpatrick17k_hf/images/img_8523.jpg,melanome,HAM_HAM_0003445,HAM10000,CC-BY-NC-4.0,
fitzpatrick17k_hf/images/img_8524.jpg,melanome,HAM_HAM_0005785,HAM10000,CC-BY-NC-4.0,
fitzpatrick17k_hf/images/img_8525.jpg,melanome,HAM_HAM_0002800,HAM10000,CC-BY-NC-4.0,
fitzpatrick17k_hf/images/img_8526.jpg,melanome,HAM_HAM_0004676,HAM10000,CC-BY-NC-4.0,
fitzpatrick17k_hf/images/img_8527.jpg,melanome,HAM_HAM_0000534,HAM10000,CC-BY-NC-4.0,
fitzpatrick17k_hf/images/img_8528.jpg,melanome,HAM_HAM_0002436,HAM10000,CC-BY-NC-4.0,
fitzpatrick17k_hf/images/img_8529.jpg,melanome,HAM_HAM_0001428,HAM10000,CC-BY-NC-4.0,
fitzpatrick17k_hf/images/img_8530.jpg,melanome,HAM_HAM_0004910,HAM10000,CC-BY-NC-4.0,
fitzpatrick17k_hf/images/img_8531.jpg,melanome,HAM_HAM_0004265,HAM10000,CC-BY-NC-4.0,
fitzpatrick17k_hf/images/img_8532.jpg,melanome,HAM_HAM_0000233,HAM10000,CC-BY-NC-4.0,
fitzpatrick17k_hf/images/img_8533.jpg,melanome,HAM_HAM_0001444,HAM10000,CC-BY-NC-4.0,
fitzpatrick17k_hf/images/img_8534.jpg,melanome,HAM_HAM_0003990,HAM10000,CC-BY-NC-4.0,
fitzpatrick17k_hf/images/img_8535.jpg,melanome,HAM_HAM_0006522,HAM10000,CC-BY-NC-4.0,
fitzpatrick17k_hf/images/img_8536.jpg,melanome,HAM_HAM_0004428,HAM10000,CC-BY-NC-4.0,
fitzpatrick17k_hf/images/img_8537.jpg,melanome,HAM_HAM_0007570,HAM10000,CC-BY-NC-4.0,
fitzpatrick17k_hf/images/img_8538.jpg,melanome,HAM_HAM_0004850,HAM10000,CC-BY-NC-4.0,
fitzpatrick17k_hf/images/img_8539.jpg,melanome,HAM_HAM_0005588,HAM10000,CC-BY-NC-4.0,
fitzpatrick17k_hf/images/img_8540.jpg,melanome,HAM_HAM_0006965,HAM10000,CC-BY-NC-4.0,
fitzpatrick17k_hf/images/img_8541.jpg,melanome,HAM_HAM_0004153,HAM10000,CC-BY-NC-4.0,
fitzpatrick17k_hf/images/img_8542.jpg,melanome,HAM_HAM_0002834,HAM10000,CC-BY-NC-4.0,
fitzpatrick17k_hf/images/img_8543.jpg,melanome,HAM_HAM_0003520,HAM10000,CC-BY-NC-4.0,
fitzpatrick17k_hf/images/img_8544.jpg,melanome,HAM_HAM_0000876,HAM10000,CC-BY-NC-4.0,
fitzpatrick17k_hf/images/img_8545.jpg,melanome,HAM_HAM_0001299,HAM10000,CC-BY-NC-4.0,
fitzpatrick17k_hf/images/img_8546.jpg,melanome,HAM_HAM_0004709,HAM10000,CC-BY-NC-4.0,
fitzpatrick17k_hf/images/img_8547.jpg,melanome,HAM_HAM_0006037,HAM10000,CC-BY-NC-4.0,
fitzpatrick17k_hf/images/img_8548.jpg,melanome,HAM_HAM_0001976,HAM10000,CC-BY-NC-4.0,
fitzpatrick17k_hf/images/img_8549.jpg,melanome,HAM_HAM_0004979,HAM10000,CC-BY-NC-4.0,
fitzpatrick17k_hf/images/img_8550.jpg,melanome,HAM_HAM_0002906,HAM10000,CC-BY-NC-4.0,
fitzpatrick17k_hf/images/img_8551.jpg,melanome,HAM_HAM_0007165,HAM10000,CC-BY-NC-4.0,
fitzpatrick17k_hf/images/img_8552.jpg,melanome,HAM_HAM_0001095,HAM10000,CC-BY-NC-4.0,
fitzpatrick17k_hf/images/img_8553.jpg,melanome,HAM_HAM_0001835,HAM10000,CC-BY-NC-4.0,
fitzpatrick17k_hf/images/img_8554.jpg,melanome,HAM_HAM_0002981,HAM10000,CC-BY-NC-4.0,
fitzpatrick17k_hf/images/img_8555.jpg,melanome,HAM_HAM_0000619,HAM10000,CC-BY-NC-4.0,
fitzpatrick17k_hf/images/img_8556.jpg,melanome,HAM_HAM_0002869,HAM10000,CC-BY-NC-4.0,
fitzpatrick17k_hf/images/img_8557.jpg,melanome,HAM_HAM_0004364,HAM10000,CC-BY-NC-4.0,
fitzpatrick17k_hf/images/img_8558.jpg,melanome,HAM_HAM_0007293,HAM10000,CC-BY-NC-4.0,
fitzpatrick17k_hf/images/img_8559.jpg,melanome,HAM_HAM_0006137,HAM10000,CC-BY-NC-4.0,
fitzpatrick17k_hf/images/img_8560.jpg,melanome,HAM_HAM_0006330,HAM10000,CC-BY-NC-4.0,
fitzpatrick17k_hf/images/img_8561.jpg,melanome,HAM_HAM_0000588,HAM10000,CC-BY-NC-4.0,
fitzpatrick17k_hf/images/img_8562.jpg,melanome,HAM_HAM_0001446,HAM10000,CC-BY-NC-4.0,
fitzpatrick17k_hf/images/img_8563.jpg,melanome,HAM_HAM_0002491,HAM10000,CC-BY-NC-4.0,
fitzpatrick17k_hf/images/img_8564.jpg,melanome,HAM_HAM_0007242,HAM10000,CC-BY-NC-4.0,
fitzpatrick17k_hf/images/img_8565.jpg,melanome,HAM_HAM_0001397,HAM10000,CC-BY-NC-4.0,
fitzpatrick17k_hf/images/img_8566.jpg,melanome,HAM_HAM_0004878,HAM10000,CC-BY-NC-4.0,
fitzpatrick17k_hf/images/img_8567.jpg,melanome,HAM_HAM_0002525,HAM10000,CC-BY-NC-4.0,
fitzpatrick17k_hf/images/img_8568.jpg,melanome,HAM_HAM_0003504,HAM10000,CC-BY-NC-4.0,
fitzpatrick17k_hf/images/img_8569.jpg,melanome,HAM_HAM_0002099,HAM10000,CC-BY-NC-4.0,
fitzpatrick17k_hf/images/img_8570.jpg,melanome,HAM_HAM_0002194,HAM10000,CC-BY-NC-4.0,
fitzpatrick17k_hf/images/img_8571.jpg,melanome,HAM_HAM_0005251,HAM10000,CC-BY-NC-4.0,
fitzpatrick17k_hf/images/img_8572.jpg,melanome,HAM_HAM_0003587,HAM10000,CC-BY-NC-4.0,
fitzpatrick17k_hf/images/img_8573.jpg,melanome,HAM_HAM_0004354,HAM10000,CC-BY-NC-4.0,
fitzpatrick17k_hf/images/img_8574.jpg,melanome,HAM_HAM_0007560,HAM10000,CC-BY-NC-4.0,
fitzpatrick17k_hf/images/img_8575.jpg,melanome,HAM_HAM_0002772,HAM10000,CC-BY-NC-4.0,
fitzpatrick17k_hf/images/img_8576.jpg,melanome,HAM_HAM_0007171,HAM10000,CC-BY-NC-4.0,
fitzpatrick17k_hf/images/img_8577.jpg,melanome,HAM_HAM_0000320,HAM10000,CC-BY-NC-4.0,
fitzpatrick17k_hf/images/img_8578.jpg,melanome,HAM_HAM_0002970,HAM10000,CC-BY-NC-4.0,
fitzpatrick17k_hf/images/img_8579.jpg,melanome,HAM_HAM_0007617,HAM10000,CC-BY-NC-4.0,
fitzpatrick17k_hf/images/img_8580.jpg,melanome,HAM_HAM_0003194,HAM10000,CC-BY-NC-4.0,
fitzpatrick17k_hf/images/img_8581.jpg,melanome,HAM_HAM_0001741,HAM10000,CC-BY-NC-4.0,
fitzpatrick17k_hf/images/img_8582.jpg,melanome,HAM_HAM_0000358,HAM10000,CC-BY-NC-4.0,
fitzpatrick17k_hf/images/img_8583.jpg,melanome,HAM_HAM_0003558,HAM10000,CC-BY-NC-4.0,
fitzpatrick17k_hf/images/img_8584.jpg,melanome,HAM_HAM_0005186,HAM10000,CC-BY-NC-4.0,
fitzpatrick17k_hf/images/img_8585.jpg,melanome,HAM_HAM_0004121,HAM10000,CC-BY-NC-4.0,
fitzpatrick17k_hf/images/img_8586.jpg,melanome,HAM_HAM_0006940,HAM10000,CC-BY-NC-4.0,
fitzpatrick17k_hf/images/img_8587.jpg,melanome,HAM_HAM_0000059,HAM10000,CC-BY-NC-4.0,
fitzpatrick17k_hf/images/img_8588.jpg,melanome,HAM_HAM_0007390,HAM10000,CC-BY-NC-4.0,
fitzpatrick17k_hf/images/img_8589.jpg,melanome,HAM_HAM_0002471,HAM10000,CC-BY-NC-4.0,
fitzpatrick17k_hf/images/img_8590.jpg,melanome,HAM_HAM_0004813,HAM10000,CC-BY-NC-4.0,
fitzpatrick17k_hf/images/img_8591.jpg,melanome,HAM_HAM_0005533,HAM10000,CC-BY-NC-4.0,
fitzpatrick17k_hf/images/img_8592.jpg,melanome,HAM_HAM_0004053,HAM10000,CC-BY-NC-4.0,
fitzpatrick17k_hf/images/img_8593.jpg,melanome,HAM_HAM_0005926,HAM10000,CC-BY-NC-4.0,
fitzpatrick17k_hf/images/img_8594.jpg,melanome,HAM_HAM_0001596,HAM10000,CC-BY-NC-4.0,
fitzpatrick17k_hf/images/img_8595.jpg,melanome,HAM_HAM_0000492,HAM10000,CC-BY-NC-4.0,
fitzpatrick17k_hf/images/img_8596.jpg,melanome,HAM_HAM_0002800,HAM10000,CC-BY-NC-4.0,
fitzpatrick17k_hf/images/img_8597.jpg,melanome,HAM_HAM_0005352,HAM10000,CC-BY-NC-4.0,
fitzpatrick17k_hf/images/img_8598.jpg,melanome,HAM_HAM_0001835,HAM10000,CC-BY-NC-4.0,
fitzpatrick17k_hf/images/img_8599.jpg,melanome,HAM_HAM_0003782,HAM10000,CC-BY-NC-4.0,
fitzpatrick17k_hf/images/img_8600.jpg,melanome,HAM_HAM_0005747,HAM10000,CC-BY-NC-4.0,
fitzpatrick17k_hf/images/img_8601.jpg,melanome,HAM_HAM_0003182,HAM10000,CC-BY-NC-4.0,
fitzpatrick17k_hf/images/img_8602.jpg,melanome,HAM_HAM_0004053,HAM10000,CC-BY-NC-4.0,
fitzpatrick17k_hf/images/img_8603.jpg,melanome,HAM_HAM_0004654,HAM10000,CC-BY-NC-4.0,
fitzpatrick17k_hf/images/img_8604.jpg,melanome,HAM_HAM_0005064,HAM10000,CC-BY-NC-4.0,
fitzpatrick17k_hf/images/img_8605.jpg,melanome,HAM_HAM_0007592,HAM10000,CC-BY-NC-4.0,
fitzpatrick17k_hf/images/img_8606.jpg,melanome,HAM_HAM_0000282,HAM10000,CC-BY-NC-4.0,
fitzpatrick17k_hf/images/img_8607.jpg,melanome,HAM_HAM_0006964,HAM10000,CC-BY-NC-4.0,
fitzpatrick17k_hf/images/img_8608.jpg,melanome,HAM_HAM_0002696,HAM10000,CC-BY-NC-4.0,
fitzpatrick17k_hf/images/img_8609.jpg,melanome,HAM_HAM_0007390,HAM10000,CC-BY-NC-4.0,
fitzpatrick17k_hf/images/img_8610.jpg,melanome,HAM_HAM_0006061,HAM10000,CC-BY-NC-4.0,
fitzpatrick17k_hf/images/img_8611.jpg,melanome,HAM_HAM_0004596,HAM10000,CC-BY-NC-4.0,
fitzpatrick17k_hf/images/img_8612.jpg,melanome,HAM_HAM_0000040,HAM10000,CC-BY-NC-4.0,
fitzpatrick17k_hf/images/img_8613.jpg,melanome,HAM_HAM_0001532,HAM10000,CC-BY-NC-4.0,
fitzpatrick17k_hf/images/img_8614.jpg,melanome,HAM_HAM_0005681,HAM10000,CC-BY-NC-4.0,
fitzpatrick17k_hf/images/img_8615.jpg,melanome,HAM_HAM_0002391,HAM10000,CC-BY-NC-4.0,
fitzpatrick17k_hf/images/img_8616.jpg,melanome,HAM_HAM_0005084,HAM10000,CC-BY-NC-4.0,
fitzpatrick17k_hf/images/img_8617.jpg,melanome,HAM_HAM_0003449,HAM10000,CC-BY-NC-4.0,
fitzpatrick17k_hf/images/img_8618.jpg,melanome,HAM_HAM_0004720,HAM10000,CC-BY-NC-4.0,
fitzpatrick17k_hf/images/img_8619.jpg,melanome,HAM_HAM_0006017,HAM10000,CC-BY-NC-4.0,
fitzpatrick17k_hf/images/img_8620.jpg,melanome,HAM_HAM_0003350,HAM10000,CC-BY-NC-4.0,
fitzpatrick17k_hf/images/img_8621.jpg,melanome,HAM_HAM_0006497,HAM10000,CC-BY-NC-4.0,
fitzpatrick17k_hf/images/img_8622.jpg,melanome,HAM_HAM_0006097,HAM10000,CC-BY-NC-4.0,
fitzpatrick17k_hf/images/img_8623.jpg,melanome,HAM_HAM_0004397,HAM10000,CC-BY-NC-4.0,
fitzpatrick17k_hf/images/img_8624.jpg,melanome,HAM_HAM_0004651,HAM10000,CC-BY-NC-4.0,
fitzpatrick17k_hf/images/img_8625.jpg,melanome,HAM_HAM_0002970,HAM10000,CC-BY-NC-4.0,
fitzpatrick17k_hf/images/img_8626.jpg,melanome,HAM_HAM_0003683,HAM10000,CC-BY-NC-4.0,
fitzpatrick17k_hf/images/img_8627.jpg,melanome,HAM_HAM_0000536,HAM10000,CC-BY-NC-4.0,
fitzpatrick17k_hf/images/img_8628.jpg,melanome,HAM_HAM_0006896,HAM10000,CC-BY-NC-4.0,
fitzpatrick17k_hf/images/img_8629.jpg,melanome,HAM_HAM_0006556,HAM10000,CC-BY-NC-4.0,
fitzpatrick17k_hf/images/img_8630.jpg,melanome,HAM_HAM_0000373,HAM10000,CC-BY-NC-4.0,
fitzpatrick17k_hf/images/img_8631.jpg,melanome,HAM_HAM_0001551,HAM10000,CC-BY-NC-4.0,
fitzpatrick17k_hf/images/img_8632.jpg,melanome,HAM_HAM_0002375,HAM10000,CC-BY-NC-4.0,
fitzpatrick17k_hf/images/img_8633.jpg,melanome,HAM_HAM_0005504,HAM10000,CC-BY-NC-4.0,
fitzpatrick17k_hf/images/img_8634.jpg,melanome,HAM_HAM_0004483,HAM10000,CC-BY-NC-4.0,
fitzpatrick17k_hf/images/img_8635.jpg,melanome,HAM_HAM_0005747,HAM10000,CC-BY-NC-4.0,
fitzpatrick17k_hf/images/img_8636.jpg,melanome,HAM_HAM_0003601,HAM10000,CC-BY-NC-4.0,
fitzpatrick17k_hf/images/img_8637.jpg,melanome,HAM_HAM_0002906,HAM10000,CC-BY-NC-4.0,
fitzpatrick17k_hf/images/img_8638.jpg,melanome,HAM_HAM_0007091,HAM10000,CC-BY-NC-4.0,
fitzpatrick17k_hf/images/img_8639.jpg,melanome,HAM_HAM_0003885,HAM10000,CC-BY-NC-4.0,
fitzpatrick17k_hf/images/img_8640.jpg,melanome,HAM_HAM_0004565,HAM10000,CC-BY-NC-4.0,
fitzpatrick17k_hf/images/img_8641.jpg,melanome,HAM_HAM_0006942,HAM10000,CC-BY-NC-4.0,
fitzpatrick17k_hf/images/img_8642.jpg,melanome,HAM_HAM_0006764,HAM10000,CC-BY-NC-4.0,
fitzpatrick17k_hf/images/img_8643.jpg,melanome,HAM_HAM_0002391,HAM10000,CC-BY-NC-4.0,
fitzpatrick17k_hf/images/img_8644.jpg,melanome,HAM_HAM_0007620,HAM10000,CC-BY-NC-4.0,
fitzpatrick17k_hf/images/img_8645.jpg,melanome,HAM_HAM_0002534,HAM10000,CC-BY-NC-4.0,
fitzpatrick17k_hf/images/img_8646.jpg,melanome,HAM_HAM_0006467,HAM10000,CC-BY-NC-4.0,
fitzpatrick17k_hf/images/img_8647.jpg,melanome,HAM_HAM_0005742,HAM10000,CC-BY-NC-4.0,
fitzpatrick17k_hf/images/img_8648.jpg,melanome,HAM_HAM_0005642,HAM10000,CC-BY-NC-4.0,
fitzpatrick17k_hf/images/img_8649.jpg,melanome,HAM_HAM_0006355,HAM10000,CC-BY-NC-4.0,
fitzpatrick17k_hf/images/img_8650.jpg,melanome,HAM_HAM_0002430,HAM10000,CC-BY-NC-4.0,
fitzpatrick17k_hf/images/img_8651.jpg,melanome,HAM_HAM_0004980,HAM10000,CC-BY-NC-4.0,
fitzpatrick17k_hf/images/img_8652.jpg,melanome,HAM_HAM_0006004,HAM10000,CC-BY-NC-4.0,
fitzpatrick17k_hf/images/img_8653.jpg,melanome,HAM_HAM_0004364,HAM10000,CC-BY-NC-4.0,
fitzpatrick17k_hf/images/img_8654.jpg,melanome,HAM_HAM_0005203,HAM10000,CC-BY-NC-4.0,
fitzpatrick17k_hf/images/img_8655.jpg,melanome,HAM_HAM_0000099,HAM10000,CC-BY-NC-4.0,
fitzpatrick17k_hf/images/img_8656.jpg,melanome,HAM_HAM_0003622,HAM10000,CC-BY-NC-4.0,
fitzpatrick17k_hf/images/img_8657.jpg,melanome,HAM_HAM_0006870,HAM10000,CC-BY-NC-4.0,
fitzpatrick17k_hf/images/img_8658.jpg,melanome,HAM_HAM_0000910,HAM10000,CC-BY-NC-4.0,
fitzpatrick17k_hf/images/img_8659.jpg,melanome,HAM_HAM_0000059,HAM10000,CC-BY-NC-4.0,
fitzpatrick17k_hf/images/img_8660.jpg,melanome,HAM_HAM_0003509,HAM10000,CC-BY-NC-4.0,
fitzpatrick17k_hf/images/img_8661.jpg,melanome,HAM_HAM_0007016,HAM10000,CC-BY-NC-4.0,
fitzpatrick17k_hf/images/img_8662.jpg,melanome,HAM_HAM_0000320,HAM10000,CC-BY-NC-4.0,
fitzpatrick17k_hf/images/img_8663.jpg,melanome,HAM_HAM_0004784,HAM10000,CC-BY-NC-4.0,
fitzpatrick17k_hf/images/img_8664.jpg,melanome,HAM_HAM_0000563,HAM10000,CC-BY-NC-4.0,
fitzpatrick17k_hf/images/img_8665.jpg,melanome,HAM_HAM_0007522,HAM10000,CC-BY-NC-4.0,
fitzpatrick17k_hf/images/img_8666.jpg,melanome,HAM_HAM_0001791,HAM10000,CC-BY-NC-4.0,
fitzpatrick17k_hf/images/img_8667.jpg,melanome,HAM_HAM_0000125,HAM10000,CC-BY-NC-4.0,
fitzpatrick17k_hf/images/img_8668.jpg,melanome,HAM_HAM_0003484,HAM10000,CC-BY-NC-4.0,
fitzpatrick17k_hf/images/img_8669.jpg,melanome,HAM_HAM_0000910,HAM10000,CC-BY-NC-4.0,
fitzpatrick17k_hf/images/img_8670.jpg,melanome,HAM_HAM_0001202,HAM10000,CC-BY-NC-4.0,
fitzpatrick17k_hf/images/img_8671.jpg,melanome,HAM_HAM_0007522,HAM10000,CC-BY-NC-4.0,
fitzpatrick17k_hf/images/img_8672.jpg,melanome,HAM_HAM_0007243,HAM10000,CC-BY-NC-4.0,
fitzpatrick17k_hf/images/img_8673.jpg,melanome,HAM_HAM_0005789,HAM10000,CC-BY-NC-4.0,
fitzpatrick17k_hf/images/img_8674.jpg,melanome,HAM_HAM_0000796,HAM10000,CC-BY-NC-4.0,
fitzpatrick17k_hf/images/img_8675.jpg,melanome,HAM_HAM_0006636,HAM10000,CC-BY-NC-4.0,
fitzpatrick17k_hf/images/img_8676.jpg,melanome,HAM_HAM_0004979,HAM10000,CC-BY-NC-4.0,
fitzpatrick17k_hf/images/img_8677.jpg,melanome,HAM_HAM_0000136,HAM10000,CC-BY-NC-4.0,
fitzpatrick17k_hf/images/img_8678.jpg,melanome,HAM_HAM_0001811,HAM10000,CC-BY-NC-4.0,
fitzpatrick17k_hf/images/img_8679.jpg,melanome,HAM_HAM_0003504,HAM10000,CC-BY-NC-4.0,
fitzpatrick17k_hf/images/img_8680.jpg,melanome,HAM_HAM_0006037,HAM10000,CC-BY-NC-4.0,
fitzpatrick17k_hf/images/img_8681.jpg,melanome,HAM_HAM_0005678,HAM10000,CC-BY-NC-4.0,
fitzpatrick17k_hf/images/img_8682.jpg,melanome,HAM_HAM_0002981,HAM10000,CC-BY-NC-4.0,
fitzpatrick17k_hf/images/img_8683.jpg,melanome,HAM_HAM_0002338,HAM10000,CC-BY-NC-4.0,
fitzpatrick17k_hf/images/img_8684.jpg,melanome,HAM_HAM_0000814,HAM10000,CC-BY-NC-4.0,
fitzpatrick17k_hf/images/img_8685.jpg,melanome,HAM_HAM_0002430,HAM10000,CC-BY-NC-4.0,
fitzpatrick17k_hf/images/img_8686.jpg,melanome,HAM_HAM_0004850,HAM10000,CC-BY-NC-4.0,
fitzpatrick17k_hf/images/img_8687.jpg,melanome,HAM_HAM_0005911,HAM10000,CC-BY-NC-4.0,
fitzpatrick17k_hf/images/img_8688.jpg,melanome,HAM_HAM_0003176,HAM10000,CC-BY-NC-4.0,
fitzpatrick17k_hf/images/img_8689.jpg,melanome,HAM_HAM_0007498,HAM10000,CC-BY-NC-4.0,
fitzpatrick17k_hf/images/img_8690.jpg,melanome,HAM_HAM_0005927,HAM10000,CC-BY-NC-4.0,
fitzpatrick17k_hf/images/img_8691.jpg,melanome,HAM_HAM_0005064,HAM10000,CC-BY-NC-4.0,
fitzpatrick17k_hf/images/img_8692.jpg,melanome,HAM_HAM_0001741,HAM10000,CC-BY-NC-4.0,
fitzpatrick17k_hf/images/img_8693.jpg,melanome,HAM_HAM_0005557,HAM10000,CC-BY-NC-4.0,
fitzpatrick17k_hf/images/img_8694.jpg,melanome,HAM_HAM_0004559,HAM10000,CC-BY-NC-4.0,
fitzpatrick17k_hf/images/img_8695.jpg,melanome,HAM_HAM_0001349,HAM10000,CC-BY-NC-4.0,
fitzpatrick17k_hf/images/img_8696.jpg,melanome,HAM_HAM_0003608,HAM10000,CC-BY-NC-4.0,
fitzpatrick17k_hf/images/img_8697.jpg,melanome,HAM_HAM_0004767,HAM10000,CC-BY-NC-4.0,
fitzpatrick17k_hf/images/img_8698.jpg,melanome,HAM_HAM_0004709,HAM10000,CC-BY-NC-4.0,
fitzpatrick17k_hf/images/img_8699.jpg,melanome,HAM_HAM_0007238,HAM10000,CC-BY-NC-4.0,
fitzpatrick17k_hf/images/img_8700.jpg,melanome,HAM_HAM_0005752,HAM10000,CC-BY-NC-4.0,
fitzpatrick17k_hf/images/img_8701.jpg,melanome,HAM_HAM_0001729,HAM10000,CC-BY-NC-4.0,
fitzpatrick17k_hf/images/img_8702.jpg,melanome,HAM_HAM_0002471,HAM10000,CC-BY-NC-4.0,
fitzpatrick17k_hf/images/img_8703.jpg,melanome,HAM_HAM_0006423,HAM10000,CC-BY-NC-4.0,
fitzpatrick17k_hf/images/img_8704.jpg,melanome,HAM_HAM_0001747,HAM10000,CC-BY-NC-4.0,
fitzpatrick17k_hf/images/img_8705.jpg,melanome,HAM_HAM_0007558,HAM10000,CC-BY-NC-4.0,
fitzpatrick17k_hf/images/img_8706.jpg,melanome,HAM_HAM_0007310,HAM10000,CC-BY-NC-4.0,
fitzpatrick17k_hf/images/img_8707.jpg,melanome,HAM_HAM_0000796,HAM10000,CC-BY-NC-4.0,
fitzpatrick17k_hf/images/img_8708.jpg,melanome,HAM_HAM_0007114,HAM10000,CC-BY-NC-4.0,
fitzpatrick17k_hf/images/img_8709.jpg,melanome,HAM_HAM_0001328,HAM10000,CC-BY-NC-4.0,
fitzpatrick17k_hf/images/img_8710.jpg,melanome,HAM_HAM_0000492,HAM10000,CC-BY-NC-4.0,
fitzpatrick17k_hf/images/img_8711.jpg,melanome,HAM_HAM_0002099,HAM10000,CC-BY-NC-4.0,
fitzpatrick17k_hf/images/img_8712.jpg,melanome,HAM_HAM_0002186,HAM10000,CC-BY-NC-4.0,
fitzpatrick17k_hf/images/img_8713.jpg,melanome,HAM_HAM_0002491,HAM10000,CC-BY-NC-4.0,
fitzpatrick17k_hf/images/img_8714.jpg,melanome,HAM_HAM_0004676,HAM10000,CC-BY-NC-4.0,
fitzpatrick17k_hf/images/img_8715.jpg,melanome,HAM_HAM_0000396,HAM10000,CC-BY-NC-4.0,
fitzpatrick17k_hf/images/img_8716.jpg,melanome,HAM_HAM_0005785,HAM10000,CC-BY-NC-4.0,
fitzpatrick17k_hf/images/img_8717.jpg,melanome,HAM_HAM_0003534,HAM10000,CC-BY-NC-4.0,
fitzpatrick17k_hf/images/img_8718.jpg,melanome,HAM_HAM_0005084,HAM10000,CC-BY-NC-4.0,
fitzpatrick17k_hf/images/img_8719.jpg,melanome,HAM_HAM_0001607,HAM10000,CC-BY-NC-4.0,
fitzpatrick17k_hf/images/img_8720.jpg,melanome,HAM_HAM_0003350,HAM10000,CC-BY-NC-4.0,
fitzpatrick17k_hf/images/img_8721.jpg,melanome,HAM_HAM_0003212,HAM10000,CC-BY-NC-4.0,
fitzpatrick17k_hf/images/img_8722.jpg,melanome,HAM_HAM_0001793,HAM10000,CC-BY-NC-4.0,
fitzpatrick17k_hf/images/img_8723.jpg,melanome,HAM_HAM_0000856,HAM10000,CC-BY-NC-4.0,
fitzpatrick17k_hf/images/img_8724.jpg,melanome,HAM_HAM_0004669,HAM10000,CC-BY-NC-4.0,
fitzpatrick17k_hf/images/img_8725.jpg,melanome,HAM_HAM_0000133,HAM10000,CC-BY-NC-4.0,
fitzpatrick17k_hf/images/img_8726.jpg,melanome,HAM_HAM_0005624,HAM10000,CC-BY-NC-4.0,
fitzpatrick17k_hf/images/img_8727.jpg,melanome,HAM_HAM_0001814,HAM10000,CC-BY-NC-4.0,
fitzpatrick17k_hf/images/img_8728.jpg,melanome,HAM_HAM_0001811,HAM10000,CC-BY-NC-4.0,
fitzpatrick17k_hf/images/img_8729.jpg,melanome,HAM_HAM_0004302,HAM10000,CC-BY-NC-4.0,
fitzpatrick17k_hf/images/img_8730.jpg,melanome,HAM_HAM_0004720,HAM10000,CC-BY-NC-4.0,
fitzpatrick17k_hf/images/img_8731.jpg,melanome,HAM_HAM_0007102,HAM10000,CC-BY-NC-4.0,
fitzpatrick17k_hf/images/img_8732.jpg,melanome,HAM_HAM_0004622,HAM10000,CC-BY-NC-4.0,
fitzpatrick17k_hf/images/img_8733.jpg,melanome,HAM_HAM_0006423,HAM10000,CC-BY-NC-4.0,
fitzpatrick17k_hf/images/img_8734.jpg,melanome,HAM_HAM_0003330,HAM10000,CC-BY-NC-4.0,
fitzpatrick17k_hf/images/img_8735.jpg,melanome,HAM_HAM_0002197,HAM10000,CC-BY-NC-4.0,
fitzpatrick17k_hf/images/img_8736.jpg,melanome,HAM_HAM_0006380,HAM10000,CC-BY-NC-4.0,
fitzpatrick17k_hf/images/img_8737.jpg,melanome,HAM_HAM_0000878,HAM10000,CC-BY-NC-4.0,
fitzpatrick17k_hf/images/img_8738.jpg,melanome,HAM_HAM_0006088,HAM10000,CC-BY-NC-4.0,
fitzpatrick17k_hf/images/img_8739.jpg,melanome,HAM_HAM_0004746,HAM10000,CC-BY-NC-4.0,
fitzpatrick17k_hf/images/img_8740.jpg,melanome,HAM_HAM_0004354,HAM10000,CC-BY-NC-4.0,
fitzpatrick17k_hf/images/img_8741.jpg,melanome,HAM_HAM_0000125,HAM10000,CC-BY-NC-4.0,
fitzpatrick17k_hf/images/img_8742.jpg,melanome,HAM_HAM_0006006,HAM10000,CC-BY-NC-4.0,
fitzpatrick17k_hf/images/img_8743.jpg,melanome,HAM_HAM_0006779,HAM10000,CC-BY-NC-4.0,
fitzpatrick17k_hf/images/img_8744.jpg,melanome,HAM_HAM_0000062,HAM10000,CC-BY-NC-4.0,
fitzpatrick17k_hf/images/img_8745.jpg,melanome,HAM_HAM_0002109,HAM10000,CC-BY-NC-4.0,
fitzpatrick17k_hf/images/img_8746.jpg,melanome,HAM_HAM_0001069,HAM10000,CC-BY-NC-4.0,
fitzpatrick17k_hf/images/img_8747.jpg,melanome,HAM_HAM_0000863,HAM10000,CC-BY-NC-4.0,
fitzpatrick17k_hf/images/img_8748.jpg,melanome,HAM_HAM_0006635,HAM10000,CC-BY-NC-4.0,
fitzpatrick17k_hf/images/img_8749.jpg,melanome,HAM_HAM_0006739,HAM10000,CC-BY-NC-4.0,
fitzpatrick17k_hf/images/img_8750.jpg,melanome,HAM_HAM_0006832,HAM10000,CC-BY-NC-4.0,
fitzpatrick17k_hf/images/img_8751.jpg,melanome,HAM_HAM_0006208,HAM10000,CC-BY-NC-4.0,
fitzpatrick17k_hf/images/img_8752.jpg,melanome,HAM_HAM_0000588,HAM10000,CC-BY-NC-4.0,
fitzpatrick17k_hf/images/img_8753.jpg,melanome,HAM_HAM_0002591,HAM10000,CC-BY-NC-4.0,
fitzpatrick17k_hf/images/img_8754.jpg,melanome,HAM_HAM_0004281,HAM10000,CC-BY-NC-4.0,
fitzpatrick17k_hf/images/img_8755.jpg,melanome,HAM_HAM_0001910,HAM10000,CC-BY-NC-4.0,
fitzpatrick17k_hf/images/img_8756.jpg,melanome,HAM_HAM_0005328,HAM10000,CC-BY-NC-4.0,
fitzpatrick17k_hf/images/img_8757.jpg,melanome,HAM_HAM_0003400,HAM10000,CC-BY-NC-4.0,
fitzpatrick17k_hf/images/img_8758.jpg,melanome,HAM_HAM_0005481,HAM10000,CC-BY-NC-4.0,
fitzpatrick17k_hf/images/img_8759.jpg,melanome,HAM_HAM_0004980,HAM10000,CC-BY-NC-4.0,
fitzpatrick17k_hf/images/img_8760.jpg,melanome,HAM_HAM_0004746,HAM10000,CC-BY-NC-4.0,
fitzpatrick17k_hf/images/img_8761.jpg,melanome,HAM_HAM_0003182,HAM10000,CC-BY-NC-4.0,
fitzpatrick17k_hf/images/img_8762.jpg,melanome,HAM_HAM_0002719,HAM10000,CC-BY-NC-4.0,
fitzpatrick17k_hf/images/img_8763.jpg,melanome,HAM_HAM_0004878,HAM10000,CC-BY-NC-4.0,
fitzpatrick17k_hf/images/img_8764.jpg,melanome,HAM_HAM_0006453,HAM10000,CC-BY-NC-4.0,
fitzpatrick17k_hf/images/img_8765.jpg,melanome,HAM_HAM_0000624,HAM10000,CC-BY-NC-4.0,
fitzpatrick17k_hf/images/img_8766.jpg,melanome,HAM_HAM_0004427,HAM10000,CC-BY-NC-4.0,
fitzpatrick17k_hf/images/img_8767.jpg,melanome,HAM_HAM_0006527,HAM10000,CC-BY-NC-4.0,
fitzpatrick17k_hf/images/img_8768.jpg,melanome,HAM_HAM_0002079,HAM10000,CC-BY-NC-4.0,
fitzpatrick17k_hf/images/img_8769.jpg,melanome,HAM_HAM_0007488,HAM10000,CC-BY-NC-4.0,
fitzpatrick17k_hf/images/img_8770.jpg,melanome,HAM_HAM_0006692,HAM10000,CC-BY-NC-4.0,
fitzpatrick17k_hf/images/img_8771.jpg,melanome,HAM_HAM_0000396,HAM10000,CC-BY-NC-4.0,
fitzpatrick17k_hf/images/img_8772.jpg,melanome,HAM_HAM_0000319,HAM10000,CC-BY-NC-4.0,
fitzpatrick17k_hf/images/img_8773.jpg,melanome,HAM_HAM_0002955,HAM10000,CC-BY-NC-4.0,
fitzpatrick17k_hf/images/img_8774.jpg,melanome,HAM_HAM_0004153,HAM10000,CC-BY-NC-4.0,
fitzpatrick17k_hf/images/img_8775.jpg,melanome,HAM_HAM_0001598,HAM10000,CC-BY-NC-4.0,
fitzpatrick17k_hf/images/img_8776.jpg,melanome,HAM_HAM_0003449,HAM10000,CC-BY-NC-4.0,
fitzpatrick17k_hf/images/img_8777.jpg,melanome,HAM_HAM_0001272,HAM10000,CC-BY-NC-4.0,
fitzpatrick17k_hf/images/img_8778.jpg,melanome,HAM_HAM_0005783,HAM10000,CC-BY-NC-4.0,
fitzpatrick17k_hf/images/img_8779.jpg,melanome,HAM_HAM_0002911,HAM10000,CC-BY-NC-4.0,
fitzpatrick17k_hf/images/img_8780.jpg,melanome,HAM_HAM_0001726,HAM10000,CC-BY-NC-4.0,
fitzpatrick17k_hf/images/img_8781.jpg,melanome,HAM_HAM_0006978,HAM10000,CC-BY-NC-4.0,
fitzpatrick17k_hf/images/img_8782.jpg,melanome,HAM_HAM_0002609,HAM10000,CC-BY-NC-4.0,
fitzpatrick17k_hf/images/img_8783.jpg,melanome,HAM_HAM_0005315,HAM10000,CC-BY-NC-4.0,
fitzpatrick17k_hf/images/img_8784.jpg,melanome,HAM_HAM_0003330,HAM10000,CC-BY-NC-4.0,
fitzpatrick17k_hf/images/img_8785.jpg,melanome,HAM_HAM_0001744,HAM10000,CC-BY-NC-4.0,
fitzpatrick17k_hf/images/img_8786.jpg,melanome,HAM_HAM_0005400,HAM10000,CC-BY-NC-4.0,
fitzpatrick17k_hf/images/img_8787.jpg,melanome,HAM_HAM_0006433,HAM10000,CC-BY-NC-4.0,
fitzpatrick17k_hf/images/img_8788.jpg,melanome,HAM_HAM_0006538,HAM10000,CC-BY-NC-4.0,
fitzpatrick17k_hf/images/img_8789.jpg,melanome,HAM_HAM_0002391,HAM10000,CC-BY-NC-4.0,
fitzpatrick17k_hf/images/img_8790.jpg,melanome,HAM_HAM_0005719,HAM10000,CC-BY-NC-4.0,
fitzpatrick17k_hf/images/img_8791.jpg,melanome,HAM_HAM_0007019,HAM10000,CC-BY-NC-4.0,
fitzpatrick17k_hf/images/img_8792.jpg,melanome,HAM_HAM_0001796,HAM10000,CC-BY-NC-4.0,
fitzpatrick17k_hf/images/img_8793.jpg,melanome,HAM_HAM_0004898,HAM10000,CC-BY-NC-4.0,
fitzpatrick17k_hf/images/img_8794.jpg,melanome,HAM_HAM_0002817,HAM10000,CC-BY-NC-4.0,
fitzpatrick17k_hf/images/img_8795.jpg,melanome,HAM_HAM_0003617,HAM10000,CC-BY-NC-4.0,
fitzpatrick17k_hf/images/img_8796.jpg,melanome,HAM_HAM_0004784,HAM10000,CC-BY-NC-4.0,
fitzpatrick17k_hf/images/img_8797.jpg,melanome,HAM_HAM_0000645,HAM10000,CC-BY-NC-4.0,
fitzpatrick17k_hf/images/img_8798.jpg,melanome,HAM_HAM_0002534,HAM10000,CC-BY-NC-4.0,
fitzpatrick17k_hf/images/img_8799.jpg,melanome,HAM_HAM_0007165,HAM10000,CC-BY-NC-4.0,
fitzpatrick17k_hf/images/img_8800.jpg,melanome,HAM_HAM_0003683,HAM10000,CC-BY-NC-4.0,
fitzpatrick17k_hf/images/img_8801.jpg,melanome,HAM_HAM_0005719,HAM10000,CC-BY-NC-4.0,
fitzpatrick17k_hf/images/img_8802.jpg,melanome,HAM_HAM_0002130,HAM10000,CC-BY-NC-4.0,
fitzpatrick17k_hf/images/img_8803.jpg,melanome,HAM_HAM_0006152,HAM10000,CC-BY-NC-4.0,
fitzpatrick17k_hf/images/img_8804.jpg,melanome,HAM_HAM_0005986,HAM10000,CC-BY-NC-4.0,
fitzpatrick17k_hf/images/img_8805.jpg,melanome,HAM_HAM_0001747,HAM10000,CC-BY-NC-4.0,
fitzpatrick17k_hf/images/img_8806.jpg,melanome,HAM_HAM_0005121,HAM10000,CC-BY-NC-4.0,
fitzpatrick17k_hf/images/img_8807.jpg,melanome,HAM_HAM_0003700,HAM10000,CC-BY-NC-4.0,
fitzpatrick17k_hf/images/img_8808.jpg,melanome,HAM_HAM_0006692,HAM10000,CC-BY-NC-4.0,
fitzpatrick17k_hf/images/img_8809.jpg,melanome,HAM_HAM_0006964,HAM10000,CC-BY-NC-4.0,
fitzpatrick17k_hf/images/img_8810.jpg,melanome,HAM_HAM_0004643,HAM10000,CC-BY-NC-4.0,
fitzpatrick17k_hf/images/img_8811.jpg,melanome,HAM_HAM_0006832,HAM10000,CC-BY-NC-4.0,
fitzpatrick17k_hf/images/img_8812.jpg,melanome,HAM_HAM_0001703,HAM10000,CC-BY-NC-4.0,
fitzpatrick17k_hf/images/img_8813.jpg,melanome,HAM_HAM_0005425,HAM10000,CC-BY-NC-4.0,
fitzpatrick17k_hf/images/img_8814.jpg,melanome,HAM_HAM_0004936,HAM10000,CC-BY-NC-4.0,
fitzpatrick17k_hf/images/img_8815.jpg,melanome,HAM_HAM_0004102,HAM10000,CC-BY-NC-4.0,
fitzpatrick17k_hf/images/img_8816.jpg,melanome,HAM_HAM_0003225,HAM10000,CC-BY-NC-4.0,
fitzpatrick17k_hf/images/img_8817.jpg,melanome,HAM_HAM_0003782,HAM10000,CC-BY-NC-4.0,
fitzpatrick17k_hf/images/img_8818.jpg,melanome,HAM_HAM_0001596,HAM10000,CC-BY-NC-4.0,
fitzpatrick17k_hf/images/img_8819.jpg,melanome,HAM_HAM_0007586,HAM10000,CC-BY-NC-4.0,
fitzpatrick17k_hf/images/img_8820.jpg,melanome,HAM_HAM_0002113,HAM10000,CC-BY-NC-4.0,
fitzpatrick17k_hf/images/img_8821.jpg,melanome,HAM_HAM_0006257,HAM10000,CC-BY-NC-4.0,
fitzpatrick17k_hf/images/img_8822.jpg,melanome,HAM_HAM_0000492,HAM10000,CC-BY-NC-4.0,
fitzpatrick17k_hf/images/img_8823.jpg,melanome,HAM_HAM_0006635,HAM10000,CC-BY-NC-4.0,
fitzpatrick17k_hf/images/img_8824.jpg,melanome,HAM_HAM_0000856,HAM10000,CC-BY-NC-4.0,
fitzpatrick17k_hf/images/img_8825.jpg,melanome,HAM_HAM_0006699,HAM10000,CC-BY-NC-4.0,
fitzpatrick17k_hf/images/img_8826.jpg,melanome,HAM_HAM_0001266,HAM10000,CC-BY-NC-4.0,
fitzpatrick17k_hf/images/img_8827.jpg,melanome,HAM_HAM_0007171,HAM10000,CC-BY-NC-4.0,
fitzpatrick17k_hf/images/img_8828.jpg,melanome,HAM_HAM_0006626,HAM10000,CC-BY-NC-4.0,
fitzpatrick17k_hf/images/img_8829.jpg,melanome,HAM_HAM_0007305,HAM10000,CC-BY-NC-4.0,
fitzpatrick17k_hf/images/img_8830.jpg,melanome,HAM_HAM_0000766,HAM10000,CC-BY-NC-4.0,
fitzpatrick17k_hf/images/img_8831.jpg,melanome,HAM_HAM_0004507,HAM10000,CC-BY-NC-4.0,
fitzpatrick17k_hf/images/img_8832.jpg,melanome,HAM_HAM_0001835,HAM10000,CC-BY-NC-4.0,
fitzpatrick17k_hf/images/img_8833.jpg,melanome,HAM_HAM_0005746,HAM10000,CC-BY-NC-4.0,
fitzpatrick17k_hf/images/img_8834.jpg,melanome,HAM_HAM_0005742,HAM10000,CC-BY-NC-4.0,
fitzpatrick17k_hf/images/img_8835.jpg,melanome,HAM_HAM_0007102,HAM10000,CC-BY-NC-4.0,
fitzpatrick17k_hf/images/img_8836.jpg,melanome,HAM_HAM_0005724,HAM10000,CC-BY-NC-4.0,
fitzpatrick17k_hf/images/img_8837.jpg,melanome,HAM_HAM_0006207,HAM10000,CC-BY-NC-4.0,
fitzpatrick17k_hf/images/img_8838.jpg,melanome,HAM_HAM_0007242,HAM10000,CC-BY-NC-4.0,
fitzpatrick17k_hf/images/img_8839.jpg,melanome,HAM_HAM_0004126,HAM10000,CC-BY-NC-4.0,
fitzpatrick17k_hf/images/img_8840.jpg,melanome,HAM_HAM_0006900,HAM10000,CC-BY-NC-4.0,
fitzpatrick17k_hf/images/img_8841.jpg,melanome,HAM_HAM_0005746,HAM10000,CC-BY-NC-4.0,
fitzpatrick17k_hf/images/img_8842.jpg,melanome,HAM_HAM_0007620,HAM10000,CC-BY-NC-4.0,
fitzpatrick17k_hf/images/img_8843.jpg,melanome,HAM_HAM_0001531,HAM10000,CC-BY-NC-4.0,
fitzpatrick17k_hf/images/img_8844.jpg,melanome,HAM_HAM_0004888,HAM10000,CC-BY-NC-4.0,
fitzpatrick17k_hf/images/img_8845.jpg,melanome,HAM_HAM_0001655,HAM10000,CC-BY-NC-4.0,
fitzpatrick17k_hf/images/img_8846.jpg,melanome,HAM_HAM_0005557,HAM10000,CC-BY-NC-4.0,
fitzpatrick17k_hf/images/img_8847.jpg,melanome,HAM_HAM_0003171,HAM10000,CC-BY-NC-4.0,
fitzpatrick17k_hf/images/img_8848.jpg,melanome,HAM_HAM_0003558,HAM10000,CC-BY-NC-4.0,
fitzpatrick17k_hf/images/img_8849.jpg,melanome,HAM_HAM_0001203,HAM10000,CC-BY-NC-4.0,
fitzpatrick17k_hf/images/img_8850.jpg,melanome,HAM_HAM_0005124,HAM10000,CC-BY-NC-4.0,
fitzpatrick17k_hf/images/img_8851.jpg,melanome,HAM_HAM_0005911,HAM10000,CC-BY-NC-4.0,
fitzpatrick17k_hf/images/img_8852.jpg,melanome,HAM_HAM_0006253,HAM10000,CC-BY-NC-4.0,
fitzpatrick17k_hf/images/img_8853.jpg,melanome,HAM_HAM_0005532,HAM10000,CC-BY-NC-4.0,
fitzpatrick17k_hf/images/img_8854.jpg,melanome,HAM_HAM_0002622,HAM10000,CC-BY-NC-4.0,
fitzpatrick17k_hf/images/img_8855.jpg,melanome,HAM_HAM_0006453,HAM10000,CC-BY-NC-4.0,
fitzpatrick17k_hf/images/img_8856.jpg,melanome,HAM_HAM_0004126,HAM10000,CC-BY-NC-4.0,
fitzpatrick17k_hf/images/img_8857.jpg,melanome,HAM_HAM_0005642,HAM10000,CC-BY-NC-4.0,
fitzpatrick17k_hf/images/img_8858.jpg,melanome,HAM_HAM_0000375,HAM10000,CC-BY-NC-4.0,
fitzpatrick17k_hf/images/img_8859.jpg,melanome,HAM_HAM_0003149,HAM10000,CC-BY-NC-4.0,
fitzpatrick17k_hf/images/img_8860.jpg,melanome,HAM_HAM_0002817,HAM10000,CC-BY-NC-4.0,
fitzpatrick17k_hf/images/img_8861.jpg,melanome,HAM_HAM_0004047,HAM10000,CC-BY-NC-4.0,
fitzpatrick17k_hf/images/img_8862.jpg,melanome,HAM_HAM_0003315,HAM10000,CC-BY-NC-4.0,
fitzpatrick17k_hf/images/img_8863.jpg,melanome,HAM_HAM_0005095,HAM10000,CC-BY-NC-4.0,
fitzpatrick17k_hf/images/img_8864.jpg,melanome,HAM_HAM_0004853,HAM10000,CC-BY-NC-4.0,
fitzpatrick17k_hf/images/img_8865.jpg,melanome,HAM_HAM_0005481,HAM10000,CC-BY-NC-4.0,
fitzpatrick17k_hf/images/img_8866.jpg,melanome,HAM_HAM_0000220,HAM10000,CC-BY-NC-4.0,
fitzpatrick17k_hf/images/img_8867.jpg,melanome,HAM_HAM_0002764,HAM10000,CC-BY-NC-4.0,
fitzpatrick17k_hf/images/img_8868.jpg,melanome,HAM_HAM_0005640,HAM10000,CC-BY-NC-4.0,
fitzpatrick17k_hf/images/img_8869.jpg,melanome,HAM_HAM_0000917,HAM10000,CC-BY-NC-4.0,
fitzpatrick17k_hf/images/img_8870.jpg,melanome,HAM_HAM_0000337,HAM10000,CC-BY-NC-4.0,
fitzpatrick17k_hf/images/img_8871.jpg,melanome,HAM_HAM_0004476,HAM10000,CC-BY-NC-4.0,
fitzpatrick17k_hf/images/img_8872.jpg,melanome,HAM_HAM_0002509,HAM10000,CC-BY-NC-4.0,
fitzpatrick17k_hf/images/img_8873.jpg,melanome,HAM_HAM_0006722,HAM10000,CC-BY-NC-4.0,
fitzpatrick17k_hf/images/img_8874.jpg,melanome,HAM_HAM_0003031,HAM10000,CC-BY-NC-4.0,
fitzpatrick17k_hf/images/img_8875.jpg,melanome,HAM_HAM_0001150,HAM10000,CC-BY-NC-4.0,
fitzpatrick17k_hf/images/img_8876.jpg,melanome,HAM_HAM_0000887,HAM10000,CC-BY-NC-4.0,
fitzpatrick17k_hf/images/img_8877.jpg,melanome,HAM_HAM_0000517,HAM10000,CC-BY-NC-4.0,
fitzpatrick17k_hf/images/img_8878.jpg,melanome,HAM_HAM_0006833,HAM10000,CC-BY-NC-4.0,
fitzpatrick17k_hf/images/img_8879.jpg,melanome,HAM_HAM_0006522,HAM10000,CC-BY-NC-4.0,
fitzpatrick17k_hf/images/img_8880.jpg,melanome,HAM_HAM_0002182,HAM10000,CC-BY-NC-4.0,
fitzpatrick17k_hf/images/img_8881.jpg,melanome,HAM_HAM_0002897,HAM10000,CC-BY-NC-4.0,
fitzpatrick17k_hf/images/img_8882.jpg,melanome,HAM_HAM_0005613,HAM10000,CC-BY-NC-4.0,
fitzpatrick17k_hf/images/img_8883.jpg,melanome,HAM_HAM_0002032,HAM10000,CC-BY-NC-4.0,
fitzpatrick17k_hf/images/img_8884.jpg,melanome,HAM_HAM_0002613,HAM10000,CC-BY-NC-4.0,
fitzpatrick17k_hf/images/img_8885.jpg,melanome,HAM_HAM_0005623,HAM10000,CC-BY-NC-4.0,
fitzpatrick17k_hf/images/img_8886.jpg,melanome,HAM_HAM_0000871,HAM10000,CC-BY-NC-4.0,
fitzpatrick17k_hf/images/img_8887.jpg,melanome,HAM_HAM_0003957,HAM10000,CC-BY-NC-4.0,
fitzpatrick17k_hf/images/img_8888.jpg,melanome,HAM_HAM_0004397,HAM10000,CC-BY-NC-4.0,
fitzpatrick17k_hf/images/img_8889.jpg,melanome,HAM_HAM_0000952,HAM10000,CC-BY-NC-4.0,
fitzpatrick17k_hf/images/img_8890.jpg,melanome,HAM_HAM_0004164,HAM10000,CC-BY-NC-4.0,
fitzpatrick17k_hf/images/img_8891.jpg,melanome,HAM_HAM_0006380,HAM10000,CC-BY-NC-4.0,
fitzpatrick17k_hf/images/img_8892.jpg,melanome,HAM_HAM_0007502,HAM10000,CC-BY-NC-4.0,
fitzpatrick17k_hf/images/img_8893.jpg,melanome,HAM_HAM_0003176,HAM10000,CC-BY-NC-4.0,
fitzpatrick17k_hf/images/img_8894.jpg,melanome,HAM_HAM_0001353,HAM10000,CC-BY-NC-4.0,
fitzpatrick17k_hf/images/img_8895.jpg,melanome,HAM_HAM_0005624,HAM10000,CC-BY-NC-4.0,
fitzpatrick17k_hf/images/img_8896.jpg,melanome,HAM_HAM_0005078,HAM10000,CC-BY-NC-4.0,
fitzpatrick17k_hf/images/img_8897.jpg,melanome,HAM_HAM_0003601,HAM10000,CC-BY-NC-4.0,
fitzpatrick17k_hf/images/img_8898.jpg,melanome,HAM_HAM_0001913,HAM10000,CC-BY-NC-4.0,
fitzpatrick17k_hf/images/img_8899.jpg,melanome,HAM_HAM_0002838,HAM10000,CC-BY-NC-4.0,
fitzpatrick17k_hf/images/img_8900.jpg,melanome,HAM_HAM_0000330,HAM10000,CC-BY-NC-4.0,
fitzpatrick17k_hf/images/img_8901.jpg,melanome,HAM_HAM_0001456,HAM10000,CC-BY-NC-4.0,
fitzpatrick17k_hf/images/img_8902.jpg,melanome,HAM_HAM_0001069,HAM10000,CC-BY-NC-4.0,
fitzpatrick17k_hf/images/img_8903.jpg,melanome,HAM_HAM_0004326,HAM10000,CC-BY-NC-4.0,
fitzpatrick17k_hf/images/img_8904.jpg,melanome,HAM_HAM_0001847,HAM10000,CC-BY-NC-4.0,
fitzpatrick17k_hf/images/img_8905.jpg,melanome,HAM_HAM_0002131,HAM10000,CC-BY-NC-4.0,
fitzpatrick17k_hf/images/img_8906.jpg,melanome,HAM_HAM_0001598,HAM10000,CC-BY-NC-4.0,
fitzpatrick17k_hf/images/img_8907.jpg,melanome,HAM_HAM_0003530,HAM10000,CC-BY-NC-4.0,
fitzpatrick17k_hf/images/img_8908.jpg,melanome,HAM_HAM_0000241,HAM10000,CC-BY-NC-4.0,
fitzpatrick17k_hf/images/img_8909.jpg,melanome,HAM_HAM_0006160,HAM10000,CC-BY-NC-4.0,
fitzpatrick17k_hf/images/img_8910.jpg,melanome,HAM_HAM_0000590,HAM10000,CC-BY-NC-4.0,
fitzpatrick17k_hf/images/img_8911.jpg,melanome,HAM_HAM_0003497,HAM10000,CC-BY-NC-4.0,
fitzpatrick17k_hf/images/img_8912.jpg,melanome,HAM_HAM_0002131,HAM10000,CC-BY-NC-4.0,
fitzpatrick17k_hf/images/img_8913.jpg,melanome,HAM_HAM_0000517,HAM10000,CC-BY-NC-4.0,
fitzpatrick17k_hf/images/img_8914.jpg,melanome,HAM_HAM_0005752,HAM10000,CC-BY-NC-4.0,
fitzpatrick17k_hf/images/img_8915.jpg,melanome,HAM_HAM_0005678,HAM10000,CC-BY-NC-4.0,
fitzpatrick17k_hf/images/img_8916.jpg,melanome,HAM_HAM_0002911,HAM10000,CC-BY-NC-4.0,
fitzpatrick17k_hf/images/img_8917.jpg,melanome,HAM_HAM_0000888,HAM10000,CC-BY-NC-4.0,
fitzpatrick17k_hf/images/img_8918.jpg,melanome,HAM_HAM_0005826,HAM10000,CC-BY-NC-4.0,
fitzpatrick17k_hf/images/img_8919.jpg,melanome,HAM_HAM_0004596,HAM10000,CC-BY-NC-4.0,
fitzpatrick17k_hf/images/img_8920.jpg,melanome,HAM_HAM_0006900,HAM10000,CC-BY-NC-4.0,
fitzpatrick17k_hf/images/img_8921.jpg,melanome,HAM_HAM_0005006,HAM10000,CC-BY-NC-4.0,
fitzpatrick17k_hf/images/img_8922.jpg,melanome,HAM_HAM_0005191,HAM10000,CC-BY-NC-4.0,
fitzpatrick17k_hf/images/img_8923.jpg,melanome,HAM_HAM_0000988,HAM10000,CC-BY-NC-4.0,
fitzpatrick17k_hf/images/img_8924.jpg,melanome,HAM_HAM_0006214,HAM10000,CC-BY-NC-4.0,
fitzpatrick17k_hf/images/img_8925.jpg,melanome,HAM_HAM_0004164,HAM10000,CC-BY-NC-4.0,
fitzpatrick17k_hf/images/img_8926.jpg,melanome,HAM_HAM_0001299,HAM10000,CC-BY-NC-4.0,
fitzpatrick17k_hf/images/img_8927.jpg,melanome,HAM_HAM_0000375,HAM10000,CC-BY-NC-4.0,
fitzpatrick17k_hf/images/img_8928.jpg,melanome,HAM_HAM_0000767,HAM10000,CC-BY-NC-4.0,
fitzpatrick17k_hf/images/img_8929.jpg,melanome,HAM_HAM_0006832,HAM10000,CC-BY-NC-4.0,
fitzpatrick17k_hf/images/img_8930.jpg,melanome,HAM_HAM_0004547,HAM10000,CC-BY-NC-4.0,
fitzpatrick17k_hf/images/img_8931.jpg,melanome,HAM_HAM_0001744,HAM10000,CC-BY-NC-4.0,
fitzpatrick17k_hf/images/img_8932.jpg,melanome,HAM_HAM_0003435,HAM10000,CC-BY-NC-4.0,
fitzpatrick17k_hf/images/img_8933.jpg,melanome,HAM_HAM_0002576,HAM10000,CC-BY-NC-4.0,
fitzpatrick17k_hf/images/img_8934.jpg,melanome,HAM_HAM_0000531,HAM10000,CC-BY-NC-4.0,
fitzpatrick17k_hf/images/img_8935.jpg,melanome,HAM_HAM_0000022,HAM10000,CC-BY-NC-4.0,
fitzpatrick17k_hf/images/img_8936.jpg,melanome,HAM_HAM_0000417,HAM10000,CC-BY-NC-4.0,
fitzpatrick17k_hf/images/img_8937.jpg,melanome,HAM_HAM_0002591,HAM10000,CC-BY-NC-4.0,
fitzpatrick17k_hf/images/img_8938.jpg,melanome,HAM_HAM_0000593,HAM10000,CC-BY-NC-4.0,
fitzpatrick17k_hf/images/img_8939.jpg,melanome,HAM_HAM_0000060,HAM10000,CC-BY-NC-4.0,
fitzpatrick17k_hf/images/img_8940.jpg,melanome,HAM_HAM_0000201,HAM10000,CC-BY-NC-4.0,
fitzpatrick17k_hf/images/img_8941.jpg,melanome,HAM_HAM_0003782,HAM10000,CC-BY-NC-4.0,
fitzpatrick17k_hf/images/img_8942.jpg,melanome,HAM_HAM_0006380,HAM10000,CC-BY-NC-4.0,
fitzpatrick17k_hf/images/img_8943.jpg,melanome,HAM_HAM_0000274,HAM10000,CC-BY-NC-4.0,
fitzpatrick17k_hf/images/img_8944.jpg,melanome,HAM_HAM_0007238,HAM10000,CC-BY-NC-4.0,
fitzpatrick17k_hf/images/img_8945.jpg,melanome,HAM_HAM_0001953,HAM10000,CC-BY-NC-4.0,
fitzpatrick17k_hf/images/img_8946.jpg,melanome,HAM_HAM_0006722,HAM10000,CC-BY-NC-4.0,
fitzpatrick17k_hf/images/img_8947.jpg,melanome,HAM_HAM_0001202,HAM10000,CC-BY-NC-4.0,
fitzpatrick17k_hf/images/img_8948.jpg,melanome,HAM_HAM_0001657,HAM10000,CC-BY-NC-4.0,
fitzpatrick17k_hf/images/img_8949.jpg,melanome,HAM_HAM_0007188,HAM10000,CC-BY-NC-4.0,
fitzpatrick17k_hf/images/img_8950.jpg,melanome,HAM_HAM_0007229,HAM10000,CC-BY-NC-4.0,
fitzpatrick17k_hf/images/img_8951.jpg,melanome,HAM_HAM_0002693,HAM10000,CC-BY-NC-4.0,
fitzpatrick17k_hf/images/img_8952.jpg,melanome,HAM_HAM_0000433,HAM10000,CC-BY-NC-4.0,
fitzpatrick17k_hf/images/img_8953.jpg,melanome,HAM_HAM_0006744,HAM10000,CC-BY-NC-4.0,
fitzpatrick17k_hf/images/img_8954.jpg,melanome,HAM_HAM_0000442,HAM10000,CC-BY-NC-4.0,
fitzpatrick17k_hf/images/img_8955.jpg,melanome,HAM_HAM_0001671,HAM10000,CC-BY-NC-4.0,
fitzpatrick17k_hf/images/img_8956.jpg,melanome,HAM_HAM_0005381,HAM10000,CC-BY-NC-4.0,
fitzpatrick17k_hf/images/img_8957.jpg,melanome,HAM_HAM_0004607,HAM10000,CC-BY-NC-4.0,
fitzpatrick17k_hf/images/img_8958.jpg,melanome,HAM_HAM_0000775,HAM10000,CC-BY-NC-4.0,
fitzpatrick17k_hf/images/img_8959.jpg,melanome,HAM_HAM_0006130,HAM10000,CC-BY-NC-4.0,
fitzpatrick17k_hf/images/img_8960.jpg,melanome,HAM_HAM_0000282,HAM10000,CC-BY-NC-4.0,
fitzpatrick17k_hf/images/img_8961.jpg,melanome,HAM_HAM_0002011,HAM10000,CC-BY-NC-4.0,
fitzpatrick17k_hf/images/img_8962.jpg,melanome,HAM_HAM_0000863,HAM10000,CC-BY-NC-4.0,
fitzpatrick17k_hf/images/img_8963.jpg,melanome,HAM_HAM_0006400,HAM10000,CC-BY-NC-4.0,
fitzpatrick17k_hf/images/img_8964.jpg,melanome,HAM_HAM_0001671,HAM10000,CC-BY-NC-4.0,
fitzpatrick17k_hf/images/img_8965.jpg,melanome,HAM_HAM_0003534,HAM10000,CC-BY-NC-4.0,
fitzpatrick17k_hf/images/img_8966.jpg,melanome,HAM_HAM_0003509,HAM10000,CC-BY-NC-4.0,
fitzpatrick17k_hf/images/img_8967.jpg,melanome,HAM_HAM_0001284,HAM10000,CC-BY-NC-4.0,
fitzpatrick17k_hf/images/img_8968.jpg,melanome,HAM_HAM_0002051,HAM10000,CC-BY-NC-4.0,
fitzpatrick17k_hf/images/img_8969.jpg,melanome,HAM_HAM_0002711,HAM10000,CC-BY-NC-4.0,
fitzpatrick17k_hf/images/img_8970.jpg,melanome,HAM_HAM_0003957,HAM10000,CC-BY-NC-4.0,
fitzpatrick17k_hf/images/img_8971.jpg,melanome,HAM_HAM_0000536,HAM10000,CC-BY-NC-4.0,
fitzpatrick17k_hf/images/img_8972.jpg,melanome,HAM_HAM_0007420,HAM10000,CC-BY-NC-4.0,
fitzpatrick17k_hf/images/img_8973.jpg,melanome,HAM_HAM_0001113,HAM10000,CC-BY-NC-4.0,
fitzpatrick17k_hf/images/img_8974.jpg,melanome,HAM_HAM_0002772,HAM10000,CC-BY-NC-4.0,
fitzpatrick17k_hf/images/img_8975.jpg,melanome,HAM_HAM_0000136,HAM10000,CC-BY-NC-4.0,
fitzpatrick17k_hf/images/img_8976.jpg,melanome,HAM_HAM_0005692,HAM10000,CC-BY-NC-4.0,
fitzpatrick17k_hf/images/img_8977.jpg,melanome,HAM_HAM_0007538,HAM10000,CC-BY-NC-4.0,
fitzpatrick17k_hf/images/img_8978.jpg,melanome,HAM_HAM_0000060,HAM10000,CC-BY-NC-4.0,
fitzpatrick17k_hf/images/img_8979.jpg,melanome,HAM_HAM_0004081,HAM10000,CC-BY-NC-4.0,
fitzpatrick17k_hf/images/img_8980.jpg,melanome,HAM_HAM_0006433,HAM10000,CC-BY-NC-4.0,
fitzpatrick17k_hf/images/img_8981.jpg,melanome,HAM_HAM_0002182,HAM10000,CC-BY-NC-4.0,
fitzpatrick17k_hf/images/img_8982.jpg,melanome,HAM_HAM_0006828,HAM10000,CC-BY-NC-4.0,
fitzpatrick17k_hf/images/img_8983.jpg,melanome,HAM_HAM_0003531,HAM10000,CC-BY-NC-4.0,
fitzpatrick17k_hf/images/img_8984.jpg,melanome,HAM_HAM_0007368,HAM10000,CC-BY-NC-4.0,
fitzpatrick17k_hf/images/img_8985.jpg,melanome,HAM_HAM_0003194,HAM10000,CC-BY-NC-4.0,
fitzpatrick17k_hf/images/img_8986.jpg,melanome,HAM_HAM_0004637,HAM10000,CC-BY-NC-4.0,
fitzpatrick17k_hf/images/img_8987.jpg,melanome,HAM_HAM_0004643,HAM10000,CC-BY-NC-4.0,
fitzpatrick17k_hf/images/img_8988.jpg,melanome,HAM_HAM_0005697,HAM10000,CC-BY-NC-4.0,
fitzpatrick17k_hf/images/img_8989.jpg,melanome,HAM_HAM_0002609,HAM10000,CC-BY-NC-4.0,
fitzpatrick17k_hf/images/img_8990.jpg,melanome,HAM_HAM_0004593,HAM10000,CC-BY-NC-4.0,
fitzpatrick17k_hf/images/img_8991.jpg,melanome,HAM_HAM_0005555,HAM10000,CC-BY-NC-4.0,
fitzpatrick17k_hf/images/img_8992.jpg,melanome,HAM_HAM_0005078,HAM10000,CC-BY-NC-4.0,
fitzpatrick17k_hf/images/img_8993.jpg,melanome,HAM_HAM_0005789,HAM10000,CC-BY-NC-4.0,
fitzpatrick17k_hf/images/img_8994.jpg,melanome,HAM_HAM_0006739,HAM10000,CC-BY-NC-4.0,
fitzpatrick17k_hf/images/img_8995.jpg,melanome,HAM_HAM_0002834,HAM10000,CC-BY-NC-4.0,
fitzpatrick17k_hf/images/img_8996.jpg,melanome,HAM_HAM_0002430,HAM10000,CC-BY-NC-4.0,
fitzpatrick17k_hf/images/img_8997.jpg,melanome,HAM_HAM_0001964,HAM10000,CC-BY-NC-4.0,
fitzpatrick17k_hf/images/img_8998.jpg,melanome,HAM_HAM_0003869,HAM10000,CC-BY-NC-4.0,
fitzpatrick17k_hf/images/img_8999.jpg,melanome,HAM_HAM_0006651,HAM10000,CC-BY-NC-4.0,
fitzpatrick17k_hf/images/img_9000.jpg,melanome,HAM_HAM_0000006,HAM10000,CC-BY-NC-4.0,
fitzpatrick17k_hf/images/img_9001.jpg,melanome,HAM_HAM_0006214,HAM10000,CC-BY-NC-4.0,
fitzpatrick17k_hf/images/img_9002.jpg,melanome,HAM_HAM_0007070,HAM10000,CC-BY-NC-4.0,
fitzpatrick17k_hf/images/img_9003.jpg,melanome,HAM_HAM_0003400,HAM10000,CC-BY-NC-4.0,
fitzpatrick17k_hf/images/img_9004.jpg,melanome,HAM_HAM_0005789,HAM10000,CC-BY-NC-4.0,
fitzpatrick17k_hf/images/img_9005.jpg,melanome,HAM_HAM_0000513,HAM10000,CC-BY-NC-4.0,
fitzpatrick17k_hf/images/img_9006.jpg,melanome,HAM_HAM_0007454,HAM10000,CC-BY-NC-4.0,
fitzpatrick17k_hf/images/img_9007.jpg,melanome,HAM_HAM_0005315,HAM10000,CC-BY-NC-4.0,
fitzpatrick17k_hf/images/img_9008.jpg,melanome,HAM_HAM_0003521,HAM10000,CC-BY-NC-4.0,
fitzpatrick17k_hf/images/img_9009.jpg,melanome,HAM_HAM_0000152,HAM10000,CC-BY-NC-4.0,
fitzpatrick17k_hf/images/img_9010.jpg,melanome,HAM_HAM_0004979,HAM10000,CC-BY-NC-4.0,
fitzpatrick17k_hf/images/img_9011.jpg,melanome,HAM_HAM_0002119,HAM10000,CC-BY-NC-4.0,
fitzpatrick17k_hf/images/img_9012.jpg,melanome,HAM_HAM_0003521,HAM10000,CC-BY-NC-4.0,
fitzpatrick17k_hf/images/img_9013.jpg,melanome,HAM_HAM_0002714,HAM10000,CC-BY-NC-4.0,
fitzpatrick17k_hf/images/img_9014.jpg,melanome,HAM_HAM_0003256,HAM10000,CC-BY-NC-4.0,
fitzpatrick17k_hf/images/img_9015.jpg,melanome,HAM_HAM_0006223,HAM10000,CC-BY-NC-4.0,
fitzpatrick17k_hf/images/img_9016.jpg,melanome,HAM_HAM_0003802,HAM10000,CC-BY-NC-4.0,
fitzpatrick17k_hf/images/img_9017.jpg,melanome,HAM_HAM_0000099,HAM10000,CC-BY-NC-4.0,
fitzpatrick17k_hf/images/img_9018.jpg,melanome,HAM_HAM_0004813,HAM10000,CC-BY-NC-4.0,
fitzpatrick17k_hf/images/img_9019.jpg,melanome,HAM_HAM_0000125,HAM10000,CC-BY-NC-4.0,
fitzpatrick17k_hf/images/img_9020.jpg,melanome,HAM_HAM_0003102,HAM10000,CC-BY-NC-4.0,
fitzpatrick17k_hf/images/img_9021.jpg,melanome,HAM_HAM_0000876,HAM10000,CC-BY-NC-4.0,
fitzpatrick17k_hf/images/img_9022.jpg,melanome,HAM_HAM_0006803,HAM10000,CC-BY-NC-4.0,
fitzpatrick17k_hf/images/img_9023.jpg,melanome,HAM_HAM_0002115,HAM10000,CC-BY-NC-4.0,
fitzpatrick17k_hf/images/img_9024.jpg,melanome,HAM_HAM_0003055,HAM10000,CC-BY-NC-4.0,
fitzpatrick17k_hf/images/img_9025.jpg,melanome,HAM_HAM_0001819,HAM10000,CC-BY-NC-4.0,
fitzpatrick17k_hf/images/img_9026.jpg,melanome,HAM_HAM_0001349,HAM10000,CC-BY-NC-4.0,
fitzpatrick17k_hf/images/img_9027.jpg,melanome,HAM_HAM_0006942,HAM10000,CC-BY-NC-4.0,
fitzpatrick17k_hf/images/img_9028.jpg,melanome,HAM_HAM_0005504,HAM10000,CC-BY-NC-4.0,
fitzpatrick17k_hf/images/img_9029.jpg,melanome,HAM_HAM_0005328,HAM10000,CC-BY-NC-4.0,
fitzpatrick17k_hf/images/img_9030.jpg,melanome,HAM_HAM_0007343,HAM10000,CC-BY-NC-4.0,
fitzpatrick17k_hf/images/img_9031.jpg,melanome,HAM_HAM_0006908,HAM10000,CC-BY-NC-4.0,
fitzpatrick17k_hf/images/img_9032.jpg,melanome,HAM_HAM_0001274,HAM10000,CC-BY-NC-4.0,
fitzpatrick17k_hf/images/img_9033.jpg,melanome,HAM_HAM_0005061,HAM10000,CC-BY-NC-4.0,
fitzpatrick17k_hf/images/img_9034.jpg,melanome,HAM_HAM_0001744,HAM10000,CC-BY-NC-4.0,
fitzpatrick17k_hf/images/img_9035.jpg,melanome,HAM_HAM_0001791,HAM10000,CC-BY-NC-4.0,
fitzpatrick17k_hf/images/img_9036.jpg,melanome,HAM_HAM_0003335,HAM10000,CC-BY-NC-4.0,
fitzpatrick17k_hf/images/img_9037.jpg,melanome,HAM_HAM_0003620,HAM10000,CC-BY-NC-4.0,
fitzpatrick17k_hf/images/img_9038.jpg,melanome,HAM_HAM_0004240,HAM10000,CC-BY-NC-4.0,
fitzpatrick17k_hf/images/img_9039.jpg,melanome,HAM_HAM_0005303,HAM10000,CC-BY-NC-4.0,
fitzpatrick17k_hf/images/img_9040.jpg,melanome,HAM_HAM_0005249,HAM10000,CC-BY-NC-4.0,
fitzpatrick17k_hf/images/img_9041.jpg,melanome,HAM_HAM_0005409,HAM10000,CC-BY-NC-4.0,
fitzpatrick17k_hf/images/img_9042.jpg,melanome,HAM_HAM_0004405,HAM10000,CC-BY-NC-4.0,
fitzpatrick17k_hf/images/img_9043.jpg,melanome,HAM_HAM_0003602,HAM10000,CC-BY-NC-4.0,
fitzpatrick17k_hf/images/img_9044.jpg,melanome,HAM_HAM_0006566,HAM10000,CC-BY-NC-4.0,
fitzpatrick17k_hf/images/img_9045.jpg,melanome,HAM_HAM_0001928,HAM10000,CC-BY-NC-4.0,
fitzpatrick17k_hf/images/img_9046.jpg,melanome,HAM_HAM_0000388,HAM10000,CC-BY-NC-4.0,
fitzpatrick17k_hf/images/img_9047.jpg,melanome,HAM_HAM_0002993,HAM10000,CC-BY-NC-4.0,
fitzpatrick17k_hf/images/img_9048.jpg,melanome,HAM_HAM_0000179,HAM10000,CC-BY-NC-4.0,
fitzpatrick17k_hf/images/img_9049.jpg,melanome,HAM_HAM_0001105,HAM10000,CC-BY-NC-4.0,
fitzpatrick17k_hf/images/img_9050.jpg,melanome,HAM_HAM_0000709,HAM10000,CC-BY-NC-4.0,
fitzpatrick17k_hf/images/img_9051.jpg,melanome,HAM_HAM_0000321,HAM10000,CC-BY-NC-4.0,
fitzpatrick17k_hf/images/img_9052.jpg,melanome,HAM_HAM_0002235,HAM10000,CC-BY-NC-4.0,
fitzpatrick17k_hf/images/img_9053.jpg,melanome,HAM_HAM_0000006,HAM10000,CC-BY-NC-4.0,
fitzpatrick17k_hf/images/img_9054.jpg,melanome,HAM_HAM_0005758,HAM10000,CC-BY-NC-4.0,
fitzpatrick17k_hf/images/img_9055.jpg,melanome,HAM_HAM_0006923,HAM10000,CC-BY-NC-4.0,
fitzpatrick17k_hf/images/img_9056.jpg,melanome,HAM_HAM_0001863,HAM10000,CC-BY-NC-4.0,
fitzpatrick17k_hf/images/img_9057.jpg,melanome,HAM_HAM_0005992,HAM10000,CC-BY-NC-4.0,
fitzpatrick17k_hf/images/img_9058.jpg,melanome,HAM_HAM_0006545,HAM10000,CC-BY-NC-4.0,
fitzpatrick17k_hf/images/img_9059.jpg,melanome,HAM_HAM_0004811,HAM10000,CC-BY-NC-4.0,
fitzpatrick17k_hf/images/img_9060.jpg,melanome,HAM_HAM_0000064,HAM10000,CC-BY-NC-4.0,
fitzpatrick17k_hf/images/img_9061.jpg,melanome,HAM_HAM_0003083,HAM10000,CC-BY-NC-4.0,
fitzpatrick17k_hf/images/img_9062.jpg,melanome,HAM_HAM_0006802,HAM10000,CC-BY-NC-4.0,
fitzpatrick17k_hf/images/img_9063.jpg,melanome,HAM_HAM_0006101,HAM10000,CC-BY-NC-4.0,
fitzpatrick17k_hf/images/img_9064.jpg,melanome,HAM_HAM_0000002,HAM10000,CC-BY-NC-4.0,
fitzpatrick17k_hf/images/img_9065.jpg,melanome,HAM_HAM_0004129,HAM10000,CC-BY-NC-4.0,
fitzpatrick17k_hf/images/img_9066.jpg,melanome,HAM_HAM_0005953,HAM10000,CC-BY-NC-4.0,
fitzpatrick17k_hf/images/img_9067.jpg,melanome,HAM_HAM_0000483,HAM10000,CC-BY-NC-4.0,
fitzpatrick17k_hf/images/img_9068.jpg,melanome,HAM_HAM_0003759,HAM10000,CC-BY-NC-4.0,
fitzpatrick17k_hf/images/img_9069.jpg,melanome,HAM_HAM_0002956,HAM10000,CC-BY-NC-4.0,
fitzpatrick17k_hf/images/img_9070.jpg,melanome,HAM_HAM_0005711,HAM10000,CC-BY-NC-4.0,
fitzpatrick17k_hf/images/img_9071.jpg,melanome,HAM_HAM_0002488,HAM10000,CC-BY-NC-4.0,
fitzpatrick17k_hf/images/img_9072.jpg,melanome,HAM_HAM_0002841,HAM10000,CC-BY-NC-4.0,
fitzpatrick17k_hf/images/img_9073.jpg,melanome,HAM_HAM_0006923,HAM10000,CC-BY-NC-4.0,
fitzpatrick17k_hf/images/img_9074.jpg,melanome,HAM_HAM_0003386,HAM10000,CC-BY-NC-4.0,
fitzpatrick17k_hf/images/img_9075.jpg,melanome,HAM_HAM_0006517,HAM10000,CC-BY-NC-4.0,
fitzpatrick17k_hf/images/img_9076.jpg,melanome,HAM_HAM_0003566,HAM10000,CC-BY-NC-4.0,
fitzpatrick17k_hf/images/img_9077.jpg,melanome,HAM_HAM_0005608,HAM10000,CC-BY-NC-4.0,
fitzpatrick17k_hf/images/img_9078.jpg,melanome,HAM_HAM_0001344,HAM10000,CC-BY-NC-4.0,
fitzpatrick17k_hf/images/img_9079.jpg,melanome,HAM_HAM_0000706,HAM10000,CC-BY-NC-4.0,
fitzpatrick17k_hf/images/img_9080.jpg,melanome,HAM_HAM_0004853,HAM10000,CC-BY-NC-4.0,
fitzpatrick17k_hf/images/img_9081.jpg,melanome,HAM_HAM_0001686,HAM10000,CC-BY-NC-4.0,
fitzpatrick17k_hf/images/img_9082.jpg,melanome,HAM_HAM_0001465,HAM10000,CC-BY-NC-4.0,
fitzpatrick17k_hf/images/img_9083.jpg,melanome,HAM_HAM_0004284,HAM10000,CC-BY-NC-4.0,
fitzpatrick17k_hf/images/img_9084.jpg,melanome,HAM_HAM_0000553,HAM10000,CC-BY-NC-4.0,
fitzpatrick17k_hf/images/img_9085.jpg,melanome,HAM_HAM_0003202,HAM10000,CC-BY-NC-4.0,
fitzpatrick17k_hf/images/img_9086.jpg,melanome,HAM_HAM_0005368,HAM10000,CC-BY-NC-4.0,
fitzpatrick17k_hf/images/img_9087.jpg,melanome,HAM_HAM_0005992,HAM10000,CC-BY-NC-4.0,
fitzpatrick17k_hf/images/img_9088.jpg,melanome,HAM_HAM_0004811,HAM10000,CC-BY-NC-4.0,
fitzpatrick17k_hf/images/img_9089.jpg,melanome,HAM_HAM_0007180,HAM10000,CC-BY-NC-4.0,
fitzpatrick17k_hf/images/img_9090.jpg,melanome,HAM_HAM_0000321,HAM10000,CC-BY-NC-4.0,
fitzpatrick17k_hf/images/img_9091.jpg,melanome,HAM_HAM_0003202,HAM10000,CC-BY-NC-4.0,
fitzpatrick17k_hf/images/img_9092.jpg,melanome,HAM_HAM_0007163,HAM10000,CC-BY-NC-4.0,
fitzpatrick17k_hf/images/img_9093.jpg,melanome,HAM_HAM_0005274,HAM10000,CC-BY-NC-4.0,
fitzpatrick17k_hf/images/img_9094.jpg,melanome,HAM_HAM_0000048,HAM10000,CC-BY-NC-4.0,
fitzpatrick17k_hf/images/img_9095.jpg,melanome,HAM_HAM_0005303,HAM10000,CC-BY-NC-4.0,
fitzpatrick17k_hf/images/img_9096.jpg,melanome,HAM_HAM_0004754,HAM10000,CC-BY-NC-4.0,
fitzpatrick17k_hf/images/img_9097.jpg,melanome,HAM_HAM_0001863,HAM10000,CC-BY-NC-4.0,
fitzpatrick17k_hf/images/img_9098.jpg,melanome,HAM_HAM_0005970,HAM10000,CC-BY-NC-4.0,
fitzpatrick17k_hf/images/img_9099.jpg,melanome,HAM_HAM_0002488,HAM10000,CC-BY-NC-4.0,
fitzpatrick17k_hf/images/img_9100.jpg,melanome,HAM_HAM_0001863,HAM10000,CC-BY-NC-4.0,
fitzpatrick17k_hf/images/img_9101.jpg,melanome,HAM_HAM_0005748,HAM10000,CC-BY-NC-4.0,
fitzpatrick17k_hf/images/img_9102.jpg,melanome,HAM_HAM_0006886,HAM10000,CC-BY-NC-4.0,
fitzpatrick17k_hf/images/img_9103.jpg,melanome,HAM_HAM_0005893,HAM10000,CC-BY-NC-4.0,
fitzpatrick17k_hf/images/img_9104.jpg,melanome,HAM_HAM_0003073,HAM10000,CC-BY-NC-4.0,
fitzpatrick17k_hf/images/img_9105.jpg,melanome,HAM_HAM_0003679,HAM10000,CC-BY-NC-4.0,
fitzpatrick17k_hf/images/img_9106.jpg,melanome,HAM_HAM_0003280,HAM10000,CC-BY-NC-4.0,
fitzpatrick17k_hf/images/img_9107.jpg,melanome,HAM_HAM_0000388,HAM10000,CC-BY-NC-4.0,
fitzpatrick17k_hf/images/img_9108.jpg,melanome,HAM_HAM_0006376,HAM10000,CC-BY-NC-4.0,
fitzpatrick17k_hf/images/img_9109.jpg,melanome,HAM_HAM_0002004,HAM10000,CC-BY-NC-4.0,
fitzpatrick17k_hf/images/img_9110.jpg,melanome,HAM_HAM_0001863,HAM10000,CC-BY-NC-4.0,
fitzpatrick17k_hf/images/img_9111.jpg,melanome,HAM_HAM_0000176,HAM10000,CC-BY-NC-4.0,
fitzpatrick17k_hf/images/img_9112.jpg,melanome,HAM_HAM_0003495,HAM10000,CC-BY-NC-4.0,
fitzpatrick17k_hf/images/img_9113.jpg,melanome,HAM_HAM_0007245,HAM10000,CC-BY-NC-4.0,
fitzpatrick17k_hf/images/img_9114.jpg,melanome,HAM_HAM_0003625,HAM10000,CC-BY-NC-4.0,
fitzpatrick17k_hf/images/img_9115.jpg,melanome,HAM_HAM_0004984,HAM10000,CC-BY-NC-4.0,
fitzpatrick17k_hf/images/img_9116.jpg,melanome,HAM_HAM_0006802,HAM10000,CC-BY-NC-4.0,
fitzpatrick17k_hf/images/img_9117.jpg,melanome,HAM_HAM_0002939,HAM10000,CC-BY-NC-4.0,
fitzpatrick17k_hf/images/img_9118.jpg,melanome,HAM_HAM_0003354,HAM10000,CC-BY-NC-4.0,
fitzpatrick17k_hf/images/img_9119.jpg,melanome,HAM_HAM_0005608,HAM10000,CC-BY-NC-4.0,
fitzpatrick17k_hf/images/img_9120.jpg,melanome,HAM_HAM_0004881,HAM10000,CC-BY-NC-4.0,
fitzpatrick17k_hf/images/img_9121.jpg,melanome,HAM_HAM_0001524,HAM10000,CC-BY-NC-4.0,
fitzpatrick17k_hf/images/img_9122.jpg,melanome,HAM_HAM_0002342,HAM10000,CC-BY-NC-4.0,
fitzpatrick17k_hf/images/img_9123.jpg,melanome,HAM_HAM_0000706,HAM10000,CC-BY-NC-4.0,
fitzpatrick17k_hf/images/img_9124.jpg,melanome,HAM_HAM_0004927,HAM10000,CC-BY-NC-4.0,
fitzpatrick17k_hf/images/img_9125.jpg,melanome,HAM_HAM_0006426,HAM10000,CC-BY-NC-4.0,
fitzpatrick17k_hf/images/img_9126.jpg,melanome,HAM_HAM_0002342,HAM10000,CC-BY-NC-4.0,
fitzpatrick17k_hf/images/img_9127.jpg,melanome,HAM_HAM_0001734,HAM10000,CC-BY-NC-4.0,
fitzpatrick17k_hf/images/img_9128.jpg,melanome,HAM_HAM_0002552,HAM10000,CC-BY-NC-4.0,
fitzpatrick17k_hf/images/img_9129.jpg,melanome,HAM_HAM_0004687,HAM10000,CC-BY-NC-4.0,
fitzpatrick17k_hf/images/img_9130.jpg,melanome,HAM_HAM_0005628,HAM10000,CC-BY-NC-4.0,
fitzpatrick17k_hf/images/img_9131.jpg,melanome,HAM_HAM_0000064,HAM10000,CC-BY-NC-4.0,
fitzpatrick17k_hf/images/img_9132.jpg,melanome,HAM_HAM_0000169,HAM10000,CC-BY-NC-4.0,
fitzpatrick17k_hf/images/img_9133.jpg,melanome,HAM_HAM_0005483,HAM10000,CC-BY-NC-4.0,
fitzpatrick17k_hf/images/img_9134.jpg,melanome,HAM_HAM_0001272,HAM10000,CC-BY-NC-4.0,
fitzpatrick17k_hf/images/img_9135.jpg,melanome,HAM_HAM_0005409,HAM10000,CC-BY-NC-4.0,
fitzpatrick17k_hf/images/img_9136.jpg,melanome,HAM_HAM_0001647,HAM10000,CC-BY-NC-4.0,
fitzpatrick17k_hf/images/img_9137.jpg,melanome,HAM_HAM_0006330,HAM10000,CC-BY-NC-4.0,
fitzpatrick17k_hf/images/img_9138.jpg,melanome,HAM_HAM_0004949,HAM10000,CC-BY-NC-4.0,
fitzpatrick17k_hf/images/img_9139.jpg,melanome,HAM_HAM_0002841,HAM10000,CC-BY-NC-4.0,
fitzpatrick17k_hf/images/img_9140.jpg,melanome,HAM_HAM_0005636,HAM10000,CC-BY-NC-4.0,
fitzpatrick17k_hf/images/img_9141.jpg,melanome,HAM_HAM_0002552,HAM10000,CC-BY-NC-4.0,
fitzpatrick17k_hf/images/img_9142.jpg,melanome,HAM_HAM_0001155,HAM10000,CC-BY-NC-4.0,
fitzpatrick17k_hf/images/img_9143.jpg,melanome,HAM_HAM_0006540,HAM10000,CC-BY-NC-4.0,
fitzpatrick17k_hf/images/img_9144.jpg,melanome,HAM_HAM_0002956,HAM10000,CC-BY-NC-4.0,
fitzpatrick17k_hf/images/img_9145.jpg,melanome,HAM_HAM_0003602,HAM10000,CC-BY-NC-4.0,
fitzpatrick17k_hf/images/img_9146.jpg,melanome,HAM_HAM_0002732,HAM10000,CC-BY-NC-4.0,
fitzpatrick17k_hf/images/img_9147.jpg,melanome,HAM_HAM_0004011,HAM10000,CC-BY-NC-4.0,
fitzpatrick17k_hf/images/img_9148.jpg,melanome,HAM_HAM_0006184,HAM10000,CC-BY-NC-4.0,
fitzpatrick17k_hf/images/img_9149.jpg,melanome,HAM_HAM_0001174,HAM10000,CC-BY-NC-4.0,
fitzpatrick17k_hf/images/img_9150.jpg,melanome,HAM_HAM_0004302,HAM10000,CC-BY-NC-4.0,
fitzpatrick17k_hf/images/img_9151.jpg,melanome,HAM_HAM_0007032,HAM10000,CC-BY-NC-4.0,
fitzpatrick17k_hf/images/img_9152.jpg,melanome,HAM_HAM_0004109,HAM10000,CC-BY-NC-4.0,
fitzpatrick17k_hf/images/img_9153.jpg,melanome,HAM_HAM_0003466,HAM10000,CC-BY-NC-4.0,
fitzpatrick17k_hf/images/img_9154.jpg,melanome,HAM_HAM_0002149,HAM10000,CC-BY-NC-4.0,
fitzpatrick17k_hf/images/img_9155.jpg,melanome,HAM_HAM_0002824,HAM10000,CC-BY-NC-4.0,
fitzpatrick17k_hf/images/img_9156.jpg,melanome,HAM_HAM_0003439,HAM10000,CC-BY-NC-4.0,
fitzpatrick17k_hf/images/img_9157.jpg,melanome,HAM_HAM_0001506,HAM10000,CC-BY-NC-4.0,
fitzpatrick17k_hf/images/img_9158.jpg,melanome,HAM_HAM_0001344,HAM10000,CC-BY-NC-4.0,
fitzpatrick17k_hf/images/img_9159.jpg,melanome,HAM_HAM_0001506,HAM10000,CC-BY-NC-4.0,
fitzpatrick17k_hf/images/img_9160.jpg,melanome,HAM_HAM_0005280,HAM10000,CC-BY-NC-4.0,
fitzpatrick17k_hf/images/img_9161.jpg,melanome,HAM_HAM_0002671,HAM10000,CC-BY-NC-4.0,
fitzpatrick17k_hf/images/img_9162.jpg,melanome,HAM_HAM_0000176,HAM10000,CC-BY-NC-4.0,
fitzpatrick17k_hf/images/img_9163.jpg,melanome,HAM_HAM_0005368,HAM10000,CC-BY-NC-4.0,
fitzpatrick17k_hf/images/img_9164.jpg,melanome,HAM_HAM_0007583,HAM10000,CC-BY-NC-4.0,
fitzpatrick17k_hf/images/img_9165.jpg,melanome,HAM_HAM_0000880,HAM10000,CC-BY-NC-4.0,
fitzpatrick17k_hf/images/img_9166.jpg,melanome,HAM_HAM_0003700,HAM10000,CC-BY-NC-4.0,
fitzpatrick17k_hf/images/img_9167.jpg,melanome,HAM_HAM_0000097,HAM10000,CC-BY-NC-4.0,
fitzpatrick17k_hf/images/img_9168.jpg,melanome,HAM_HAM_0000709,HAM10000,CC-BY-NC-4.0,
fitzpatrick17k_hf/images/img_9169.jpg,melanome,HAM_HAM_0005483,HAM10000,CC-BY-NC-4.0,
fitzpatrick17k_hf/images/img_9170.jpg,melanome,HAM_HAM_0007558,HAM10000,CC-BY-NC-4.0,
fitzpatrick17k_hf/images/img_9171.jpg,melanome,HAM_HAM_0004620,HAM10000,CC-BY-NC-4.0,
fitzpatrick17k_hf/images/img_9172.jpg,melanome,HAM_HAM_0001863,HAM10000,CC-BY-NC-4.0,
fitzpatrick17k_hf/images/img_9173.jpg,melanome,HAM_HAM_0004811,HAM10000,CC-BY-NC-4.0,
fitzpatrick17k_hf/images/img_9174.jpg,melanome,HAM_HAM_0005274,HAM10000,CC-BY-NC-4.0,
fitzpatrick17k_hf/images/img_9175.jpg,melanome,HAM_HAM_0001135,HAM10000,CC-BY-NC-4.0,
fitzpatrick17k_hf/images/img_9176.jpg,melanome,HAM_HAM_0005336,HAM10000,CC-BY-NC-4.0,
fitzpatrick17k_hf/images/img_9177.jpg,melanome,HAM_HAM_0005249,HAM10000,CC-BY-NC-4.0,
fitzpatrick17k_hf/images/img_9178.jpg,melanome,HAM_HAM_0003566,HAM10000,CC-BY-NC-4.0,
fitzpatrick17k_hf/images/img_9179.jpg,melanome,HAM_HAM_0006321,HAM10000,CC-BY-NC-4.0,
fitzpatrick17k_hf/images/img_9180.jpg,melanome,HAM_HAM_0003556,HAM10000,CC-BY-NC-4.0,
fitzpatrick17k_hf/images/img_9181.jpg,melanome,HAM_HAM_0001570,HAM10000,CC-BY-NC-4.0,
fitzpatrick17k_hf/images/img_9182.jpg,melanome,HAM_HAM_0005010,HAM10000,CC-BY-NC-4.0,
fitzpatrick17k_hf/images/img_9183.jpg,melanome,HAM_HAM_0000321,HAM10000,CC-BY-NC-4.0,
fitzpatrick17k_hf/images/img_9184.jpg,melanome,HAM_HAM_0000095,HAM10000,CC-BY-NC-4.0,
fitzpatrick17k_hf/images/img_9185.jpg,melanome,HAM_HAM_0005336,HAM10000,CC-BY-NC-4.0,
fitzpatrick17k_hf/images/img_9186.jpg,melanome,HAM_HAM_0001863,HAM10000,CC-BY-NC-4.0,
fitzpatrick17k_hf/images/img_9187.jpg,melanome,HAM_HAM_0002841,HAM10000,CC-BY-NC-4.0,
fitzpatrick17k_hf/images/img_9188.jpg,melanome,HAM_HAM_0004754,HAM10000,CC-BY-NC-4.0,
fitzpatrick17k_hf/images/img_9189.jpg,melanome,HAM_HAM_0006886,HAM10000,CC-BY-NC-4.0,
fitzpatrick17k_hf/images/img_9190.jpg,melanome,HAM_HAM_0004284,HAM10000,CC-BY-NC-4.0,
fitzpatrick17k_hf/images/img_9191.jpg,melanome,HAM_HAM_0001465,HAM10000,CC-BY-NC-4.0,
fitzpatrick17k_hf/images/img_9192.jpg,melanome,HAM_HAM_0000611,HAM10000,CC-BY-NC-4.0,
fitzpatrick17k_hf/images/img_9193.jpg,melanome,HAM_HAM_0005141,HAM10000,CC-BY-NC-4.0,
fitzpatrick17k_hf/images/img_9194.jpg,melanome,HAM_HAM_0000799,HAM10000,CC-BY-NC-4.0,
fitzpatrick17k_hf/images/img_9195.jpg,melanome,HAM_HAM_0002552,HAM10000,CC-BY-NC-4.0,
fitzpatrick17k_hf/images/img_9196.jpg,melanome,HAM_HAM_0007574,HAM10000,CC-BY-NC-4.0,
fitzpatrick17k_hf/images/img_9197.jpg,melanome,HAM_HAM_0006321,HAM10000,CC-BY-NC-4.0,
fitzpatrick17k_hf/images/img_9198.jpg,melanome,HAM_HAM_0005303,HAM10000,CC-BY-NC-4.0,
fitzpatrick17k_hf/images/img_9199.jpg,melanome,HAM_HAM_0006545,HAM10000,CC-BY-NC-4.0,
fitzpatrick17k_hf/images/img_9200.jpg,melanome,HAM_HAM_0004754,HAM10000,CC-BY-NC-4.0,
fitzpatrick17k_hf/images/img_9201.jpg,melanome,HAM_HAM_0004011,HAM10000,CC-BY-NC-4.0,
fitzpatrick17k_hf/images/img_9202.jpg,melanome,HAM_HAM_0005274,HAM10000,CC-BY-NC-4.0,
fitzpatrick17k_hf/images/img_9203.jpg,melanome,HAM_HAM_0007086,HAM10000,CC-BY-NC-4.0,
fitzpatrick17k_hf/images/img_9204.jpg,melanome,HAM_HAM_0007163,HAM10000,CC-BY-NC-4.0,
fitzpatrick17k_hf/images/img_9205.jpg,melanome,HAM_HAM_0006189,HAM10000,CC-BY-NC-4.0,
fitzpatrick17k_hf/images/img_9206.jpg,melanome,HAM_HAM_0007180,HAM10000,CC-BY-NC-4.0,
fitzpatrick17k_hf/images/img_9207.jpg,melanome,HAM_HAM_0006330,HAM10000,CC-BY-NC-4.0,
fitzpatrick17k_hf/images/img_9208.jpg,melanome,HAM_HAM_0003280,HAM10000,CC-BY-NC-4.0,
fitzpatrick17k_hf/images/img_9209.jpg,melanome,HAM_HAM_0003983,HAM10000,CC-BY-NC-4.0,
fitzpatrick17k_hf/images/img_9210.jpg,melanome,HAM_HAM_0006802,HAM10000,CC-BY-NC-4.0,
fitzpatrick17k_hf/images/img_9211.jpg,melanome,HAM_HAM_0005758,HAM10000,CC-BY-NC-4.0,
fitzpatrick17k_hf/images/img_9212.jpg,melanome,HAM_HAM_0001928,HAM10000,CC-BY-NC-4.0,
fitzpatrick17k_hf/images/img_9213.jpg,melanome,HAM_HAM_0000107,HAM10000,CC-BY-NC-4.0,
fitzpatrick17k_hf/images/img_9214.jpg,melanome,HAM_HAM_0003700,HAM10000,CC-BY-NC-4.0,
fitzpatrick17k_hf/images/img_9215.jpg,melanome,HAM_HAM_0005040,HAM10000,CC-BY-NC-4.0,
fitzpatrick17k_hf/images/img_9216.jpg,melanome,HAM_HAM_0004998,HAM10000,CC-BY-NC-4.0,
fitzpatrick17k_hf/images/img_9217.jpg,melanome,HAM_HAM_0000119,HAM10000,CC-BY-NC-4.0,
fitzpatrick17k_hf/images/img_9218.jpg,melanome,HAM_HAM_0007117,HAM10000,CC-BY-NC-4.0,
fitzpatrick17k_hf/images/img_9219.jpg,melanome,HAM_HAM_0000662,HAM10000,CC-BY-NC-4.0,
fitzpatrick17k_hf/images/img_9220.jpg,melanome,HAM_HAM_0005249,HAM10000,CC-BY-NC-4.0,
fitzpatrick17k_hf/images/img_9221.jpg,melanome,HAM_HAM_0005608,HAM10000,CC-BY-NC-4.0,
fitzpatrick17k_hf/images/img_9222.jpg,melanome,HAM_HAM_0004304,HAM10000,CC-BY-NC-4.0,
fitzpatrick17k_hf/images/img_9223.jpg,melanome,HAM_HAM_0005777,HAM10000,CC-BY-NC-4.0,
fitzpatrick17k_hf/images/img_9224.jpg,melanome,HAM_HAM_0006445,HAM10000,CC-BY-NC-4.0,
fitzpatrick17k_hf/images/img_9225.jpg,melanome,HAM_HAM_0003506,HAM10000,CC-BY-NC-4.0,
fitzpatrick17k_hf/images/img_9226.jpg,melanome,HAM_HAM_0005581,HAM10000,CC-BY-NC-4.0,
fitzpatrick17k_hf/images/img_9227.jpg,melanome,HAM_HAM_0006540,HAM10000,CC-BY-NC-4.0,
fitzpatrick17k_hf/images/img_9228.jpg,melanome,HAM_HAM_0007234,HAM10000,CC-BY-NC-4.0,
fitzpatrick17k_hf/images/img_9229.jpg,melanome,HAM_HAM_0005809,HAM10000,CC-BY-NC-4.0,
fitzpatrick17k_hf/images/img_9230.jpg,melanome,HAM_HAM_0007343,HAM10000,CC-BY-NC-4.0,
fitzpatrick17k_hf/images/img_9231.jpg,melanome,HAM_HAM_0004056,HAM10000,CC-BY-NC-4.0,
fitzpatrick17k_hf/images/img_9232.jpg,melanome,HAM_HAM_0001105,HAM10000,CC-BY-NC-4.0,
fitzpatrick17k_hf/images/img_9233.jpg,melanome,HAM_HAM_0003174,HAM10000,CC-BY-NC-4.0,
fitzpatrick17k_hf/images/img_9234.jpg,melanome,HAM_HAM_0002617,HAM10000,CC-BY-NC-4.0,
fitzpatrick17k_hf/images/img_9235.jpg,melanome,HAM_HAM_0004844,HAM10000,CC-BY-NC-4.0,
fitzpatrick17k_hf/images/img_9236.jpg,melanome,HAM_HAM_0003759,HAM10000,CC-BY-NC-4.0,
fitzpatrick17k_hf/images/img_9237.jpg,melanome,HAM_HAM_0003506,HAM10000,CC-BY-NC-4.0,
fitzpatrick17k_hf/images/img_9238.jpg,melanome,HAM_HAM_0004927,HAM10000,CC-BY-NC-4.0,
fitzpatrick17k_hf/images/img_9239.jpg,melanome,HAM_HAM_0003386,HAM10000,CC-BY-NC-4.0,
fitzpatrick17k_hf/images/img_9240.jpg,melanome,HAM_HAM_0000079,HAM10000,CC-BY-NC-4.0,
fitzpatrick17k_hf/images/img_9241.jpg,melanome,HAM_HAM_0001143,HAM10000,CC-BY-NC-4.0,
fitzpatrick17k_hf/images/img_9242.jpg,melanome,HAM_HAM_0003083,HAM10000,CC-BY-NC-4.0,
fitzpatrick17k_hf/images/img_9243.jpg,melanome,HAM_HAM_0003625,HAM10000,CC-BY-NC-4.0,
fitzpatrick17k_hf/images/img_9244.jpg,melanome,HAM_HAM_0000206,HAM10000,CC-BY-NC-4.0,
fitzpatrick17k_hf/images/img_9245.jpg,melanome,HAM_HAM_0005893,HAM10000,CC-BY-NC-4.0,
fitzpatrick17k_hf/images/img_9246.jpg,melanome,HAM_HAM_0000392,HAM10000,CC-BY-NC-4.0,
fitzpatrick17k_hf/images/img_9247.jpg,melanome,HAM_HAM_0003073,HAM10000,CC-BY-NC-4.0,
fitzpatrick17k_hf/images/img_9248.jpg,melanome,HAM_HAM_0003386,HAM10000,CC-BY-NC-4.0,
fitzpatrick17k_hf/images/img_9249.jpg,melanome,HAM_HAM_0006437,HAM10000,CC-BY-NC-4.0,
fitzpatrick17k_hf/images/img_9250.jpg,melanome,HAM_HAM_0003421,HAM10000,CC-BY-NC-4.0,
fitzpatrick17k_hf/images/img_9251.jpg,melanome,HAM_HAM_0000322,HAM10000,CC-BY-NC-4.0,
fitzpatrick17k_hf/images/img_9252.jpg,melanome,HAM_HAM_0002824,HAM10000,CC-BY-NC-4.0,
fitzpatrick17k_hf/images/img_9253.jpg,melanome,HAM_HAM_0007021,HAM10000,CC-BY-NC-4.0,
fitzpatrick17k_hf/images/img_9254.jpg,melanome,HAM_HAM_0004321,HAM10000,CC-BY-NC-4.0,
fitzpatrick17k_hf/images/img_9255.jpg,melanome,HAM_HAM_0003556,HAM10000,CC-BY-NC-4.0,
fitzpatrick17k_hf/images/img_9256.jpg,melanome,HAM_HAM_0005673,HAM10000,CC-BY-NC-4.0,
fitzpatrick17k_hf/images/img_9257.jpg,melanome,HAM_HAM_0001734,HAM10000,CC-BY-NC-4.0,
fitzpatrick17k_hf/images/img_9258.jpg,melanome,HAM_HAM_0002051,HAM10000,CC-BY-NC-4.0,
fitzpatrick17k_hf/images/img_9259.jpg,melanome,HAM_HAM_0004405,HAM10000,CC-BY-NC-4.0,
fitzpatrick17k_hf/images/img_9260.jpg,melanome,HAM_HAM_0002952,HAM10000,CC-BY-NC-4.0,
fitzpatrick17k_hf/images/img_9261.jpg,melanome,HAM_HAM_0006462,HAM10000,CC-BY-NC-4.0,
fitzpatrick17k_hf/images/img_9262.jpg,melanome,HAM_HAM_0004321,HAM10000,CC-BY-NC-4.0,
fitzpatrick17k_hf/images/img_9263.jpg,melanome,HAM_HAM_0003495,HAM10000,CC-BY-NC-4.0,
fitzpatrick17k_hf/images/img_9264.jpg,melanome,HAM_HAM_0003439,HAM10000,CC-BY-NC-4.0,
fitzpatrick17k_hf/images/img_9265.jpg,melanome,HAM_HAM_0001974,HAM10000,CC-BY-NC-4.0,
fitzpatrick17k_hf/images/img_9266.jpg,melanome,HAM_HAM_0005953,HAM10000,CC-BY-NC-4.0,
fitzpatrick17k_hf/images/img_9267.jpg,melanome,HAM_HAM_0006824,HAM10000,CC-BY-NC-4.0,
fitzpatrick17k_hf/images/img_9268.jpg,melanome,HAM_HAM_0007558,HAM10000,CC-BY-NC-4.0,
fitzpatrick17k_hf/images/img_9269.jpg,melanome,HAM_HAM_0000055,HAM10000,CC-BY-NC-4.0,
fitzpatrick17k_hf/images/img_9270.jpg,melanome,HAM_HAM_0006426,HAM10000,CC-BY-NC-4.0,
fitzpatrick17k_hf/images/img_9271.jpg,melanome,HAM_HAM_0003421,HAM10000,CC-BY-NC-4.0,
fitzpatrick17k_hf/images/img_9272.jpg,melanome,HAM_HAM_0000880,HAM10000,CC-BY-NC-4.0,
fitzpatrick17k_hf/images/img_9273.jpg,melanome,HAM_HAM_0005627,HAM10000,CC-BY-NC-4.0,
fitzpatrick17k_hf/images/img_9274.jpg,melanome,HAM_HAM_0006566,HAM10000,CC-BY-NC-4.0,
fitzpatrick17k_hf/images/img_9275.jpg,melanome,HAM_HAM_0003679,HAM10000,CC-BY-NC-4.0,
fitzpatrick17k_hf/images/img_9276.jpg,melanome,HAM_HAM_0006435,HAM10000,CC-BY-NC-4.0,
fitzpatrick17k_hf/images/img_9277.jpg,melanome,HAM_HAM_0004571,HAM10000,CC-BY-NC-4.0,
fitzpatrick17k_hf/images/img_9278.jpg,melanome,HAM_HAM_0000799,HAM10000,CC-BY-NC-4.0,
fitzpatrick17k_hf/images/img_9279.jpg,melanome,HAM_HAM_0003225,HAM10000,CC-BY-NC-4.0,
fitzpatrick17k_hf/images/img_9280.jpg,melanome,HAM_HAM_0005581,HAM10000,CC-BY-NC-4.0,
fitzpatrick17k_hf/images/img_9281.jpg,melanome,HAM_HAM_0005280,HAM10000,CC-BY-NC-4.0,
fitzpatrick17k_hf/images/img_9282.jpg,melanome,HAM_HAM_0005010,HAM10000,CC-BY-NC-4.0,
fitzpatrick17k_hf/images/img_9283.jpg,melanome,HAM_HAM_0005627,HAM10000,CC-BY-NC-4.0,
fitzpatrick17k_hf/images/img_9284.jpg,melanome,HAM_HAM_0000799,HAM10000,CC-BY-NC-4.0,
fitzpatrick17k_hf/images/img_9285.jpg,melanome,HAM_HAM_0007583,HAM10000,CC-BY-NC-4.0,
fitzpatrick17k_hf/images/img_9286.jpg,melanome,HAM_HAM_0003700,HAM10000,CC-BY-NC-4.0,
fitzpatrick17k_hf/images/img_9287.jpg,melanome,HAM_HAM_0005748,HAM10000,CC-BY-NC-4.0,
fitzpatrick17k_hf/images/img_9288.jpg,melanome,HAM_HAM_0007574,HAM10000,CC-BY-NC-4.0,
fitzpatrick17k_hf/images/img_9289.jpg,melanome,HAM_HAM_0004984,HAM10000,CC-BY-NC-4.0,
fitzpatrick17k_hf/images/img_9290.jpg,melanome,HAM_HAM_0005500,HAM10000,CC-BY-NC-4.0,
fitzpatrick17k_hf/images/img_9291.jpg,melanome,HAM_HAM_0005040,HAM10000,CC-BY-NC-4.0,
fitzpatrick17k_hf/images/img_9292.jpg,melanome,HAM_HAM_0000483,HAM10000,CC-BY-NC-4.0,
fitzpatrick17k_hf/images/img_9293.jpg,melanome,HAM_HAM_0002993,HAM10000,CC-BY-NC-4.0,
fitzpatrick17k_hf/images/img_9294.jpg,melanome,HAM_HAM_0004998,HAM10000,CC-BY-NC-4.0,
fitzpatrick17k_hf/images/img_9295.jpg,melanome,HAM_HAM_0004859,HAM10000,CC-BY-NC-4.0,
fitzpatrick17k_hf/images/img_9296.jpg,melanome,HAM_HAM_0002004,HAM10000,CC-BY-NC-4.0,
fitzpatrick17k_hf/images/img_9297.jpg,melanome,HAM_HAM_0007343,HAM10000,CC-BY-NC-4.0,
fitzpatrick17k_hf/images/img_9298.jpg,melanome,HAM_HAM_0006376,HAM10000,CC-BY-NC-4.0,
fitzpatrick17k_hf/images/img_9299.jpg,melanome,HAM_HAM_0004240,HAM10000,CC-BY-NC-4.0,
fitzpatrick17k_hf/images/img_9300.jpg,melanome,HAM_HAM_0003225,HAM10000,CC-BY-NC-4.0,
fitzpatrick17k_hf/images/img_9301.jpg,melanome,HAM_HAM_0001412,HAM10000,CC-BY-NC-4.0,
fitzpatrick17k_hf/images/img_9302.jpg,melanome,HAM_HAM_0003983,HAM10000,CC-BY-NC-4.0,
fitzpatrick17k_hf/images/img_9303.jpg,melanome,HAM_HAM_0007117,HAM10000,CC-BY-NC-4.0,
fitzpatrick17k_hf/images/img_9304.jpg,melanome,HAM_HAM_0000176,HAM10000,CC-BY-NC-4.0,
fitzpatrick17k_hf/images/img_9305.jpg,melanome,HAM_HAM_0000179,HAM10000,CC-BY-NC-4.0,
fitzpatrick17k_hf/images/img_9306.jpg,melanome,HAM_HAM_0001280,HAM10000,CC-BY-NC-4.0,
fitzpatrick17k_hf/images/img_9307.jpg,melanome,HAM_HAM_0000169,HAM10000,CC-BY-NC-4.0,
fitzpatrick17k_hf/images/img_9308.jpg,melanome,HAM_HAM_0004304,HAM10000,CC-BY-NC-4.0,
fitzpatrick17k_hf/images/img_9309.jpg,melanome,HAM_HAM_0004620,HAM10000,CC-BY-NC-4.0,
fitzpatrick17k_hf/images/img_9310.jpg,melanome,HAM_HAM_0006445,HAM10000,CC-BY-NC-4.0,
fitzpatrick17k_hf/images/img_9311.jpg,melanome,HAM_HAM_0001928,HAM10000,CC-BY-NC-4.0,
fitzpatrick17k_hf/images/img_9312.jpg,melanome,HAM_HAM_0005256,HAM10000,CC-BY-NC-4.0,
fitzpatrick17k_hf/images/img_9313.jpg,melanome,HAM_HAM_0001647,HAM10000,CC-BY-NC-4.0,
fitzpatrick17k_hf/images/img_9314.jpg,melanome,HAM_HAM_0000079,HAM10000,CC-BY-NC-4.0,
fitzpatrick17k_hf/images/img_9315.jpg,melanome,HAM_HAM_0004687,HAM10000,CC-BY-NC-4.0,
fitzpatrick17k_hf/images/img_9316.jpg,melanome,HAM_HAM_0004109,HAM10000,CC-BY-NC-4.0,
fitzpatrick17k_hf/images/img_9317.jpg,melanome,HAM_HAM_0005711,HAM10000,CC-BY-NC-4.0,
fitzpatrick17k_hf/images/img_9318.jpg,melanome,HAM_HAM_0000611,HAM10000,CC-BY-NC-4.0,
fitzpatrick17k_hf/images/img_9319.jpg,melanome,HAM_HAM_0003625,HAM10000,CC-BY-NC-4.0,
fitzpatrick17k_hf/images/img_9320.jpg,melanome,HAM_HAM_0000611,HAM10000,CC-BY-NC-4.0,
fitzpatrick17k_hf/images/img_9321.jpg,melanome,HAM_HAM_0005040,HAM10000,CC-BY-NC-4.0,
fitzpatrick17k_hf/images/img_9322.jpg,melanome,HAM_HAM_0001974,HAM10000,CC-BY-NC-4.0,
fitzpatrick17k_hf/images/img_9323.jpg,melanome,HAM_HAM_0004859,HAM10000,CC-BY-NC-4.0,
fitzpatrick17k_hf/images/img_9324.jpg,melanome,HAM_HAM_0000423,HAM10000,CC-BY-NC-4.0,
fitzpatrick17k_hf/images/img_9325.jpg,melanome,HAM_HAM_0002086,HAM10000,CC-BY-NC-4.0,
fitzpatrick17k_hf/images/img_9326.jpg,melanome,HAM_HAM_0000388,HAM10000,CC-BY-NC-4.0,
fitzpatrick17k_hf/images/img_9327.jpg,melanome,HAM_HAM_0002086,HAM10000,CC-BY-NC-4.0,
fitzpatrick17k_hf/images/img_9328.jpg,melanome,HAM_HAM_0007343,HAM10000,CC-BY-NC-4.0,
fitzpatrick17k_hf/images/img_9329.jpg,melanome,HAM_HAM_0001412,HAM10000,CC-BY-NC-4.0,
fitzpatrick17k_hf/images/img_9330.jpg,melanome,HAM_HAM_0002952,HAM10000,CC-BY-NC-4.0,
fitzpatrick17k_hf/images/img_9331.jpg,melanome,HAM_HAM_0000002,HAM10000,CC-BY-NC-4.0,
fitzpatrick17k_hf/images/img_9332.jpg,melanome,HAM_HAM_0002377,HAM10000,CC-BY-NC-4.0,
fitzpatrick17k_hf/images/img_9333.jpg,melanome,HAM_HAM_0007086,HAM10000,CC-BY-NC-4.0,
fitzpatrick17k_hf/images/img_9334.jpg,melanome,HAM_HAM_0000064,HAM10000,CC-BY-NC-4.0,
fitzpatrick17k_hf/images/img_9335.jpg,melanome,HAM_HAM_0006101,HAM10000,CC-BY-NC-4.0,
fitzpatrick17k_hf/images/img_9336.jpg,melanome,HAM_HAM_0002732,HAM10000,CC-BY-NC-4.0,
fitzpatrick17k_hf/images/img_9337.jpg,melanome,HAM_HAM_0003351,HAM10000,CC-BY-NC-4.0,
fitzpatrick17k_hf/images/img_9338.jpg,melanome,HAM_HAM_0005545,HAM10000,CC-BY-NC-4.0,
fitzpatrick17k_hf/images/img_9339.jpg,melanome,HAM_HAM_0004949,HAM10000,CC-BY-NC-4.0,
fitzpatrick17k_hf/images/img_9340.jpg,melanome,HAM_HAM_0005737,HAM10000,CC-BY-NC-4.0,
fitzpatrick17k_hf/images/img_9341.jpg,melanome,HAM_HAM_0003556,HAM10000,CC-BY-NC-4.0,
fitzpatrick17k_hf/images/img_9342.jpg,melanome,HAM_HAM_0001280,HAM10000,CC-BY-NC-4.0,
fitzpatrick17k_hf/images/img_9343.jpg,melanome,HAM_HAM_0002342,HAM10000,CC-BY-NC-4.0,
fitzpatrick17k_hf/images/img_9344.jpg,melanome,HAM_HAM_0000048,HAM10000,CC-BY-NC-4.0,
fitzpatrick17k_hf/images/img_9345.jpg,melanome,HAM_HAM_0000042,HAM10000,CC-BY-NC-4.0,
fitzpatrick17k_hf/images/img_9346.jpg,melanome,HAM_HAM_0005711,HAM10000,CC-BY-NC-4.0,
fitzpatrick17k_hf/images/img_9347.jpg,melanome,HAM_HAM_0005490,HAM10000,CC-BY-NC-4.0,
fitzpatrick17k_hf/images/img_9348.jpg,melanome,HAM_HAM_0003280,HAM10000,CC-BY-NC-4.0,
fitzpatrick17k_hf/images/img_9349.jpg,melanome,HAM_HAM_0000322,HAM10000,CC-BY-NC-4.0,
fitzpatrick17k_hf/images/img_9350.jpg,melanome,HAM_HAM_0007343,HAM10000,CC-BY-NC-4.0,
fitzpatrick17k_hf/images/img_9351.jpg,melanome,HAM_HAM_0005545,HAM10000,CC-BY-NC-4.0,
fitzpatrick17k_hf/images/img_9352.jpg,melanome,HAM_HAM_0006886,HAM10000,CC-BY-NC-4.0,
fitzpatrick17k_hf/images/img_9353.jpg,melanome,HAM_HAM_0000662,HAM10000,CC-BY-NC-4.0,
fitzpatrick17k_hf/images/img_9354.jpg,melanome,HAM_HAM_0002617,HAM10000,CC-BY-NC-4.0,
fitzpatrick17k_hf/images/img_9355.jpg,melanome,HAM_HAM_0005010,HAM10000,CC-BY-NC-4.0,
fitzpatrick17k_hf/images/img_9356.jpg,melanome,HAM_HAM_0001506,HAM10000,CC-BY-NC-4.0,
fitzpatrick17k_hf/images/img_9357.jpg,melanome,HAM_HAM_0002939,HAM10000,CC-BY-NC-4.0,
fitzpatrick17k_hf/images/img_9358.jpg,melanome,HAM_HAM_0003983,HAM10000,CC-BY-NC-4.0,
fitzpatrick17k_hf/images/img_9359.jpg,melanome,HAM_HAM_0004129,HAM10000,CC-BY-NC-4.0,
fitzpatrick17k_hf/images/img_9360.jpg,melanome,HAM_HAM_0003602,HAM10000,CC-BY-NC-4.0,
fitzpatrick17k_hf/images/img_9361.jpg,melanome,HAM_HAM_0000042,HAM10000,CC-BY-NC-4.0,
fitzpatrick17k_hf/images/img_9362.jpg,melanome,HAM_HAM_0006321,HAM10000,CC-BY-NC-4.0,
fitzpatrick17k_hf/images/img_9363.jpg,melanome,HAM_HAM_0003602,HAM10000,CC-BY-NC-4.0,
fitzpatrick17k_hf/images/img_9364.jpg,melanome,HAM_HAM_0005673,HAM10000,CC-BY-NC-4.0,
fitzpatrick17k_hf/images/img_9365.jpg,melanome,HAM_HAM_0002377,HAM10000,CC-BY-NC-4.0,
fitzpatrick17k_hf/images/img_9366.jpg,melanome,HAM_HAM_0001793,HAM10000,CC-BY-NC-4.0,
fitzpatrick17k_hf/images/img_9367.jpg,melanome,HAM_HAM_0004129,HAM10000,CC-BY-NC-4.0,
fitzpatrick17k_hf/images/img_9368.jpg,melanome,HAM_HAM_0006763,HAM10000,CC-BY-NC-4.0,
fitzpatrick17k_hf/images/img_9369.jpg,melanome,HAM_HAM_0000709,HAM10000,CC-BY-NC-4.0,
fitzpatrick17k_hf/images/img_9370.jpg,melanome,HAM_HAM_0006011,HAM10000,CC-BY-NC-4.0,
fitzpatrick17k_hf/images/img_9371.jpg,melanome,HAM_HAM_0002732,HAM10000,CC-BY-NC-4.0,
fitzpatrick17k_hf/images/img_9372.jpg,melanome,HAM_HAM_0006462,HAM10000,CC-BY-NC-4.0,
fitzpatrick17k_hf/images/img_9373.jpg,melanome,HAM_HAM_0005141,HAM10000,CC-BY-NC-4.0,
fitzpatrick17k_hf/images/img_9374.jpg,melanome,HAM_HAM_0003843,HAM10000,CC-BY-NC-4.0,
fitzpatrick17k_hf/images/img_9375.jpg,melanome,HAM_HAM_0000179,HAM10000,CC-BY-NC-4.0,
fitzpatrick17k_hf/images/img_9376.jpg,melanome,HAM_HAM_0000042,HAM10000,CC-BY-NC-4.0,
fitzpatrick17k_hf/images/img_9377.jpg,melanome,HAM_HAM_0007589,HAM10000,CC-BY-NC-4.0,
fitzpatrick17k_hf/images/img_9378.jpg,melanome,HAM_HAM_0002723,HAM10000,CC-BY-NC-4.0,
fitzpatrick17k_hf/images/img_9379.jpg,melanome,HAM_HAM_0004056,HAM10000,CC-BY-NC-4.0,
fitzpatrick17k_hf/images/img_9380.jpg,melanome,HAM_HAM_0003566,HAM10000,CC-BY-NC-4.0,
fitzpatrick17k_hf/images/img_9381.jpg,melanome,HAM_HAM_0005280,HAM10000,CC-BY-NC-4.0,
fitzpatrick17k_hf/images/img_9382.jpg,melanome,HAM_HAM_0000553,HAM10000,CC-BY-NC-4.0,
fitzpatrick17k_hf/images/img_9383.jpg,melanome,HAM_HAM_0004914,HAM10000,CC-BY-NC-4.0,
fitzpatrick17k_hf/images/img_9384.jpg,melanome,HAM_HAM_0002235,HAM10000,CC-BY-NC-4.0,
fitzpatrick17k_hf/images/img_9385.jpg,melanome,HAM_HAM_0005748,HAM10000,CC-BY-NC-4.0,
fitzpatrick17k_hf/images/img_9386.jpg,melanome,HAM_HAM_0003335,HAM10000,CC-BY-NC-4.0,
fitzpatrick17k_hf/images/img_9387.jpg,melanome,HAM_HAM_0006435,HAM10000,CC-BY-NC-4.0,
fitzpatrick17k_hf/images/img_9388.jpg,melanome,HAM_HAM_0001465,HAM10000,CC-BY-NC-4.0,
fitzpatrick17k_hf/images/img_9389.jpg,melanome,HAM_HAM_0006517,HAM10000,CC-BY-NC-4.0,
fitzpatrick17k_hf/images/img_9390.jpg,melanome,HAM_HAM_0007117,HAM10000,CC-BY-NC-4.0,
fitzpatrick17k_hf/images/img_9391.jpg,melanome,HAM_HAM_0005368,HAM10000,CC-BY-NC-4.0,
fitzpatrick17k_hf/images/img_9392.jpg,melanome,HAM_HAM_0007574,HAM10000,CC-BY-NC-4.0,
fitzpatrick17k_hf/images/img_9393.jpg,melanome,HAM_HAM_0007021,HAM10000,CC-BY-NC-4.0,
fitzpatrick17k_hf/images/img_9394.jpg,melanome,HAM_HAM_0003421,HAM10000,CC-BY-NC-4.0,
fitzpatrick17k_hf/images/img_9395.jpg,melanome,HAM_HAM_0004571,HAM10000,CC-BY-NC-4.0,
fitzpatrick17k_hf/images/img_9396.jpg,melanome,HAM_HAM_0004853,HAM10000,CC-BY-NC-4.0,
fitzpatrick17k_hf/images/img_9397.jpg,melanome,HAM_HAM_0002993,HAM10000,CC-BY-NC-4.0,
fitzpatrick17k_hf/images/img_9398.jpg,melanome,HAM_HAM_0005809,HAM10000,CC-BY-NC-4.0,
fitzpatrick17k_hf/images/img_9399.jpg,melanome,HAM_HAM_0004927,HAM10000,CC-BY-NC-4.0,
fitzpatrick17k_hf/images/img_9400.jpg,melanome,HAM_HAM_0002824,HAM10000,CC-BY-NC-4.0,
fitzpatrick17k_hf/images/img_9401.jpg,melanome,HAM_HAM_0006445,HAM10000,CC-BY-NC-4.0,
fitzpatrick17k_hf/images/img_9402.jpg,melanome,HAM_HAM_0003466,HAM10000,CC-BY-NC-4.0,
fitzpatrick17k_hf/images/img_9403.jpg,melanome,HAM_HAM_0006184,HAM10000,CC-BY-NC-4.0,
fitzpatrick17k_hf/images/img_9404.jpg,melanome,HAM_HAM_0005636,HAM10000,CC-BY-NC-4.0,
fitzpatrick17k_hf/images/img_9405.jpg,melanome,HAM_HAM_0000483,HAM10000,CC-BY-NC-4.0,
fitzpatrick17k_hf/images/img_9406.jpg,melanome,HAM_HAM_0004949,HAM10000,CC-BY-NC-4.0,
fitzpatrick17k_hf/images/img_9407.jpg,melanome,HAM_HAM_0006011,HAM10000,CC-BY-NC-4.0,
fitzpatrick17k_hf/images/img_9408.jpg,melanome,HAM_HAM_0000553,HAM10000,CC-BY-NC-4.0,
fitzpatrick17k_hf/images/img_9409.jpg,melanome,HAM_HAM_0000006,HAM10000,CC-BY-NC-4.0,
fitzpatrick17k_hf/images/img_9410.jpg,melanome,HAM_HAM_0004914,HAM10000,CC-BY-NC-4.0,
fitzpatrick17k_hf/images/img_9411.jpg,melanome,HAM_HAM_0002617,HAM10000,CC-BY-NC-4.0,
fitzpatrick17k_hf/images/img_9412.jpg,melanome,HAM_HAM_0005021,HAM10000,CC-BY-NC-4.0,
fitzpatrick17k_hf/images/img_9413.jpg,melanome,HAM_HAM_0007086,HAM10000,CC-BY-NC-4.0,
fitzpatrick17k_hf/images/img_9414.jpg,melanome,HAM_HAM_0003073,HAM10000,CC-BY-NC-4.0,
fitzpatrick17k_hf/images/img_9415.jpg,melanome,HAM_HAM_0003506,HAM10000,CC-BY-NC-4.0,
fitzpatrick17k_hf/images/img_9416.jpg,melanome,HAM_HAM_0007032,HAM10000,CC-BY-NC-4.0,
fitzpatrick17k_hf/images/img_9417.jpg,melanome,HAM_HAM_0007583,HAM10000,CC-BY-NC-4.0,
fitzpatrick17k_hf/images/img_9418.jpg,melanome,HAM_HAM_0005777,HAM10000,CC-BY-NC-4.0,
fitzpatrick17k_hf/images/img_9419.jpg,melanome,HAM_HAM_0007558,HAM10000,CC-BY-NC-4.0,
fitzpatrick17k_hf/images/img_9420.jpg,melanome,HAM_HAM_0003843,HAM10000,CC-BY-NC-4.0,
fitzpatrick17k_hf/images/img_9421.jpg,melanome,HAM_HAM_0002671,HAM10000,CC-BY-NC-4.0,
fitzpatrick17k_hf/images/img_9422.jpg,melanome,HAM_HAM_0002235,HAM10000,CC-BY-NC-4.0,
fitzpatrick17k_hf/images/img_9423.jpg,melanome,HAM_HAM_0004844,HAM10000,CC-BY-NC-4.0,
fitzpatrick17k_hf/images/img_9424.jpg,melanome,HAM_HAM_0005893,HAM10000,CC-BY-NC-4.0,
fitzpatrick17k_hf/images/img_9425.jpg,melanome,HAM_HAM_0004578,HAM10000,CC-BY-NC-4.0,
fitzpatrick17k_hf/images/img_9426.jpg,melanome,HAM_HAM_0002723,HAM10000,CC-BY-NC-4.0,
fitzpatrick17k_hf/images/img_9427.jpg,melanome,HAM_HAM_0000002,HAM10000,CC-BY-NC-4.0,
fitzpatrick17k_hf/images/img_9428.jpg,melanome,HAM_HAM_0006097,HAM10000,CC-BY-NC-4.0,
fitzpatrick17k_hf/images/img_9429.jpg,melanome,HAM_HAM_0005636,HAM10000,CC-BY-NC-4.0,
fitzpatrick17k_hf/images/img_9430.jpg,melanome,HAM_HAM_0000097,HAM10000,CC-BY-NC-4.0,
fitzpatrick17k_hf/images/img_9431.jpg,melanome,HAM_HAM_0002671,HAM10000,CC-BY-NC-4.0,
fitzpatrick17k_hf/images/img_9432.jpg,melanome,HAM_HAM_0000662,HAM10000,CC-BY-NC-4.0,
fitzpatrick17k_hf/images/img_9433.jpg,melanome,HAM_HAM_0000392,HAM10000,CC-BY-NC-4.0,
fitzpatrick17k_hf/images/img_9434.jpg,melanome,HAM_HAM_0004240,HAM10000,CC-BY-NC-4.0,
fitzpatrick17k_hf/images/img_9435.jpg,melanome,HAM_HAM_0004578,HAM10000,CC-BY-NC-4.0,
fitzpatrick17k_hf/images/img_9436.jpg,melanome,HAM_HAM_0006545,HAM10000,CC-BY-NC-4.0,
fitzpatrick17k_hf/images/img_9437.jpg,melanome,HAM_HAM_0007032,HAM10000,CC-BY-NC-4.0,
fitzpatrick17k_hf/images/img_9438.jpg,melanome,HAM_HAM_0003679,HAM10000,CC-BY-NC-4.0,
fitzpatrick17k_hf/images/img_9439.jpg,melanome,HAM_HAM_0004304,HAM10000,CC-BY-NC-4.0,
fitzpatrick17k_hf/images/img_9440.jpg,melanome,HAM_HAM_0006376,HAM10000,CC-BY-NC-4.0,
fitzpatrick17k_hf/images/img_9441.jpg,lesion_vasculaire,HAM_HAM_0001780,HAM10000,CC-BY-NC-4.0,
fitzpatrick17k_hf/images/img_9442.jpg,lesion_vasculaire,HAM_HAM_0005245,HAM10000,CC-BY-NC-4.0,
fitzpatrick17k_hf/images/img_9443.jpg,lesion_vasculaire,HAM_HAM_0004542,HAM10000,CC-BY-NC-4.0,
fitzpatrick17k_hf/images/img_9444.jpg,lesion_vasculaire,HAM_HAM_0003873,HAM10000,CC-BY-NC-4.0,
fitzpatrick17k_hf/images/img_9445.jpg,lesion_vasculaire,HAM_HAM_0007532,HAM10000,CC-BY-NC-4.0,
fitzpatrick17k_hf/images/img_9446.jpg,lesion_vasculaire,HAM_HAM_0006617,HAM10000,CC-BY-NC-4.0,
fitzpatrick17k_hf/images/img_9447.jpg,lesion_vasculaire,HAM_HAM_0001038,HAM10000,CC-BY-NC-4.0,
fitzpatrick17k_hf/images/img_9448.jpg,lesion_vasculaire,HAM_HAM_0001566,HAM10000,CC-BY-NC-4.0,
fitzpatrick17k_hf/images/img_9449.jpg,lesion_vasculaire,HAM_HAM_0007568,HAM10000,CC-BY-NC-4.0,
fitzpatrick17k_hf/images/img_9450.jpg,lesion_vasculaire,HAM_HAM_0002914,HAM10000,CC-BY-NC-4.0,
fitzpatrick17k_hf/images/img_9451.jpg,lesion_vasculaire,HAM_HAM_0000460,HAM10000,CC-BY-NC-4.0,
fitzpatrick17k_hf/images/img_9452.jpg,lesion_vasculaire,HAM_HAM_0000845,HAM10000,CC-BY-NC-4.0,
fitzpatrick17k_hf/images/img_9453.jpg,lesion_vasculaire,HAM_HAM_0002639,HAM10000,CC-BY-NC-4.0,
fitzpatrick17k_hf/images/img_9454.jpg,lesion_vasculaire,HAM_HAM_0004769,HAM10000,CC-BY-NC-4.0,
fitzpatrick17k_hf/images/img_9455.jpg,lesion_vasculaire,HAM_HAM_0005155,HAM10000,CC-BY-NC-4.0,
fitzpatrick17k_hf/images/img_9456.jpg,lesion_vasculaire,HAM_HAM_0002787,HAM10000,CC-BY-NC-4.0,
fitzpatrick17k_hf/images/img_9457.jpg,lesion_vasculaire,HAM_HAM_0004257,HAM10000,CC-BY-NC-4.0,
fitzpatrick17k_hf/images/img_9458.jpg,lesion_vasculaire,HAM_HAM_0002218,HAM10000,CC-BY-NC-4.0,
fitzpatrick17k_hf/images/img_9459.jpg,lesion_vasculaire,HAM_HAM_0005938,HAM10000,CC-BY-NC-4.0,
fitzpatrick17k_hf/images/img_9460.jpg,lesion_vasculaire,HAM_HAM_0004765,HAM10000,CC-BY-NC-4.0,
fitzpatrick17k_hf/images/img_9461.jpg,lesion_vasculaire,HAM_HAM_0005376,HAM10000,CC-BY-NC-4.0,
fitzpatrick17k_hf/images/img_9462.jpg,lesion_vasculaire,HAM_HAM_0002177,HAM10000,CC-BY-NC-4.0,
fitzpatrick17k_hf/images/img_9463.jpg,lesion_vasculaire,HAM_HAM_0005475,HAM10000,CC-BY-NC-4.0,
fitzpatrick17k_hf/images/img_9464.jpg,lesion_vasculaire,HAM_HAM_0000415,HAM10000,CC-BY-NC-4.0,
fitzpatrick17k_hf/images/img_9465.jpg,lesion_vasculaire,HAM_HAM_0006796,HAM10000,CC-BY-NC-4.0,
fitzpatrick17k_hf/images/img_9466.jpg,lesion_vasculaire,HAM_HAM_0003771,HAM10000,CC-BY-NC-4.0,
fitzpatrick17k_hf/images/img_9467.jpg,lesion_vasculaire,HAM_HAM_0006501,HAM10000,CC-BY-NC-4.0,
fitzpatrick17k_hf/images/img_9468.jpg,lesion_vasculaire,HAM_HAM_0006748,HAM10000,CC-BY-NC-4.0,
fitzpatrick17k_hf/images/img_9469.jpg,lesion_vasculaire,HAM_HAM_0004413,HAM10000,CC-BY-NC-4.0,
fitzpatrick17k_hf/images/img_9470.jpg,lesion_vasculaire,HAM_HAM_0002914,HAM10000,CC-BY-NC-4.0,
fitzpatrick17k_hf/images/img_9471.jpg,lesion_vasculaire,HAM_HAM_0003771,HAM10000,CC-BY-NC-4.0,
fitzpatrick17k_hf/images/img_9472.jpg,lesion_vasculaire,HAM_HAM_0006406,HAM10000,CC-BY-NC-4.0,
fitzpatrick17k_hf/images/img_9473.jpg,lesion_vasculaire,HAM_HAM_0003829,HAM10000,CC-BY-NC-4.0,
fitzpatrick17k_hf/images/img_9474.jpg,lesion_vasculaire,HAM_HAM_0005011,HAM10000,CC-BY-NC-4.0,
fitzpatrick17k_hf/images/img_9475.jpg,lesion_vasculaire,HAM_HAM_0006203,HAM10000,CC-BY-NC-4.0,
fitzpatrick17k_hf/images/img_9476.jpg,lesion_vasculaire,HAM_HAM_0001537,HAM10000,CC-BY-NC-4.0,
fitzpatrick17k_hf/images/img_9477.jpg,lesion_vasculaire,HAM_HAM_0006291,HAM10000,CC-BY-NC-4.0,
fitzpatrick17k_hf/images/img_9478.jpg,lesion_vasculaire,HAM_HAM_0003839,HAM10000,CC-BY-NC-4.0,
fitzpatrick17k_hf/images/img_9479.jpg,lesion_vasculaire,HAM_HAM_0006138,HAM10000,CC-BY-NC-4.0,
fitzpatrick17k_hf/images/img_9480.jpg,lesion_vasculaire,HAM_HAM_0004877,HAM10000,CC-BY-NC-4.0,
fitzpatrick17k_hf/images/img_9481.jpg,lesion_vasculaire,HAM_HAM_0006748,HAM10000,CC-BY-NC-4.0,
fitzpatrick17k_hf/images/img_9482.jpg,lesion_vasculaire,HAM_HAM_0004542,HAM10000,CC-BY-NC-4.0,
fitzpatrick17k_hf/images/img_9483.jpg,lesion_vasculaire,HAM_HAM_0005560,HAM10000,CC-BY-NC-4.0,
fitzpatrick17k_hf/images/img_9484.jpg,lesion_vasculaire,HAM_HAM_0004455,HAM10000,CC-BY-NC-4.0,
fitzpatrick17k_hf/images/img_9485.jpg,lesion_vasculaire,HAM_HAM_0007113,HAM10000,CC-BY-NC-4.0,
fitzpatrick17k_hf/images/img_9486.jpg,lesion_vasculaire,HAM_HAM_0002788,HAM10000,CC-BY-NC-4.0,
fitzpatrick17k_hf/images/img_9487.jpg,lesion_vasculaire,HAM_HAM_0001860,HAM10000,CC-BY-NC-4.0,
fitzpatrick17k_hf/images/img_9488.jpg,lesion_vasculaire,HAM_HAM_0007614,HAM10000,CC-BY-NC-4.0,
fitzpatrick17k_hf/images/img_9489.jpg,lesion_vasculaire,HAM_HAM_0004943,HAM10000,CC-BY-NC-4.0,
fitzpatrick17k_hf/images/img_9490.jpg,lesion_vasculaire,HAM_HAM_0007118,HAM10000,CC-BY-NC-4.0,
fitzpatrick17k_hf/images/img_9491.jpg,lesion_vasculaire,HAM_HAM_0004409,HAM10000,CC-BY-NC-4.0,
fitzpatrick17k_hf/images/img_9492.jpg,lesion_vasculaire,HAM_HAM_0006156,HAM10000,CC-BY-NC-4.0,
fitzpatrick17k_hf/images/img_9493.jpg,lesion_vasculaire,HAM_HAM_0006280,HAM10000,CC-BY-NC-4.0,
fitzpatrick17k_hf/images/img_9494.jpg,lesion_vasculaire,HAM_HAM_0003839,HAM10000,CC-BY-NC-4.0,
fitzpatrick17k_hf/images/img_9495.jpg,lesion_vasculaire,HAM_HAM_0005471,HAM10000,CC-BY-NC-4.0,
fitzpatrick17k_hf/images/img_9496.jpg,lesion_vasculaire,HAM_HAM_0006617,HAM10000,CC-BY-NC-4.0,
fitzpatrick17k_hf/images/img_9497.jpg,lesion_vasculaire,HAM_HAM_0004877,HAM10000,CC-BY-NC-4.0,
fitzpatrick17k_hf/images/img_9498.jpg,lesion_vasculaire,HAM_HAM_0005215,HAM10000,CC-BY-NC-4.0,
fitzpatrick17k_hf/images/img_9499.jpg,lesion_vasculaire,HAM_HAM_0004653,HAM10000,CC-BY-NC-4.0,
fitzpatrick17k_hf/images/img_9500.jpg,lesion_vasculaire,HAM_HAM_0007150,HAM10000,CC-BY-NC-4.0,
fitzpatrick17k_hf/images/img_9501.jpg,lesion_vasculaire,HAM_HAM_0005713,HAM10000,CC-BY-NC-4.0,
fitzpatrick17k_hf/images/img_9502.jpg,lesion_vasculaire,HAM_HAM_0005427,HAM10000,CC-BY-NC-4.0,
fitzpatrick17k_hf/images/img_9503.jpg,lesion_vasculaire,HAM_HAM_0000286,HAM10000,CC-BY-NC-4.0,
fitzpatrick17k_hf/images/img_9504.jpg,lesion_vasculaire,HAM_HAM_0002692,HAM10000,CC-BY-NC-4.0,
fitzpatrick17k_hf/images/img_9505.jpg,lesion_vasculaire,HAM_HAM_0002390,HAM10000,CC-BY-NC-4.0,
fitzpatrick17k_hf/images/img_9506.jpg,lesion_vasculaire,HAM_HAM_0002218,HAM10000,CC-BY-NC-4.0,
fitzpatrick17k_hf/images/img_9507.jpg,lesion_vasculaire,HAM_HAM_0001920,HAM10000,CC-BY-NC-4.0,
fitzpatrick17k_hf/images/img_9508.jpg,lesion_vasculaire,HAM_HAM_0007614,HAM10000,CC-BY-NC-4.0,
fitzpatrick17k_hf/images/img_9509.jpg,lesion_vasculaire,HAM_HAM_0000502,HAM10000,CC-BY-NC-4.0,
fitzpatrick17k_hf/images/img_9510.jpg,lesion_vasculaire,HAM_HAM_0002650,HAM10000,CC-BY-NC-4.0,
fitzpatrick17k_hf/images/img_9511.jpg,lesion_vasculaire,HAM_HAM_0006193,HAM10000,CC-BY-NC-4.0,
fitzpatrick17k_hf/images/img_9512.jpg,lesion_vasculaire,HAM_HAM_0006324,HAM10000,CC-BY-NC-4.0,
fitzpatrick17k_hf/images/img_9513.jpg,lesion_vasculaire,HAM_HAM_0007020,HAM10000,CC-BY-NC-4.0,
fitzpatrick17k_hf/images/img_9514.jpg,lesion_vasculaire,HAM_HAM_0001122,HAM10000,CC-BY-NC-4.0,
fitzpatrick17k_hf/images/img_9515.jpg,lesion_vasculaire,HAM_HAM_0002692,HAM10000,CC-BY-NC-4.0,
fitzpatrick17k_hf/images/img_9516.jpg,lesion_vasculaire,HAM_HAM_0007372,HAM10000,CC-BY-NC-4.0,
fitzpatrick17k_hf/images/img_9517.jpg,lesion_vasculaire,HAM_HAM_0002610,HAM10000,CC-BY-NC-4.0,
fitzpatrick17k_hf/images/img_9518.jpg,lesion_vasculaire,HAM_HAM_0004820,HAM10000,CC-BY-NC-4.0,
fitzpatrick17k_hf/images/img_9519.jpg,lesion_vasculaire,HAM_HAM_0002538,HAM10000,CC-BY-NC-4.0,
fitzpatrick17k_hf/images/img_9520.jpg,lesion_vasculaire,HAM_HAM_0004455,HAM10000,CC-BY-NC-4.0,
fitzpatrick17k_hf/images/img_9521.jpg,lesion_vasculaire,HAM_HAM_0005713,HAM10000,CC-BY-NC-4.0,
fitzpatrick17k_hf/images/img_9522.jpg,lesion_vasculaire,HAM_HAM_0001719,HAM10000,CC-BY-NC-4.0,
fitzpatrick17k_hf/images/img_9523.jpg,lesion_vasculaire,HAM_HAM_0000502,HAM10000,CC-BY-NC-4.0,
fitzpatrick17k_hf/images/img_9524.jpg,lesion_vasculaire,HAM_HAM_0001372,HAM10000,CC-BY-NC-4.0,
fitzpatrick17k_hf/images/img_9525.jpg,lesion_vasculaire,HAM_HAM_0006889,HAM10000,CC-BY-NC-4.0,
fitzpatrick17k_hf/images/img_9526.jpg,lesion_vasculaire,HAM_HAM_0004549,HAM10000,CC-BY-NC-4.0,
fitzpatrick17k_hf/images/img_9527.jpg,lesion_vasculaire,HAM_HAM_0005885,HAM10000,CC-BY-NC-4.0,
fitzpatrick17k_hf/images/img_9528.jpg,lesion_vasculaire,HAM_HAM_0004765,HAM10000,CC-BY-NC-4.0,
fitzpatrick17k_hf/images/img_9529.jpg,lesion_vasculaire,HAM_HAM_0006889,HAM10000,CC-BY-NC-4.0,
fitzpatrick17k_hf/images/img_9530.jpg,lesion_vasculaire,HAM_HAM_0006447,HAM10000,CC-BY-NC-4.0,
fitzpatrick17k_hf/images/img_9531.jpg,lesion_vasculaire,HAM_HAM_0001566,HAM10000,CC-BY-NC-4.0,
fitzpatrick17k_hf/images/img_9532.jpg,lesion_vasculaire,HAM_HAM_0005989,HAM10000,CC-BY-NC-4.0,
fitzpatrick17k_hf/images/img_9533.jpg,lesion_vasculaire,HAM_HAM_0000934,HAM10000,CC-BY-NC-4.0,
fitzpatrick17k_hf/images/img_9534.jpg,lesion_vasculaire,HAM_HAM_0007020,HAM10000,CC-BY-NC-4.0,
fitzpatrick17k_hf/images/img_9535.jpg,lesion_vasculaire,HAM_HAM_0003925,HAM10000,CC-BY-NC-4.0,
fitzpatrick17k_hf/images/img_9536.jpg,lesion_vasculaire,HAM_HAM_0001920,HAM10000,CC-BY-NC-4.0,
fitzpatrick17k_hf/images/img_9537.jpg,lesion_vasculaire,HAM_HAM_0005158,HAM10000,CC-BY-NC-4.0,
fitzpatrick17k_hf/images/img_9538.jpg,lesion_vasculaire,HAM_HAM_0001091,HAM10000,CC-BY-NC-4.0,
fitzpatrick17k_hf/images/img_9539.jpg,lesion_vasculaire,HAM_HAM_0003480,HAM10000,CC-BY-NC-4.0,
fitzpatrick17k_hf/images/img_9540.jpg,lesion_vasculaire,HAM_HAM_0004862,HAM10000,CC-BY-NC-4.0,
fitzpatrick17k_hf/images/img_9541.jpg,lesion_vasculaire,HAM_HAM_0005155,HAM10000,CC-BY-NC-4.0,
fitzpatrick17k_hf/images/img_9542.jpg,lesion_vasculaire,HAM_HAM_0002538,HAM10000,CC-BY-NC-4.0,
fitzpatrick17k_hf/images/img_9543.jpg,lesion_vasculaire,HAM_HAM_0005270,HAM10000,CC-BY-NC-4.0,
fitzpatrick17k_hf/images/img_9544.jpg,lesion_vasculaire,HAM_HAM_0001238,HAM10000,CC-BY-NC-4.0,
fitzpatrick17k_hf/images/img_9545.jpg,lesion_vasculaire,HAM_HAM_0004791,HAM10000,CC-BY-NC-4.0,
fitzpatrick17k_hf/images/img_9546.jpg,lesion_vasculaire,HAM_HAM_0004776,HAM10000,CC-BY-NC-4.0,
fitzpatrick17k_hf/images/img_9547.jpg,lesion_vasculaire,HAM_HAM_0006946,HAM10000,CC-BY-NC-4.0,
fitzpatrick17k_hf/images/img_9548.jpg,lesion_vasculaire,HAM_HAM_0000940,HAM10000,CC-BY-NC-4.0,
fitzpatrick17k_hf/images/img_9549.jpg,lesion_vasculaire,HAM_HAM_0006852,HAM10000,CC-BY-NC-4.0,
fitzpatrick17k_hf/images/img_9550.jpg,lesion_vasculaire,HAM_HAM_0000494,HAM10000,CC-BY-NC-4.0,
fitzpatrick17k_hf/images/img_9551.jpg,lesion_vasculaire,HAM_HAM_0003862,HAM10000,CC-BY-NC-4.0,
fitzpatrick17k_hf/images/img_9552.jpg,lesion_vasculaire,HAM_HAM_0002498,HAM10000,CC-BY-NC-4.0,
fitzpatrick17k_hf/images/img_9553.jpg,lesion_vasculaire,HAM_HAM_0006946,HAM10000,CC-BY-NC-4.0,
fitzpatrick17k_hf/images/img_9554.jpg,lesion_vasculaire,HAM_HAM_0004776,HAM10000,CC-BY-NC-4.0,
fitzpatrick17k_hf/images/img_9555.jpg,lesion_vasculaire,HAM_HAM_0003480,HAM10000,CC-BY-NC-4.0,
fitzpatrick17k_hf/images/img_9556.jpg,lesion_vasculaire,HAM_HAM_0006946,HAM10000,CC-BY-NC-4.0,
fitzpatrick17k_hf/images/img_9557.jpg,lesion_vasculaire,HAM_HAM_0002498,HAM10000,CC-BY-NC-4.0,
fitzpatrick17k_hf/images/img_9558.jpg,lesion_vasculaire,HAM_HAM_0003862,HAM10000,CC-BY-NC-4.0,
fitzpatrick17k_hf/images/img_9559.jpg,lesion_vasculaire,HAM_HAM_0000494,HAM10000,CC-BY-NC-4.0,
fitzpatrick17k_hf/images/img_9560.jpg,lesion_vasculaire,HAM_HAM_0005989,HAM10000,CC-BY-NC-4.0,
fitzpatrick17k_hf/images/img_9561.jpg,lesion_vasculaire,HAM_HAM_0004776,HAM10000,CC-BY-NC-4.0,
fitzpatrick17k_hf/images/img_9562.jpg,lesion_vasculaire,HAM_HAM_0007097,HAM10000,CC-BY-NC-4.0,
fitzpatrick17k_hf/images/img_9563.jpg,lesion_vasculaire,HAM_HAM_0005878,HAM10000,CC-BY-NC-4.0,
fitzpatrick17k_hf/images/img_9564.jpg,lesion_vasculaire,HAM_HAM_0006946,HAM10000,CC-BY-NC-4.0,
fitzpatrick17k_hf/images/img_9565.jpg,lesion_vasculaire,HAM_HAM_0005878,HAM10000,CC-BY-NC-4.0,
fitzpatrick17k_hf/images/img_9566.jpg,lesion_vasculaire,HAM_HAM_0003862,HAM10000,CC-BY-NC-4.0,
fitzpatrick17k_hf/images/img_9567.jpg,lesion_vasculaire,HAM_HAM_0005989,HAM10000,CC-BY-NC-4.0,
fitzpatrick17k_hf/images/img_9568.jpg,lesion_vasculaire,HAM_HAM_0004791,HAM10000,CC-BY-NC-4.0,
fitzpatrick17k_hf/images/img_9569.jpg,lesion_vasculaire,HAM_HAM_0000940,HAM10000,CC-BY-NC-4.0,
fitzpatrick17k_hf/images/img_9570.jpg,lesion_vasculaire,HAM_HAM_0001852,HAM10000,CC-BY-NC-4.0,
fitzpatrick17k_hf/images/img_9571.jpg,lesion_vasculaire,HAM_HAM_0007097,HAM10000,CC-BY-NC-4.0,
fitzpatrick17k_hf/images/img_9572.jpg,lesion_vasculaire,HAM_HAM_0001249,HAM10000,CC-BY-NC-4.0,
fitzpatrick17k_hf/images/img_9573.jpg,lesion_vasculaire,HAM_HAM_0003480,HAM10000,CC-BY-NC-4.0,
fitzpatrick17k_hf/images/img_9574.jpg,lesion_vasculaire,HAM_HAM_0000940,HAM10000,CC-BY-NC-4.0,
fitzpatrick17k_hf/images/img_9575.jpg,lesion_vasculaire,HAM_HAM_0001852,HAM10000,CC-BY-NC-4.0,
fitzpatrick17k_hf/images/img_9576.jpg,lesion_vasculaire,HAM_HAM_0007097,HAM10000,CC-BY-NC-4.0,
